Year,Zip_Code,Number_of_Asthma_ED_Visits,Age_Adjusted_Rate_of_Asthma_ED_V,Age_Group,County
2013,90001,441,85.1,All Ages,Los Angeles
2013,90002,425,79.1,All Ages,Los Angeles
2013,90003,594,88.1,All Ages,Los Angeles
2013,90004,270,49.5,All Ages,Los Angeles
2013,90005,128,34.6,All Ages,Los Angeles
2013,90006,252,43.4,All Ages,Los Angeles
2013,90007,185,65.3,All Ages,Los Angeles
2013,90008,304,96.7,All Ages,Los Angeles
2013,90011,707,69,All Ages,Los Angeles
2013,90012,69,29,All Ages,Los Angeles
2013,90013,118,118,All Ages,Los Angeles
2013,90014,79,113.3,All Ages,Los Angeles
2013,90015,129,72.2,All Ages,Los Angeles
2013,90016,377,81,All Ages,Los Angeles
2013,90017,146,63.8,All Ages,Los Angeles
2013,90018,341,67.5,All Ages,Los Angeles
2013,90019,366,59.1,All Ages,Los Angeles
2013,90020,112,32.9,All Ages,Los Angeles
2013,90021,58,174.4,All Ages,Los Angeles
2013,90022,436,65,All Ages,Los Angeles
2013,90023,303,62.3,All Ages,Los Angeles
2013,90024,56,21.6,All Ages,Los Angeles
2013,90025,58,15.9,All Ages,Los Angeles
2013,90026,261,42.1,All Ages,Los Angeles
2013,90027,170,41.7,All Ages,Los Angeles
2013,90028,190,76.4,All Ages,Los Angeles
2013,90029,214,57.9,All Ages,Los Angeles
2013,90031,148,35.8,All Ages,Los Angeles
2013,90032,244,53.9,All Ages,Los Angeles
2013,90033,445,91,All Ages,Los Angeles
2013,90034,153,30.9,All Ages,Los Angeles
2013,90035,73,24.6,All Ages,Los Angeles
2013,90036,93,29.2,All Ages,Los Angeles
2013,90037,522,83.9,All Ages,Los Angeles
2013,90038,97,40.4,All Ages,Los Angeles
2013,90039,131,50.2,All Ages,Los Angeles
2013,90040,85,86.1,All Ages,Los Angeles
2013,90041,102,36.3,All Ages,Los Angeles
2013,90042,267,44.3,All Ages,Los Angeles
2013,90043,459,105.2,All Ages,Los Angeles
2013,90044,979,103.5,All Ages,Los Angeles
2013,90045,113,33.2,All Ages,Los Angeles
2013,90046,99,24.7,All Ages,Los Angeles
2013,90047,575,120.4,All Ages,Los Angeles
2013,90048,43,21.1,All Ages,Los Angeles
2013,90049,29,8.2,All Ages,Los Angeles
2013,90056,26,35.6,All Ages,Los Angeles
2013,90057,214,50.3,All Ages,Los Angeles
2013,90058,38,117.5,All Ages,Los Angeles
2013,90059,430,94.2,All Ages,Los Angeles
2013,90061,263,93.9,All Ages,Los Angeles
2013,90062,312,97.2,All Ages,Los Angeles
2013,90063,287,49.9,All Ages,Los Angeles
2013,90064,52,20.5,All Ages,Los Angeles
2013,90065,271,60.9,All Ages,Los Angeles
2013,90066,143,28.9,All Ages,Los Angeles
2013,90068,31,12.4,All Ages,Los Angeles
2013,90069,40,17.4,All Ages,Los Angeles
2013,90201,462,43.7,All Ages,Los Angeles
2013,90210,38,17.1,All Ages,Los Angeles
2013,90211,20,28.2,All Ages,Los Angeles
2013,90212,20,16.6,All Ages,Los Angeles
2013,90220,439,85.8,All Ages,Los Angeles
2013,90221,420,77.6,All Ages,Los Angeles
2013,90222,303,90,All Ages,Los Angeles
2013,90230,72,24,All Ages,Los Angeles
2013,90232,40,26.6,All Ages,Los Angeles
2013,90240,85,35.2,All Ages,Los Angeles
2013,90241,217,50.8,All Ages,Los Angeles
2013,90242,205,47.1,All Ages,Los Angeles
2013,90245,35,25.7,All Ages,Los Angeles
2013,90247,349,74.7,All Ages,Los Angeles
2013,90248,52,53.8,All Ages,Los Angeles
2013,90249,200,77,All Ages,Los Angeles
2013,90250,660,66.9,All Ages,Los Angeles
2013,90254,25,13.8,All Ages,Los Angeles
2013,90255,421,58.9,All Ages,Los Angeles
2013,90260,198,56.4,All Ages,Los Angeles
2013,90262,374,53.9,All Ages,Los Angeles
2013,90265,16,11.3,All Ages,Los Angeles
2013,90266,44,13.2,All Ages,Los Angeles
2013,90270,116,43.4,All Ages,Los Angeles
2013,90272,39,17.8,All Ages,Los Angeles
2013,90274,29,11.9,All Ages,Los Angeles
2013,90275,55,14.4,All Ages,Los Angeles
2013,90277,74,24.2,All Ages,Los Angeles
2013,90278,119,31.5,All Ages,Los Angeles
2013,90280,374,39.2,All Ages,Los Angeles
2013,90291,60,26.6,All Ages,Los Angeles
2013,90292,47,24.8,All Ages,Los Angeles
2013,90301,300,80.8,All Ages,Los Angeles
2013,90302,251,86.7,All Ages,Los Angeles
2013,90303,230,88.7,All Ages,Los Angeles
2013,90304,157,54.9,All Ages,Los Angeles
2013,90305,126,85.1,All Ages,Los Angeles
2013,90401,36,57.1,All Ages,Los Angeles
2013,90403,50,22.5,All Ages,Los Angeles
2013,90404,102,50.8,All Ages,Los Angeles
2013,90405,70,31.1,All Ages,Los Angeles
2013,90501,239,55.9,All Ages,Los Angeles
2013,90502,61,37,All Ages,Los Angeles
2013,90503,112,26,All Ages,Los Angeles
2013,90504,116,39.1,All Ages,Los Angeles
2013,90505,86,26.5,All Ages,Los Angeles
2013,90601,162,51,All Ages,Los Angeles
2013,90602,164,67.3,All Ages,Los Angeles
2013,90603,100,52.5,All Ages,Los Angeles
2013,90604,240,59.5,All Ages,Los Angeles
2013,90605,234,58.1,All Ages,Los Angeles
2013,90606,157,49.5,All Ages,Los Angeles
2013,90620,194,43.6,All Ages,Orange
2013,90621,176,51.3,All Ages,Orange
2013,90623,41,28.3,All Ages,Orange
2013,90630,135,28.7,All Ages,Orange
2013,90631,303,44.4,All Ages,Orange
2013,90638,159,34.2,All Ages,Los Angeles
2013,90640,310,50.1,All Ages,Los Angeles
2013,90650,558,53.1,All Ages,Los Angeles
2013,90660,315,50.2,All Ages,Los Angeles
2013,90670,73,49,All Ages,Los Angeles
2013,90680,134,40.6,All Ages,Orange
2013,90701,57,39.4,All Ages,Los Angeles
2013,90703,187,41.9,All Ages,Los Angeles
2013,90704,20,56.2,All Ages,Los Angeles
2013,90706,500,64.6,All Ages,Los Angeles
2013,90710,126,51,All Ages,Los Angeles
2013,90712,173,60,All Ages,Los Angeles
2013,90713,102,37,All Ages,Los Angeles
2013,90715,130,66.3,All Ages,Los Angeles
2013,90716,74,50.2,All Ages,Los Angeles
2013,90717,81,38.7,All Ages,Los Angeles
2013,90720,47,24.3,All Ages,Orange
2013,90723,269,50.8,All Ages,Los Angeles
2013,90731,488,78.5,All Ages,Los Angeles
2013,90732,52,29.1,All Ages,Los Angeles
2013,90740,48,24,All Ages,Orange
2013,90744,362,66.1,All Ages,Los Angeles
2013,90745,292,52.6,All Ages,Los Angeles
2013,90746,188,82.8,All Ages,Los Angeles
2013,90755,56,58.5,All Ages,Los Angeles
2013,90802,271,67.1,All Ages,Los Angeles
2013,90803,65,22,All Ages,Los Angeles
2013,90804,293,72.8,All Ages,Los Angeles
2013,90805,751,78.7,All Ages,Los Angeles
2013,90806,373,85.9,All Ages,Los Angeles
2013,90807,127,40.8,All Ages,Los Angeles
2013,90808,63,16.7,All Ages,Los Angeles
2013,90810,235,62.6,All Ages,Los Angeles
2013,90813,727,127.6,All Ages,Los Angeles
2013,90814,42,21.8,All Ages,Los Angeles
2013,90815,87,22.5,All Ages,Los Angeles
2013,91001,132,38.4,All Ages,Los Angeles
2013,91006,55,19.4,All Ages,Los Angeles
2013,91007,63,19.4,All Ages,Los Angeles
2013,91010,115,46.4,All Ages,Los Angeles
2013,91011,26,13.4,All Ages,Los Angeles
2013,91016,136,35,All Ages,Los Angeles
2013,91020,23,27.6,All Ages,Los Angeles
2013,91024,27,28.2,All Ages,Los Angeles
2013,91030,44,16.8,All Ages,Los Angeles
2013,91040,76,36.2,All Ages,Los Angeles
2013,91042,100,40,All Ages,Los Angeles
2013,91101,28,17.1,All Ages,Los Angeles
2013,91103,144,51,All Ages,Los Angeles
2013,91104,127,34.9,All Ages,Los Angeles
2013,91105,23,22.8,All Ages,Los Angeles
2013,91106,63,32.3,All Ages,Los Angeles
2013,91107,71,23.3,All Ages,Los Angeles
2013,91108,15,11.6,All Ages,Los Angeles
2013,91201,68,32,All Ages,Los Angeles
2013,91202,63,27.5,All Ages,Los Angeles
2013,91203,30,25.1,All Ages,Los Angeles
2013,91204,136,81,All Ages,Los Angeles
2013,91205,184,50.5,All Ages,Los Angeles
2013,91206,87,28.8,All Ages,Los Angeles
2013,91207,14,18.5,All Ages,Los Angeles
2013,91208,21,12.3,All Ages,Los Angeles
2013,91214,95,35.3,All Ages,Los Angeles
2013,91301,49,21.6,All Ages,Los Angeles
2013,91302,32,12,All Ages,Los Angeles
2013,91303,143,54.3,All Ages,Los Angeles
2013,91304,295,61.3,All Ages,Los Angeles
2013,91306,242,51.7,All Ages,Los Angeles
2013,91307,78,31.2,All Ages,Los Angeles
2013,91311,127,36.1,All Ages,Los Angeles
2013,91316,93,36.6,All Ages,Los Angeles
2013,91320,86,21,All Ages,Ventura
2013,91321,123,33.3,All Ages,Los Angeles
2013,91324,135,54.9,All Ages,Los Angeles
2013,91325,166,51.6,All Ages,Los Angeles
2013,91326,81,24.7,All Ages,Los Angeles
2013,91331,677,63.1,All Ages,Los Angeles
2013,91335,462,63.6,All Ages,Los Angeles
2013,91340,275,77.8,All Ages,Los Angeles
2013,91342,589,64.4,All Ages,Los Angeles
2013,91343,451,73.4,All Ages,Los Angeles
2013,91344,219,43.4,All Ages,Los Angeles
2013,91345,125,69.1,All Ages,Los Angeles
2013,91350,104,37.9,All Ages,Los Angeles
2013,91351,141,41,All Ages,Los Angeles
2013,91352,325,73.4,All Ages,Los Angeles
2013,91354,62,22.6,All Ages,Los Angeles
2013,91355,75,23,All Ages,Los Angeles
2013,91356,122,41.5,All Ages,Los Angeles
2013,91360,108,27.8,All Ages,Ventura
2013,91361,24,10.8,All Ages,Ventura
2013,91362,71,23.1,All Ages,Ventura
2013,91364,74,29.7,All Ages,Los Angeles
2013,91367,123,31.8,All Ages,Los Angeles
2013,91377,18,14.6,All Ages,Ventura
2013,91381,25,14.2,All Ages,Los Angeles
2013,91384,75,23.4,All Ages,Los Angeles
2013,91387,142,33.7,All Ages,Los Angeles
2013,91390,25,12.1,All Ages,Los Angeles
2013,91401,188,46.3,All Ages,Los Angeles
2013,91402,646,93.1,All Ages,Los Angeles
2013,91403,61,29.6,All Ages,Los Angeles
2013,91405,462,92.2,All Ages,Los Angeles
2013,91406,352,64.9,All Ages,Los Angeles
2013,91411,135,55.1,All Ages,Los Angeles
2013,91423,61,19.5,All Ages,Los Angeles
2013,91436,29,17.8,All Ages,Los Angeles
2013,91501,72,36.5,All Ages,Los Angeles
2013,91502,36,36.3,All Ages,Los Angeles
2013,91504,82,33.7,All Ages,Los Angeles
2013,91505,91,31.1,All Ages,Los Angeles
2013,91506,63,34.2,All Ages,Los Angeles
2013,91601,191,54.2,All Ages,Los Angeles
2013,91602,37,23.9,All Ages,Los Angeles
2013,91604,63,19,All Ages,Los Angeles
2013,91605,362,65.5,All Ages,Los Angeles
2013,91606,274,66.3,All Ages,Los Angeles
2013,91607,85,30.3,All Ages,Los Angeles
2013,91701,98,25.7,All Ages,San Bernardino
2013,91702,337,54.7,All Ages,Los Angeles
2013,91706,421,55,All Ages,Los Angeles
2013,91708,35,77.9,All Ages,San Bernardino
2013,91709,147,22.3,All Ages,San Bernardino
2013,91710,324,42.2,All Ages,San Bernardino
2013,91711,99,31.8,All Ages,Los Angeles
2013,91722,166,47.5,All Ages,Los Angeles
2013,91723,109,58.4,All Ages,Los Angeles
2013,91724,144,54.6,All Ages,Los Angeles
2013,91730,246,38.6,All Ages,San Bernardino
2013,91731,145,51,All Ages,Los Angeles
2013,91732,362,56.7,All Ages,Los Angeles
2013,91733,217,46.3,All Ages,Los Angeles
2013,91737,58,25.5,All Ages,San Bernardino
2013,91739,102,29.6,All Ages,San Bernardino
2013,91740,115,48,All Ages,Los Angeles
2013,91741,69,27.4,All Ages,Los Angeles
2013,91744,509,60.3,All Ages,Los Angeles
2013,91745,184,36.1,All Ages,Los Angeles
2013,91746,145,46.1,All Ages,Los Angeles
2013,91748,101,24.3,All Ages,Los Angeles
2013,91750,96,30.2,All Ages,Los Angeles
2013,91752,129,39,All Ages,Riverside
2013,91754,92,31.1,All Ages,Los Angeles
2013,91755,56,24.1,All Ages,Los Angeles
2013,91761,271,45,All Ages,San Bernardino
2013,91762,330,56.8,All Ages,San Bernardino
2013,91763,234,60.9,All Ages,San Bernardino
2013,91764,387,67.7,All Ages,San Bernardino
2013,91765,101,24.1,All Ages,Los Angeles
2013,91766,428,59.8,All Ages,Los Angeles
2013,91767,334,69.8,All Ages,Los Angeles
2013,91768,231,64.9,All Ages,Los Angeles
2013,91770,201,34.3,All Ages,Los Angeles
2013,91773,113,37.1,All Ages,Los Angeles
2013,91775,56,24,All Ages,Los Angeles
2013,91776,86,22.9,All Ages,Los Angeles
2013,91780,74,23,All Ages,Los Angeles
2013,91784,62,25.8,All Ages,San Bernardino
2013,91786,366,68.6,All Ages,San Bernardino
2013,91789,94,27,All Ages,Los Angeles
2013,91790,212,47.1,All Ages,Los Angeles
2013,91791,105,35.2,All Ages,Los Angeles
2013,91792,112,35.3,All Ages,Los Angeles
2013,91801,159,33.7,All Ages,Los Angeles
2013,91803,92,34,All Ages,Los Angeles
2013,91901,52,34.9,All Ages,San Diego
2013,91902,55,33.4,All Ages,San Diego
2013,91906,25,74.7,All Ages,San Diego
2013,91910,375,50.6,All Ages,San Diego
2013,91911,528,61.9,All Ages,San Diego
2013,91913,100,25.8,All Ages,San Diego
2013,91914,24,17.4,All Ages,San Diego
2013,91915,57,21,All Ages,San Diego
2013,91932,147,56.1,All Ages,San Diego
2013,91941,117,34.7,All Ages,San Diego
2013,91942,148,61.6,All Ages,San Diego
2013,91945,168,65.2,All Ages,San Diego
2013,91950,415,71.8,All Ages,San Diego
2013,91977,362,61.2,All Ages,San Diego
2013,91978,17,19.7,All Ages,San Diego
2013,92007,29,32.6,All Ages,San Diego
2013,92008,61,24.1,All Ages,San Diego
2013,92009,58,13.7,All Ages,San Diego
2013,92010,39,27.8,All Ages,San Diego
2013,92011,34,15.7,All Ages,San Diego
2013,92014,15,17.5,All Ages,San Diego
2013,92019,134,31.3,All Ages,San Diego
2013,92020,303,51,All Ages,San Diego
2013,92021,300,49.8,All Ages,San Diego
2013,92024,74,15.5,All Ages,San Diego
2013,92025,171,35.1,All Ages,San Diego
2013,92026,110,21.5,All Ages,San Diego
2013,92027,177,32.1,All Ages,San Diego
2013,92028,150,25.7,All Ages,San Diego
2013,92029,31,17.3,All Ages,San Diego
2013,92037,50,15.4,All Ages,San Diego
2013,92040,157,37.2,All Ages,San Diego
2013,92054,192,48.7,All Ages,San Diego
2013,92056,173,34.9,All Ages,San Diego
2013,92057,193,34.7,All Ages,San Diego
2013,92058,141,44.5,All Ages,San Diego
2013,92064,95,20.8,All Ages,San Diego
2013,92065,78,22.9,All Ages,San Diego
2013,92069,106,23,All Ages,San Diego
2013,92071,177,32.8,All Ages,San Diego
2013,92075,18,17,All Ages,San Diego
2013,92078,95,21.4,All Ages,San Diego
2013,92081,64,25.4,All Ages,San Diego
2013,92082,41,22.2,All Ages,San Diego
2013,92083,206,57.9,All Ages,San Diego
2013,92084,193,40.8,All Ages,San Diego
2013,92086,12,96.2,All Ages,San Diego
2013,92101,222,68.6,All Ages,San Diego
2013,92102,319,77,All Ages,San Diego
2013,92103,121,45.1,All Ages,San Diego
2013,92104,240,55.3,All Ages,San Diego
2013,92105,494,67.7,All Ages,San Diego
2013,92106,35,19.3,All Ages,San Diego
2013,92107,81,36.3,All Ages,San Diego
2013,92108,38,25.3,All Ages,San Diego
2013,92109,72,22.9,All Ages,San Diego
2013,92110,69,28.6,All Ages,San Diego
2013,92111,219,49.3,All Ages,San Diego
2013,92113,555,107.2,All Ages,San Diego
2013,92114,580,91.2,All Ages,San Diego
2013,92115,314,50.7,All Ages,San Diego
2013,92116,115,46.9,All Ages,San Diego
2013,92117,168,38.6,All Ages,San Diego
2013,92118,33,19.4,All Ages,San Diego
2013,92119,57,25.9,All Ages,San Diego
2013,92120,87,36,All Ages,San Diego
2013,92122,51,14.1,All Ages,San Diego
2013,92123,101,36.6,All Ages,San Diego
2013,92124,70,19.5,All Ages,San Diego
2013,92126,209,33,All Ages,San Diego
2013,92127,65,13.4,All Ages,San Diego
2013,92128,75,16.2,All Ages,San Diego
2013,92129,107,21.8,All Ages,San Diego
2013,92130,56,12.1,All Ages,San Diego
2013,92131,48,16.1,All Ages,San Diego
2013,92139,181,50.7,All Ages,San Diego
2013,92154,305,39.3,All Ages,San Diego
2013,92173,150,50.1,All Ages,San Diego
2013,92201,353,53.1,All Ages,Riverside
2013,92203,73,27.4,All Ages,Riverside
2013,92211,61,40.1,All Ages,Riverside
2013,92220,217,76.1,All Ages,Riverside
2013,92223,242,53.6,All Ages,Riverside
2013,92225,176,76.2,All Ages,Riverside
2013,92227,326,111.7,All Ages,Imperial
2013,92230,37,134.7,All Ages,Riverside
2013,92231,147,35.1,All Ages,Imperial
2013,92233,41,65.3,All Ages,Imperial
2013,92234,163,31.1,All Ages,Riverside
2013,92236,224,50.3,All Ages,Riverside
2013,92240,207,55.2,All Ages,Riverside
2013,92241,28,30,All Ages,Riverside
2013,92243,471,91.1,All Ages,Imperial
2013,92249,43,49.8,All Ages,Imperial
2013,92250,50,55.7,All Ages,Imperial
2013,92251,133,57.4,All Ages,Imperial
2013,92252,60,67.3,All Ages,San Bernardino
2013,92253,77,22.6,All Ages,Riverside
2013,92254,56,42.1,All Ages,Riverside
2013,92257,21,165.4,All Ages,Imperial
2013,92260,78,30.8,All Ages,Riverside
2013,92262,119,51.2,All Ages,Riverside
2013,92264,61,52.7,All Ages,Riverside
2013,92270,32,22,All Ages,Riverside
2013,92274,87,34.7,All Ages,Riverside
2013,92276,25,31.7,All Ages,Riverside
2013,92277,66,28.7,All Ages,San Bernardino
2013,92284,104,44.1,All Ages,San Bernardino
2013,92301,329,93.5,All Ages,San Bernardino
2013,92307,347,90.9,All Ages,San Bernardino
2013,92308,285,69.9,All Ages,San Bernardino
2013,92311,439,130.9,All Ages,San Bernardino
2013,92313,33,28.6,All Ages,San Bernardino
2013,92314,42,37.9,All Ages,San Bernardino
2013,92315,33,94.2,All Ages,San Bernardino
2013,92316,200,59.5,All Ages,San Bernardino
2013,92317,24,85.9,All Ages,San Bernardino
2013,92320,37,55.5,All Ages,Riverside
2013,92324,379,63.3,All Ages,San Bernardino
2013,92325,49,142.1,All Ages,San Bernardino
2013,92335,623,64.1,All Ages,San Bernardino
2013,92336,326,34.4,All Ages,San Bernardino
2013,92337,164,43.8,All Ages,San Bernardino
2013,92342,40,68.3,All Ages,San Bernardino
2013,92344,72,34.5,All Ages,San Bernardino
2013,92345,533,63.4,All Ages,San Bernardino
2013,92346,229,39.3,All Ages,San Bernardino
2013,92347,14,82.1,All Ages,San Bernardino
2013,92352,16,52.6,All Ages,San Bernardino
2013,92354,93,43.3,All Ages,San Bernardino
2013,92356,37,58.9,All Ages,San Bernardino
2013,92359,43,51.6,All Ages,San Bernardino
2013,92363,110,209.6,All Ages,San Bernardino
2013,92371,100,62,All Ages,San Bernardino
2013,92372,14,30.7,All Ages,San Bernardino
2013,92373,115,39.9,All Ages,San Bernardino
2013,92374,178,43.6,All Ages,San Bernardino
2013,92376,606,70.1,All Ages,San Bernardino
2013,92377,96,43.4,All Ages,San Bernardino
2013,92392,477,81.1,All Ages,San Bernardino
2013,92394,294,80.5,All Ages,San Bernardino
2013,92395,436,98.3,All Ages,San Bernardino
2013,92397,17,55.9,All Ages,San Bernardino
2013,92399,180,34.5,All Ages,San Bernardino
2013,92401,52,278.1,All Ages,San Bernardino
2013,92404,722,108.1,All Ages,San Bernardino
2013,92405,326,110.5,All Ages,San Bernardino
2013,92407,457,73.3,All Ages,San Bernardino
2013,92408,109,61.4,All Ages,San Bernardino
2013,92410,586,112.8,All Ages,San Bernardino
2013,92411,393,144.8,All Ages,San Bernardino
2013,92501,181,84.5,All Ages,Riverside
2013,92503,425,48.1,All Ages,Riverside
2013,92504,298,53.9,All Ages,Riverside
2013,92505,230,45.9,All Ages,Riverside
2013,92506,147,36.6,All Ages,Riverside
2013,92507,296,58,All Ages,Riverside
2013,92508,82,23.7,All Ages,Riverside
2013,92509,338,41.1,All Ages,Riverside
2013,92530,186,35.6,All Ages,Riverside
2013,92532,61,30.6,All Ages,Riverside
2013,92539,19,37.2,All Ages,Riverside
2013,92543,239,77.2,All Ages,Riverside
2013,92544,236,48.8,All Ages,Riverside
2013,92545,181,49,All Ages,Riverside
2013,92548,40,56.6,All Ages,Riverside
2013,92551,184,51.1,All Ages,Riverside
2013,92553,479,60.9,All Ages,Riverside
2013,92555,181,45.6,All Ages,Riverside
2013,92557,211,41.1,All Ages,Riverside
2013,92562,161,25.6,All Ages,Riverside
2013,92563,151,24.2,All Ages,Riverside
2013,92567,26,27.7,All Ages,Riverside
2013,92570,269,48,All Ages,Riverside
2013,92571,246,43.1,All Ages,Riverside
2013,92582,69,39.9,All Ages,Riverside
2013,92583,172,54.3,All Ages,Riverside
2013,92584,146,34.1,All Ages,Riverside
2013,92585,65,31.5,All Ages,Riverside
2013,92586,86,51.3,All Ages,Riverside
2013,92587,63,37.1,All Ages,Riverside
2013,92591,106,27.1,All Ages,Riverside
2013,92592,178,22.7,All Ages,Riverside
2013,92595,96,30.7,All Ages,Riverside
2013,92596,51,22.4,All Ages,Riverside
2013,92602,47,21.8,All Ages,Orange
2013,92603,24,11.8,All Ages,Orange
2013,92604,70,26.4,All Ages,Orange
2013,92606,44,23.5,All Ages,Orange
2013,92610,19,19.3,All Ages,Orange
2013,92612,56,27.7,All Ages,Orange
2013,92614,39,19.1,All Ages,Orange
2013,92618,45,26.3,All Ages,Orange
2013,92620,93,23.1,All Ages,Orange
2013,92624,19,25.8,All Ages,Orange
2013,92625,32,24.1,All Ages,Orange
2013,92626,162,33.7,All Ages,Orange
2013,92627,236,39.8,All Ages,Orange
2013,92629,53,23.4,All Ages,Orange
2013,92630,152,26.3,All Ages,Orange
2013,92637,48,30.7,All Ages,Orange
2013,92646,123,23.6,All Ages,Orange
2013,92647,174,31.6,All Ages,Orange
2013,92648,121,27.2,All Ages,Orange
2013,92649,64,19.7,All Ages,Orange
2013,92651,49,23.3,All Ages,Orange
2013,92653,67,22.2,All Ages,Orange
2013,92655,39,58.6,All Ages,Orange
2013,92656,91,20.6,All Ages,Orange
2013,92657,12,13.5,All Ages,Orange
2013,92660,79,23.8,All Ages,Orange
2013,92663,43,19.7,All Ages,Orange
2013,92672,92,23.6,All Ages,Orange
2013,92673,47,15.1,All Ages,Orange
2013,92675,88,23.9,All Ages,Orange
2013,92677,119,19.2,All Ages,Orange
2013,92679,49,19.5,All Ages,Orange
2013,92683,324,35.7,All Ages,Orange
2013,92688,71,18.3,All Ages,Orange
2013,92691,105,23.9,All Ages,Orange
2013,92692,92,20.7,All Ages,Orange
2013,92694,37,17.1,All Ages,Orange
2013,92701,286,50.5,All Ages,Orange
2013,92703,324,45.8,All Ages,Orange
2013,92704,364,41.1,All Ages,Orange
2013,92705,123,28.9,All Ages,Orange
2013,92706,151,39.8,All Ages,Orange
2013,92707,313,50.5,All Ages,Orange
2013,92708,126,24.4,All Ages,Orange
2013,92780,192,32.7,All Ages,Orange
2013,92782,43,16.1,All Ages,Orange
2013,92801,353,58.2,All Ages,Orange
2013,92802,200,45.3,All Ages,Orange
2013,92804,419,48.9,All Ages,Orange
2013,92805,312,41.3,All Ages,Orange
2013,92806,216,55.3,All Ages,Orange
2013,92807,85,24.4,All Ages,Orange
2013,92808,34,18.2,All Ages,Orange
2013,92821,108,31.6,All Ages,Orange
2013,92831,153,48.6,All Ages,Orange
2013,92832,130,52.9,All Ages,Orange
2013,92833,190,36.9,All Ages,Orange
2013,92835,46,21,All Ages,Orange
2013,92840,221,40.6,All Ages,Orange
2013,92841,147,44.6,All Ages,Orange
2013,92843,193,43.1,All Ages,Orange
2013,92844,74,32,All Ages,Orange
2013,92845,25,16.6,All Ages,Orange
2013,92860,76,27,All Ages,Riverside
2013,92865,60,30.3,All Ages,Orange
2013,92866,70,47.6,All Ages,Orange
2013,92867,94,21,All Ages,Orange
2013,92868,94,42.6,All Ages,Orange
2013,92869,82,22.3,All Ages,Orange
2013,92870,171,33.7,All Ages,Orange
2013,92879,191,40.5,All Ages,Riverside
2013,92880,185,28.2,All Ages,Riverside
2013,92881,83,24,All Ages,Riverside
2013,92882,222,32.2,All Ages,Riverside
2013,92883,70,24,All Ages,Riverside
2013,92886,133,27,All Ages,Orange
2013,92887,37,21.7,All Ages,Orange
2013,93001,131,43.4,All Ages,Ventura
2013,93003,150,32.5,All Ages,Ventura
2013,93004,85,30.4,All Ages,Ventura
2013,93010,136,32.6,All Ages,Ventura
2013,93012,69,18.8,All Ages,Ventura
2013,93013,47,34.2,All Ages,Santa Barbara
2013,93015,67,33.7,All Ages,Ventura
2013,93021,89,27.1,All Ages,Ventura
2013,93022,20,35.3,All Ages,Ventura
2013,93023,80,40.2,All Ages,Ventura
2013,93030,459,79.1,All Ages,Ventura
2013,93033,300,34.5,All Ages,Ventura
2013,93035,70,26.3,All Ages,Ventura
2013,93036,143,32.7,All Ages,Ventura
2013,93041,87,35.1,All Ages,Ventura
2013,93060,121,35.3,All Ages,Ventura
2013,93063,162,30.4,All Ages,Ventura
2013,93065,222,32.2,All Ages,Ventura
2013,93101,150,52,All Ages,Santa Barbara
2013,93103,68,39.4,All Ages,Santa Barbara
2013,93105,49,19.9,All Ages,Santa Barbara
2013,93108,14,17,All Ages,Santa Barbara
2013,93109,14,14.8,All Ages,Santa Barbara
2013,93110,41,30.4,All Ages,Santa Barbara
2013,93111,40,21.7,All Ages,Santa Barbara
2013,93117,104,27.7,All Ages,Santa Barbara
2013,93202,57,200.2,All Ages,Kings
2013,93203,81,35,All Ages,Kern
2013,93204,52,38.1,All Ages,Kings
2013,93210,93,51.7,All Ages,Fresno
2013,93212,138,63.2,All Ages,Kings
2013,93215,267,47.6,All Ages,Kern
2013,93219,68,58,All Ages,Tulare
2013,93221,45,29.4,All Ages,Tulare
2013,93223,65,59.4,All Ages,Tulare
2013,93230,834,119.5,All Ages,Kings
2013,93234,42,56.1,All Ages,Fresno
2013,93235,35,76.3,All Ages,Tulare
2013,93240,32,71.2,All Ages,Kern
2013,93241,68,34.3,All Ages,Kern
2013,93242,18,59.5,All Ages,Fresno
2013,93245,270,72.6,All Ages,Kings
2013,93247,104,52.6,All Ages,Tulare
2013,93250,84,53.6,All Ages,Kern
2013,93256,37,51.9,All Ages,Tulare
2013,93257,363,44.4,All Ages,Tulare
2013,93261,14,90.3,All Ages,Tulare
2013,93263,83,40,All Ages,Kern
2013,93265,12,31.6,All Ages,Tulare
2013,93267,36,55.5,All Ages,Tulare
2013,93268,46,24.1,All Ages,Kern
2013,93270,28,42.2,All Ages,Tulare
2013,93272,22,48.7,All Ages,Tulare
2013,93274,521,68.4,All Ages,Tulare
2013,93277,219,43.6,All Ages,Tulare
2013,93280,98,32.7,All Ages,Kern
2013,93285,17,68.7,All Ages,Kern
2013,93286,50,49.9,All Ages,Tulare
2013,93291,295,52.7,All Ages,Tulare
2013,93292,150,35.2,All Ages,Tulare
2013,93301,196,165.7,All Ages,Kern
2013,93304,584,106.3,All Ages,Kern
2013,93305,415,102.7,All Ages,Kern
2013,93306,428,62.2,All Ages,Kern
2013,93307,779,84.4,All Ages,Kern
2013,93308,378,69.7,All Ages,Kern
2013,93309,410,66.1,All Ages,Kern
2013,93311,139,31.5,All Ages,Kern
2013,93312,130,22.4,All Ages,Kern
2013,93313,210,44.8,All Ages,Kern
2013,93314,47,20.6,All Ages,Kern
2013,93401,67,31.2,All Ages,San Luis Obispo
2013,93402,50,40.7,All Ages,San Luis Obispo
2013,93405,44,21.4,All Ages,San Luis Obispo
2013,93420,67,32.6,All Ages,San Luis Obispo
2013,93422,75,26,All Ages,San Luis Obispo
2013,93427,12,18.4,All Ages,Santa Barbara
2013,93433,51,42.3,All Ages,San Luis Obispo
2013,93434,45,51.1,All Ages,Santa Barbara
2013,93436,291,53.4,All Ages,Santa Barbara
2013,93442,24,22.2,All Ages,San Luis Obispo
2013,93444,70,42.3,All Ages,San Luis Obispo
2013,93445,25,34.8,All Ages,San Luis Obispo
2013,93446,151,34.7,All Ages,San Luis Obispo
2013,93449,14,28.5,All Ages,San Luis Obispo
2013,93454,214,55,All Ages,Santa Barbara
2013,93455,139,36.2,All Ages,Santa Barbara
2013,93458,250,40,All Ages,Santa Barbara
2013,93463,24,33.1,All Ages,Santa Barbara
2013,93465,31,43.6,All Ages,San Luis Obispo
2013,93501,68,119.2,All Ages,Kern
2013,93505,91,63.2,All Ages,Kern
2013,93510,24,34,All Ages,Los Angeles
2013,93514,54,44.5,All Ages,Inyo
2013,93516,14,67.7,All Ages,Kern
2013,93527,15,73.2,All Ages,Kern
2013,93534,546,135.6,All Ages,Los Angeles
2013,93535,853,112.1,All Ages,Los Angeles
2013,93536,307,43.5,All Ages,Los Angeles
2013,93543,68,51.1,All Ages,Los Angeles
2013,93546,34,35,All Ages,Mono
2013,93550,754,96,All Ages,Los Angeles
2013,93551,188,37.5,All Ages,Los Angeles
2013,93552,229,56.1,All Ages,Los Angeles
2013,93555,185,59.8,All Ages,Kern
2013,93560,95,49.1,All Ages,Kern
2013,93561,119,35.4,All Ages,Kern
2013,93591,70,95.2,All Ages,Los Angeles
2013,93602,20,54.2,All Ages,Fresno
2013,93609,43,70.7,All Ages,Fresno
2013,93610,101,45.4,All Ages,Madera
2013,93611,199,47.4,All Ages,Fresno
2013,93612,275,81.3,All Ages,Fresno
2013,93614,19,18.3,All Ages,Madera
2013,93615,24,43.3,All Ages,Tulare
2013,93616,14,49.4,All Ages,Fresno
2013,93618,111,31.6,All Ages,Tulare
2013,93619,79,24.4,All Ages,Fresno
2013,93620,123,124.4,All Ages,Merced
2013,93622,64,54.1,All Ages,Fresno
2013,93625,59,75.7,All Ages,Fresno
2013,93630,86,40.5,All Ages,Fresno
2013,93631,94,52.1,All Ages,Fresno
2013,93635,417,104.3,All Ages,Merced
2013,93636,34,30.7,All Ages,Madera
2013,93637,229,54.9,All Ages,Madera
2013,93638,414,72.3,All Ages,Madera
2013,93640,69,51.1,All Ages,Fresno
2013,93644,15,20.1,All Ages,Madera
2013,93646,69,65,All Ages,Fresno
2013,93647,64,47,All Ages,Tulare
2013,93648,154,84.4,All Ages,Fresno
2013,93650,68,195,All Ages,Fresno
2013,93654,170,54.9,All Ages,Fresno
2013,93656,44,59.6,All Ages,Fresno
2013,93657,192,51.7,All Ages,Fresno
2013,93660,24,44.6,All Ages,Fresno
2013,93662,259,80.8,All Ages,Fresno
2013,93667,19,73.7,All Ages,Fresno
2013,93675,17,46.9,All Ages,Fresno
2013,93701,197,148.8,All Ages,Fresno
2013,93702,526,105,All Ages,Fresno
2013,93703,425,126.9,All Ages,Fresno
2013,93704,224,86.8,All Ages,Fresno
2013,93705,447,109.8,All Ages,Fresno
2013,93706,529,117.5,All Ages,Fresno
2013,93710,210,74.2,All Ages,Fresno
2013,93711,136,41.1,All Ages,Fresno
2013,93720,155,35.1,All Ages,Fresno
2013,93721,45,70.7,All Ages,Fresno
2013,93722,680,82.7,All Ages,Fresno
2013,93723,46,42.9,All Ages,Fresno
2013,93725,208,73.6,All Ages,Fresno
2013,93726,425,106.2,All Ages,Fresno
2013,93727,465,58.9,All Ages,Fresno
2013,93728,188,115,All Ages,Fresno
2013,93730,27,23.9,All Ages,Fresno
2013,93901,266,98.9,All Ages,Monterey
2013,93905,469,67.8,All Ages,Monterey
2013,93906,395,66.2,All Ages,Monterey
2013,93907,113,50,All Ages,Monterey
2013,93908,22,14.3,All Ages,Monterey
2013,93926,45,46.5,All Ages,Monterey
2013,93927,68,33.8,All Ages,Monterey
2013,93930,46,23.7,All Ages,Monterey
2013,93933,102,46.9,All Ages,Monterey
2013,93940,79,29.5,All Ages,Monterey
2013,93950,44,34.4,All Ages,Monterey
2013,93955,176,50.5,All Ages,Monterey
2013,93960,66,26.4,All Ages,Monterey
2013,94002,68,24.8,All Ages,San Mateo
2013,94005,17,39.8,All Ages,San Mateo
2013,94010,97,23.6,All Ages,San Mateo
2013,94014,241,51.5,All Ages,San Mateo
2013,94015,251,40.1,All Ages,San Mateo
2013,94019,73,35.3,All Ages,San Mateo
2013,94022,13,8.8,All Ages,Santa Clara
2013,94024,15,8.1,All Ages,Santa Clara
2013,94025,82,19.9,All Ages,San Mateo
2013,94030,75,32.1,All Ages,San Mateo
2013,94040,55,16.9,All Ages,Santa Clara
2013,94041,25,19.3,All Ages,Santa Clara
2013,94043,46,17.3,All Ages,Santa Clara
2013,94044,128,35.6,All Ages,San Mateo
2013,94061,146,38.5,All Ages,San Mateo
2013,94062,61,24.3,All Ages,San Mateo
2013,94063,199,63.4,All Ages,San Mateo
2013,94065,19,15.9,All Ages,San Mateo
2013,94066,214,48.7,All Ages,San Mateo
2013,94070,65,23.3,All Ages,San Mateo
2013,94080,305,47.9,All Ages,San Mateo
2013,94085,77,38.6,All Ages,Santa Clara
2013,94086,78,16.5,All Ages,Santa Clara
2013,94087,70,13.1,All Ages,Santa Clara
2013,94089,69,33.8,All Ages,Santa Clara
2013,94102,302,104.1,All Ages,San Francisco
2013,94103,213,78.7,All Ages,San Francisco
2013,94107,78,34.3,All Ages,San Francisco
2013,94108,26,22.3,All Ages,San Francisco
2013,94109,149,28,All Ages,San Francisco
2013,94110,308,48.4,All Ages,San Francisco
2013,94112,328,46.3,All Ages,San Francisco
2013,94114,65,23.3,All Ages,San Francisco
2013,94115,153,54.1,All Ages,San Francisco
2013,94116,94,23.7,All Ages,San Francisco
2013,94117,94,35.9,All Ages,San Francisco
2013,94118,70,20.2,All Ages,San Francisco
2013,94121,77,20.5,All Ages,San Francisco
2013,94122,96,20.2,All Ages,San Francisco
2013,94123,36,25.4,All Ages,San Francisco
2013,94124,393,115.4,All Ages,San Francisco
2013,94127,29,16.6,All Ages,San Francisco
2013,94130,37,153.2,All Ages,San Francisco
2013,94131,75,31,All Ages,San Francisco
2013,94132,94,41,All Ages,San Francisco
2013,94133,84,36.7,All Ages,San Francisco
2013,94134,205,50.4,All Ages,San Francisco
2013,94301,24,14.5,All Ages,Santa Clara
2013,94303,268,55.1,All Ages,Santa Clara
2013,94306,26,9.9,All Ages,Santa Clara
2013,94401,202,58.5,All Ages,San Mateo
2013,94402,76,30.7,All Ages,San Mateo
2013,94403,143,36.5,All Ages,San Mateo
2013,94404,61,18.2,All Ages,San Mateo
2013,94501,293,50.6,All Ages,Alameda
2013,94502,23,20.8,All Ages,Alameda
2013,94503,102,51.1,All Ages,Napa
2013,94505,63,49.5,All Ages,Contra Costa
2013,94506,34,14.4,All Ages,Contra Costa
2013,94507,18,10.5,All Ages,Contra Costa
2013,94509,885,140.4,All Ages,Contra Costa
2013,94510,117,46.7,All Ages,Solano
2013,94511,17,71.9,All Ages,Contra Costa
2013,94513,236,40.4,All Ages,Contra Costa
2013,94515,15,23.2,All Ages,Napa
2013,94517,24,21.5,All Ages,Contra Costa
2013,94518,101,37.8,All Ages,Contra Costa
2013,94519,97,51.1,All Ages,Contra Costa
2013,94520,384,100.5,All Ages,Contra Costa
2013,94521,184,44.9,All Ages,Contra Costa
2013,94523,120,35.3,All Ages,Contra Costa
2013,94525,16,50.5,All Ages,Contra Costa
2013,94526,69,23.1,All Ages,Contra Costa
2013,94530,90,37.6,All Ages,Contra Costa
2013,94531,371,91.2,All Ages,Contra Costa
2013,94533,639,89.5,All Ages,Solano
2013,94534,134,36.6,All Ages,Solano
2013,94536,305,43,All Ages,Alameda
2013,94538,319,54.4,All Ages,Alameda
2013,94539,62,13.6,All Ages,Alameda
2013,94541,608,96.5,All Ages,Alameda
2013,94542,56,47.3,All Ages,Alameda
2013,94544,607,83.4,All Ages,Alameda
2013,94545,288,94.3,All Ages,Alameda
2013,94546,243,60.8,All Ages,Alameda
2013,94547,114,49.6,All Ages,Contra Costa
2013,94549,49,19.5,All Ages,Contra Costa
2013,94550,129,27.9,All Ages,Alameda
2013,94551,104,31.6,All Ages,Alameda
2013,94552,27,20.6,All Ages,Alameda
2013,94553,274,63.8,All Ages,Contra Costa
2013,94555,109,31.6,All Ages,Alameda
2013,94556,16,10.2,All Ages,Contra Costa
2013,94558,264,39.3,All Ages,Napa
2013,94559,123,45.4,All Ages,Napa
2013,94560,287,67.1,All Ages,Alameda
2013,94561,248,64.8,All Ages,Contra Costa
2013,94563,27,15,All Ages,Contra Costa
2013,94564,74,39.6,All Ages,Contra Costa
2013,94565,1067,119.6,All Ages,Contra Costa
2013,94566,96,24.4,All Ages,Alameda
2013,94568,129,26.9,All Ages,Alameda
2013,94571,36,52.3,All Ages,Solano
2013,94572,93,107.1,All Ages,Contra Costa
2013,94574,29,33.1,All Ages,Napa
2013,94577,322,69.9,All Ages,Alameda
2013,94578,369,92.2,All Ages,Alameda
2013,94579,102,51.8,All Ages,Alameda
2013,94580,191,66.1,All Ages,Alameda
2013,94582,104,23.5,All Ages,Contra Costa
2013,94583,111,32.8,All Ages,Contra Costa
2013,94585,203,74.8,All Ages,Solano
2013,94587,437,62.6,All Ages,Alameda
2013,94588,72,24.9,All Ages,Alameda
2013,94589,376,130,All Ages,Solano
2013,94590,577,164.8,All Ages,Solano
2013,94591,399,76.1,All Ages,Solano
2013,94595,42,20.1,All Ages,Contra Costa
2013,94596,71,37.1,All Ages,Contra Costa
2013,94597,55,24.8,All Ages,Contra Costa
2013,94598,55,22.8,All Ages,Contra Costa
2013,94601,519,96.4,All Ages,Alameda
2013,94602,208,71.3,All Ages,Alameda
2013,94603,560,174.6,All Ages,Alameda
2013,94605,595,154.5,All Ages,Alameda
2013,94606,331,96.9,All Ages,Alameda
2013,94607,382,148,All Ages,Alameda
2013,94608,318,120.5,All Ages,Alameda
2013,94609,196,101.4,All Ages,Alameda
2013,94610,100,34.9,All Ages,Alameda
2013,94611,86,24.4,All Ages,Alameda
2013,94612,166,115.7,All Ages,Alameda
2013,94618,30,18.8,All Ages,Alameda
2013,94619,187,87.8,All Ages,Alameda
2013,94621,533,171.4,All Ages,Alameda
2013,94702,115,75.9,All Ages,Alameda
2013,94703,166,85.3,All Ages,Alameda
2013,94704,43,44.6,All Ages,Alameda
2013,94705,36,33.8,All Ages,Alameda
2013,94706,52,27.1,All Ages,Alameda
2013,94707,27,23.3,All Ages,Alameda
2013,94708,17,14.5,All Ages,Alameda
2013,94709,17,27.3,All Ages,Alameda
2013,94710,53,68.9,All Ages,Alameda
2013,94801,482,152.7,All Ages,Contra Costa
2013,94803,142,63,All Ages,Contra Costa
2013,94804,528,133.9,All Ages,Contra Costa
2013,94805,79,55.4,All Ages,Contra Costa
2013,94806,546,91.1,All Ages,Contra Costa
2013,94901,134,32.4,All Ages,Marin
2013,94903,90,31.6,All Ages,Marin
2013,94904,23,16.7,All Ages,Marin
2013,94920,15,15.3,All Ages,Marin
2013,94925,21,30.4,All Ages,Marin
2013,94928,168,41,All Ages,Sonoma
2013,94930,22,23.1,All Ages,Marin
2013,94931,31,36.7,All Ages,Sonoma
2013,94941,58,17.7,All Ages,Marin
2013,94945,65,36.5,All Ages,Marin
2013,94947,81,35,All Ages,Marin
2013,94949,72,40.8,All Ages,Marin
2013,94951,13,33.6,All Ages,Sonoma
2013,94952,110,36.2,All Ages,Sonoma
2013,94954,159,43.9,All Ages,Sonoma
2013,94960,22,14.5,All Ages,Marin
2013,94965,26,25.7,All Ages,Marin
2013,95003,37,17.9,All Ages,Santa Cruz
2013,95006,16,17.8,All Ages,Santa Cruz
2013,95008,114,24,All Ages,Santa Clara
2013,95010,41,47.4,All Ages,Santa Cruz
2013,95012,80,77.7,All Ages,Monterey
2013,95014,60,9.3,All Ages,Santa Clara
2013,95018,16,24.3,All Ages,Santa Cruz
2013,95019,47,81.4,All Ages,Santa Cruz
2013,95020,315,51.5,All Ages,Santa Clara
2013,95023,267,53.6,All Ages,San Benito
2013,95030,20,16.5,All Ages,Santa Clara
2013,95032,54,21.1,All Ages,Santa Clara
2013,95033,16,13.2,All Ages,Santa Cruz
2013,95035,145,21.7,All Ages,Santa Clara
2013,95037,120,26.1,All Ages,Santa Clara
2013,95045,19,42.5,All Ages,San Benito
2013,95046,32,59.2,All Ages,Santa Clara
2013,95050,103,27.9,All Ages,Santa Clara
2013,95051,115,20.8,All Ages,Santa Clara
2013,95054,42,18.2,All Ages,Santa Clara
2013,95060,125,32.6,All Ages,Santa Cruz
2013,95062,99,29.8,All Ages,Santa Cruz
2013,95065,25,29,All Ages,Santa Cruz
2013,95066,34,25,All Ages,Santa Cruz
2013,95070,34,13.5,All Ages,Santa Clara
2013,95073,35,35.6,All Ages,Santa Cruz
2013,95076,475,53.6,All Ages,Santa Cruz
2013,95110,55,28,All Ages,Santa Clara
2013,95111,286,47.6,All Ages,Santa Clara
2013,95112,295,55.1,All Ages,Santa Clara
2013,95116,302,56.5,All Ages,Santa Clara
2013,95117,115,39.4,All Ages,Santa Clara
2013,95118,115,36.6,All Ages,Santa Clara
2013,95119,42,41,All Ages,Santa Clara
2013,95120,48,16.8,All Ages,Santa Clara
2013,95121,130,34.2,All Ages,Santa Clara
2013,95122,297,51.8,All Ages,Santa Clara
2013,95123,280,44.3,All Ages,Santa Clara
2013,95124,106,22.1,All Ages,Santa Clara
2013,95125,168,31.3,All Ages,Santa Clara
2013,95126,143,43.7,All Ages,Santa Clara
2013,95127,271,44.7,All Ages,Santa Clara
2013,95128,140,41.2,All Ages,Santa Clara
2013,95129,57,15.1,All Ages,Santa Clara
2013,95130,35,24,All Ages,Santa Clara
2013,95131,81,27.1,All Ages,Santa Clara
2013,95132,96,24.6,All Ages,Santa Clara
2013,95133,76,28.3,All Ages,Santa Clara
2013,95134,36,24,All Ages,Santa Clara
2013,95135,39,20.9,All Ages,Santa Clara
2013,95136,125,28.7,All Ages,Santa Clara
2013,95138,43,21.4,All Ages,Santa Clara
2013,95139,24,37.9,All Ages,Santa Clara
2013,95148,136,32.1,All Ages,Santa Clara
2013,95202,131,218,All Ages,San Joaquin
2013,95203,193,111.1,All Ages,San Joaquin
2013,95204,212,75.2,All Ages,San Joaquin
2013,95205,372,95.8,All Ages,San Joaquin
2013,95206,548,79.7,All Ages,San Joaquin
2013,95207,373,77.3,All Ages,San Joaquin
2013,95209,209,52.8,All Ages,San Joaquin
2013,95210,320,83.9,All Ages,San Joaquin
2013,95212,106,38.3,All Ages,San Joaquin
2013,95215,126,55.5,All Ages,San Joaquin
2013,95219,101,36.6,All Ages,San Joaquin
2013,95220,13,21.7,All Ages,San Joaquin
2013,95222,12,21.7,All Ages,Calaveras
2013,95228,17,55.5,All Ages,Calaveras
2013,95231,31,81.7,All Ages,San Joaquin
2013,95240,207,42.7,All Ages,San Joaquin
2013,95242,57,24.3,All Ages,San Joaquin
2013,95249,41,122,All Ages,Calaveras
2013,95252,82,54.6,All Ages,Calaveras
2013,95258,14,35.3,All Ages,San Joaquin
2013,95301,217,56.7,All Ages,Merced
2013,95304,72,46.1,All Ages,San Joaquin
2013,95307,200,45.9,All Ages,Stanislaus
2013,95310,18,103.5,All Ages,Tuolumne
2013,95315,70,47.5,All Ages,Merced
2013,95316,25,40.6,All Ages,Stanislaus
2013,95320,47,38.1,All Ages,San Joaquin
2013,95321,13,31.8,All Ages,Tuolumne
2013,95322,48,50.6,All Ages,Merced
2013,95324,28,39.4,All Ages,Merced
2013,95326,35,35.3,All Ages,Stanislaus
2013,95327,56,68.6,All Ages,Tuolumne
2013,95328,25,50.5,All Ages,Stanislaus
2013,95329,12,72.8,All Ages,Stanislaus
2013,95330,145,75.8,All Ages,San Joaquin
2013,95333,24,51.5,All Ages,Merced
2013,95334,68,40.5,All Ages,Merced
2013,95336,412,93.8,All Ages,San Joaquin
2013,95337,212,62.9,All Ages,San Joaquin
2013,95338,50,57.2,All Ages,Mariposa
2013,95340,477,140.4,All Ages,Merced
2013,95341,307,87,All Ages,Merced
2013,95348,259,83.8,All Ages,Merced
2013,95350,415,85.2,All Ages,Stanislaus
2013,95351,431,89.2,All Ages,Stanislaus
2013,95354,210,80.2,All Ages,Stanislaus
2013,95355,339,59,All Ages,Stanislaus
2013,95356,159,48.4,All Ages,Stanislaus
2013,95357,62,47.4,All Ages,Stanislaus
2013,95358,201,62.8,All Ages,Stanislaus
2013,95360,44,36.1,All Ages,Stanislaus
2013,95361,156,50.8,All Ages,Stanislaus
2013,95363,103,37.6,All Ages,Stanislaus
2013,95365,47,162.2,All Ages,Merced
2013,95366,69,42.6,All Ages,San Joaquin
2013,95367,123,51.1,All Ages,Stanislaus
2013,95368,70,50.5,All Ages,Stanislaus
2013,95370,141,61.9,All Ages,Tuolumne
2013,95372,12,81.9,All Ages,Tuolumne
2013,95376,484,96.1,All Ages,San Joaquin
2013,95377,141,47.7,All Ages,San Joaquin
2013,95379,12,36,All Ages,Tuolumne
2013,95380,280,66.7,All Ages,Stanislaus
2013,95382,114,30.5,All Ages,Stanislaus
2013,95383,13,29.8,All Ages,Tuolumne
2013,95386,52,54.8,All Ages,Stanislaus
2013,95388,75,56.9,All Ages,Merced
2013,95391,48,43.4,All Ages,San Joaquin
2013,95401,197,53.9,All Ages,Sonoma
2013,95403,226,49.9,All Ages,Sonoma
2013,95404,202,46.2,All Ages,Sonoma
2013,95405,57,26.3,All Ages,Sonoma
2013,95407,251,62.5,All Ages,Sonoma
2013,95409,76,35.2,All Ages,Sonoma
2013,95422,178,109.1,All Ages,Lake
2013,95423,21,68.1,All Ages,Lake
2013,95425,32,26.4,All Ages,Sonoma
2013,95428,12,53,All Ages,Mendocino
2013,95436,30,67.3,All Ages,Sonoma
2013,95437,92,72.4,All Ages,Mendocino
2013,95446,17,30.5,All Ages,Sonoma
2013,95448,57,37.2,All Ages,Sonoma
2013,95451,38,36.3,All Ages,Lake
2013,95453,62,55.4,All Ages,Lake
2013,95454,12,42.8,All Ages,Mendocino
2013,95457,34,148.5,All Ages,Lake
2013,95458,27,86.3,All Ages,Lake
2013,95461,14,29.4,All Ages,Lake
2013,95464,17,83.7,All Ages,Lake
2013,95469,14,105.3,All Ages,Mendocino
2013,95470,19,37.4,All Ages,Mendocino
2013,95472,91,33.2,All Ages,Sonoma
2013,95476,80,23.7,All Ages,Sonoma
2013,95482,188,60.6,All Ages,Mendocino
2013,95490,80,64.3,All Ages,Mendocino
2013,95492,85,31.8,All Ages,Sonoma
2013,95501,195,80.1,All Ages,Humboldt
2013,95503,147,61.9,All Ages,Humboldt
2013,95519,110,62.5,All Ages,Humboldt
2013,95521,92,45.8,All Ages,Humboldt
2013,95531,126,53.9,All Ages,Del Norte
2013,95536,12,43.9,All Ages,Humboldt
2013,95540,132,94.8,All Ages,Humboldt
2013,95542,15,34.1,All Ages,Humboldt
2013,95562,45,137.8,All Ages,Humboldt
2013,95570,15,66.4,All Ages,Humboldt
2013,95602,57,33.8,All Ages,Placer
2013,95603,90,32.8,All Ages,Placer
2013,95605,107,75,All Ages,Yolo
2013,95608,452,79,All Ages,Sacramento
2013,95610,209,47.6,All Ages,Sacramento
2013,95616,67,18.7,All Ages,Yolo
2013,95618,52,19.5,All Ages,Yolo
2013,95619,29,117.5,All Ages,El Dorado
2013,95620,89,43.2,All Ages,Solano
2013,95621,195,47.8,All Ages,Sacramento
2013,95623,14,34.4,All Ages,El Dorado
2013,95624,268,44.2,All Ages,Sacramento
2013,95626,29,48.3,All Ages,Sacramento
2013,95627,13,26,All Ages,Yolo
2013,95628,115,32,All Ages,Sacramento
2013,95630,131,19,All Ages,Sacramento
2013,95631,14,19,All Ages,Placer
2013,95632,107,33.6,All Ages,Sacramento
2013,95640,47,43.3,All Ages,Amador
2013,95642,86,145.6,All Ages,Amador
2013,95648,164,33.8,All Ages,Placer
2013,95650,29,22,All Ages,Placer
2013,95655,17,47.7,All Ages,Sacramento
2013,95658,20,32,All Ages,Placer
2013,95660,319,99,All Ages,Sacramento
2013,95661,144,49.4,All Ages,Placer
2013,95662,121,39.1,All Ages,Sacramento
2013,95665,23,56,All Ages,Amador
2013,95666,37,82,All Ages,Amador
2013,95667,157,45.8,All Ages,El Dorado
2013,95669,16,57.5,All Ages,Amador
2013,95670,268,50.9,All Ages,Sacramento
2013,95673,89,60.2,All Ages,Sacramento
2013,95677,109,46.9,All Ages,Placer
2013,95678,177,41.9,All Ages,Placer
2013,95682,67,25.9,All Ages,El Dorado
2013,95685,31,87.2,All Ages,Amador
2013,95687,348,54.5,All Ages,Solano
2013,95688,209,62.1,All Ages,Solano
2013,95691,180,50.2,All Ages,Yolo
2013,95692,13,26.8,All Ages,Yuba
2013,95693,15,22.9,All Ages,Sacramento
2013,95694,24,28.8,All Ages,Yolo
2013,95695,169,43.3,All Ages,Yolo
2013,95713,27,27.2,All Ages,Placer
2013,95726,43,49.1,All Ages,El Dorado
2013,95742,21,24.1,All Ages,Sacramento
2013,95746,31,14.7,All Ages,Placer
2013,95747,165,29.1,All Ages,Placer
2013,95757,193,47.3,All Ages,Sacramento
2013,95758,278,46.3,All Ages,Sacramento
2013,95762,64,18.7,All Ages,El Dorado
2013,95765,73,20.2,All Ages,Placer
2013,95776,104,47.7,All Ages,Yolo
2013,95811,52,77.9,All Ages,Sacramento
2013,95814,74,105.2,All Ages,Sacramento
2013,95815,331,129.9,All Ages,Sacramento
2013,95816,71,53.6,All Ages,Sacramento
2013,95817,135,101.7,All Ages,Sacramento
2013,95818,115,57.7,All Ages,Sacramento
2013,95819,47,31.9,All Ages,Sacramento
2013,95820,354,99.5,All Ages,Sacramento
2013,95821,334,99.5,All Ages,Sacramento
2013,95822,378,91.4,All Ages,Sacramento
2013,95823,923,122.5,All Ages,Sacramento
2013,95824,369,118.9,All Ages,Sacramento
2013,95825,350,124.1,All Ages,Sacramento
2013,95826,183,53.2,All Ages,Sacramento
2013,95827,110,52.4,All Ages,Sacramento
2013,95828,508,85.3,All Ages,Sacramento
2013,95829,113,47.6,All Ages,Sacramento
2013,95831,148,37.8,All Ages,Sacramento
2013,95832,139,109.2,All Ages,Sacramento
2013,95833,268,71.8,All Ages,Sacramento
2013,95834,181,69.1,All Ages,Sacramento
2013,95835,166,44.3,All Ages,Sacramento
2013,95838,394,104.1,All Ages,Sacramento
2013,95841,186,97.5,All Ages,Sacramento
2013,95842,310,98.4,All Ages,Sacramento
2013,95843,254,58,All Ages,Sacramento
2013,95864,91,42.5,All Ages,Sacramento
2013,95901,175,53.8,All Ages,Yuba
2013,95917,14,55.6,All Ages,Butte
2013,95926,147,44.1,All Ages,Butte
2013,95928,130,36.3,All Ages,Butte
2013,95932,37,48.7,All Ages,Colusa
2013,95945,163,75.6,All Ages,Nevada
2013,95946,37,47,All Ages,Nevada
2013,95948,56,52.3,All Ages,Butte
2013,95949,47,23.2,All Ages,Nevada
2013,95953,33,29.2,All Ages,Sutter
2013,95954,74,69.6,All Ages,Butte
2013,95959,40,25.6,All Ages,Nevada
2013,95961,128,49.6,All Ages,Yuba
2013,95963,58,35.4,All Ages,Glenn
2013,95965,113,58.2,All Ages,Butte
2013,95966,175,64.5,All Ages,Butte
2013,95969,98,40.4,All Ages,Butte
2013,95971,29,54.3,All Ages,Plumas
2013,95973,113,34.2,All Ages,Butte
2013,95987,20,26.8,All Ages,Colusa
2013,95988,46,55.9,All Ages,Glenn
2013,95991,150,37,All Ages,Sutter
2013,95993,80,21.6,All Ages,Sutter
2013,96001,217,65.9,All Ages,Shasta
2013,96002,170,53.4,All Ages,Shasta
2013,96003,198,46.7,All Ages,Shasta
2013,96007,119,53.7,All Ages,Shasta
2013,96013,14,35.4,All Ages,Shasta
2013,96019,42,42.2,All Ages,Shasta
2013,96020,12,67.1,All Ages,Plumas
2013,96021,71,45.4,All Ages,Tehama
2013,96022,51,36.5,All Ages,Shasta
2013,96025,15,74.8,All Ages,Siskiyou
2013,96035,26,76.4,All Ages,Tehama
2013,96055,23,62,All Ages,Tehama
2013,96064,17,35.2,All Ages,Siskiyou
2013,96067,35,51.2,All Ages,Siskiyou
2013,96080,174,65,All Ages,Tehama
2013,96093,23,66.7,All Ages,Trinity
2013,96094,24,39.3,All Ages,Siskiyou
2013,96097,62,73.3,All Ages,Siskiyou
2013,96101,35,71.9,All Ages,Modoc
2013,96122,33,85.9,All Ages,Plumas
2013,96130,76,36.6,All Ages,Lassen
2013,96150,60,19.1,All Ages,El Dorado
2013,96161,17,7.6,All Ages,Nevada
2014,90001,425,78.8,All Ages,Los Angeles
2014,90002,477,89.2,All Ages,Los Angeles
2014,90003,669,96.4,All Ages,Los Angeles
2014,90004,243,43.6,All Ages,Los Angeles
2014,90005,133,36.6,All Ages,Los Angeles
2014,90006,312,52.8,All Ages,Los Angeles
2014,90007,185,63.4,All Ages,Los Angeles
2014,90008,302,95.3,All Ages,Los Angeles
2014,90011,711,65.1,All Ages,Los Angeles
2014,90012,74,31.4,All Ages,Los Angeles
2014,90013,125,78.8,All Ages,Los Angeles
2014,90014,70,95.6,All Ages,Los Angeles
2014,90015,137,72.1,All Ages,Los Angeles
2014,90016,398,83.9,All Ages,Los Angeles
2014,90017,185,81.8,All Ages,Los Angeles
2014,90018,375,72.5,All Ages,Los Angeles
2014,90019,336,55.1,All Ages,Los Angeles
2014,90020,105,30.3,All Ages,Los Angeles
2014,90021,32,80.7,All Ages,Los Angeles
2014,90022,399,57.8,All Ages,Los Angeles
2014,90023,347,70.2,All Ages,Los Angeles
2014,90024,46,14,All Ages,Los Angeles
2014,90025,69,16.8,All Ages,Los Angeles
2014,90026,254,41.7,All Ages,Los Angeles
2014,90027,112,26.4,All Ages,Los Angeles
2014,90028,129,60.3,All Ages,Los Angeles
2014,90029,172,48,All Ages,Los Angeles
2014,90031,179,44,All Ages,Los Angeles
2014,90032,264,58.8,All Ages,Los Angeles
2014,90033,430,87.2,All Ages,Los Angeles
2014,90034,162,32.3,All Ages,Los Angeles
2014,90035,104,33.8,All Ages,Los Angeles
2014,90036,83,23.8,All Ages,Los Angeles
2014,90037,567,89.7,All Ages,Los Angeles
2014,90038,126,50.4,All Ages,Los Angeles
2014,90039,114,43.5,All Ages,Los Angeles
2014,90040,56,52.6,All Ages,Los Angeles
2014,90041,99,35.4,All Ages,Los Angeles
2014,90042,274,45.4,All Ages,Los Angeles
2014,90043,481,111.4,All Ages,Los Angeles
2014,90044,1046,110.5,All Ages,Los Angeles
2014,90045,100,29.7,All Ages,Los Angeles
2014,90046,60,18,All Ages,Los Angeles
2014,90047,597,122.5,All Ages,Los Angeles
2014,90048,44,22.3,All Ages,Los Angeles
2014,90049,42,10.7,All Ages,Los Angeles
2014,90056,38,54.6,All Ages,Los Angeles
2014,90057,231,55.2,All Ages,Los Angeles
2014,90058,34,86.8,All Ages,Los Angeles
2014,90059,446,99.2,All Ages,Los Angeles
2014,90061,276,96.4,All Ages,Los Angeles
2014,90062,323,98.9,All Ages,Los Angeles
2014,90063,297,51.5,All Ages,Los Angeles
2014,90064,47,18.4,All Ages,Los Angeles
2014,90065,271,59.3,All Ages,Los Angeles
2014,90066,137,26.6,All Ages,Los Angeles
2014,90068,32,15.1,All Ages,Los Angeles
2014,90069,31,18.1,All Ages,Los Angeles
2014,90094,13,28,All Ages,Los Angeles
2014,90201,481,44.5,All Ages,Los Angeles
2014,90210,22,12.4,All Ages,Los Angeles
2014,90211,25,32.2,All Ages,Los Angeles
2014,90212,25,19.7,All Ages,Los Angeles
2014,90220,507,97.8,All Ages,Los Angeles
2014,90221,478,85.5,All Ages,Los Angeles
2014,90222,310,92.6,All Ages,Los Angeles
2014,90230,97,32.1,All Ages,Los Angeles
2014,90232,52,33.3,All Ages,Los Angeles
2014,90240,92,37.1,All Ages,Los Angeles
2014,90241,186,43.2,All Ages,Los Angeles
2014,90242,221,49,All Ages,Los Angeles
2014,90245,16,11.3,All Ages,Los Angeles
2014,90247,299,62.7,All Ages,Los Angeles
2014,90248,36,41.9,All Ages,Los Angeles
2014,90249,193,73.4,All Ages,Los Angeles
2014,90250,761,74.9,All Ages,Los Angeles
2014,90254,23,11.6,All Ages,Los Angeles
2014,90255,417,55.8,All Ages,Los Angeles
2014,90260,219,63.1,All Ages,Los Angeles
2014,90262,424,60.3,All Ages,Los Angeles
2014,90265,22,11.5,All Ages,Los Angeles
2014,90266,39,12.2,All Ages,Los Angeles
2014,90270,141,53.3,All Ages,Los Angeles
2014,90272,43,22.6,All Ages,Los Angeles
2014,90274,24,13.2,All Ages,Los Angeles
2014,90275,55,12.7,All Ages,Los Angeles
2014,90277,69,21.9,All Ages,Los Angeles
2014,90278,91,23.8,All Ages,Los Angeles
2014,90280,399,41.8,All Ages,Los Angeles
2014,90291,59,23.6,All Ages,Los Angeles
2014,90292,46,21.1,All Ages,Los Angeles
2014,90293,21,19.4,All Ages,Los Angeles
2014,90301,305,82.9,All Ages,Los Angeles
2014,90302,224,74.9,All Ages,Los Angeles
2014,90303,207,81.4,All Ages,Los Angeles
2014,90304,203,66.8,All Ages,Los Angeles
2014,90305,130,93.2,All Ages,Los Angeles
2014,90401,47,75.5,All Ages,Los Angeles
2014,90402,15,10.6,All Ages,Los Angeles
2014,90403,41,18.1,All Ages,Los Angeles
2014,90404,111,50.5,All Ages,Los Angeles
2014,90405,72,29.5,All Ages,Los Angeles
2014,90501,236,55.8,All Ages,Los Angeles
2014,90502,73,41.7,All Ages,Los Angeles
2014,90503,113,26,All Ages,Los Angeles
2014,90504,105,35.8,All Ages,Los Angeles
2014,90505,68,21.4,All Ages,Los Angeles
2014,90601,181,58,All Ages,Los Angeles
2014,90602,166,69.1,All Ages,Los Angeles
2014,90603,74,37.7,All Ages,Los Angeles
2014,90604,230,56.4,All Ages,Los Angeles
2014,90605,227,55.5,All Ages,Los Angeles
2014,90606,165,51.9,All Ages,Los Angeles
2014,90620,190,42.8,All Ages,Orange
2014,90621,182,51,All Ages,Orange
2014,90623,36,26.6,All Ages,Orange
2014,90630,118,24.9,All Ages,Orange
2014,90631,287,41.4,All Ages,Orange
2014,90638,168,36.6,All Ages,Los Angeles
2014,90640,309,50.1,All Ages,Los Angeles
2014,90650,546,51.3,All Ages,Los Angeles
2014,90660,359,57.6,All Ages,Los Angeles
2014,90670,69,48.8,All Ages,Los Angeles
2014,90680,154,46,All Ages,Orange
2014,90701,50,33.1,All Ages,Los Angeles
2014,90703,159,37.7,All Ages,Los Angeles
2014,90704,20,46.1,All Ages,Los Angeles
2014,90706,465,58.6,All Ages,Los Angeles
2014,90710,118,46.3,All Ages,Los Angeles
2014,90712,332,124,All Ages,Los Angeles
2014,90713,83,31.3,All Ages,Los Angeles
2014,90715,117,57.7,All Ages,Los Angeles
2014,90716,90,60.7,All Ages,Los Angeles
2014,90717,92,43.1,All Ages,Los Angeles
2014,90720,45,24.8,All Ages,Orange
2014,90723,249,46.4,All Ages,Los Angeles
2014,90731,439,69.5,All Ages,Los Angeles
2014,90732,57,32.9,All Ages,Los Angeles
2014,90740,50,23.7,All Ages,Orange
2014,90744,342,62.2,All Ages,Los Angeles
2014,90745,260,47.5,All Ages,Los Angeles
2014,90746,170,72.7,All Ages,Los Angeles
2014,90755,51,52,All Ages,Los Angeles
2014,90802,270,69.9,All Ages,Los Angeles
2014,90803,55,19.5,All Ages,Los Angeles
2014,90804,321,78.2,All Ages,Los Angeles
2014,90805,741,76.1,All Ages,Los Angeles
2014,90806,402,91.6,All Ages,Los Angeles
2014,90807,140,46.1,All Ages,Los Angeles
2014,90808,111,30.5,All Ages,Los Angeles
2014,90810,182,47.7,All Ages,Los Angeles
2014,90813,743,125.9,All Ages,Los Angeles
2014,90814,75,43.8,All Ages,Los Angeles
2014,90815,88,23.2,All Ages,Los Angeles
2014,91001,128,37,All Ages,Los Angeles
2014,91006,62,21.2,All Ages,Los Angeles
2014,91007,52,16.7,All Ages,Los Angeles
2014,91010,110,43.2,All Ages,Los Angeles
2014,91011,26,13.7,All Ages,Los Angeles
2014,91016,140,35.6,All Ages,Los Angeles
2014,91020,22,26.6,All Ages,Los Angeles
2014,91030,47,18.8,All Ages,Los Angeles
2014,91040,87,44.9,All Ages,Los Angeles
2014,91042,94,33.1,All Ages,Los Angeles
2014,91101,47,27.1,All Ages,Los Angeles
2014,91103,153,53.4,All Ages,Los Angeles
2014,91104,112,30.4,All Ages,Los Angeles
2014,91105,39,26.1,All Ages,Los Angeles
2014,91106,52,25.4,All Ages,Los Angeles
2014,91107,73,23.4,All Ages,Los Angeles
2014,91201,73,35.8,All Ages,Los Angeles
2014,91202,57,24.8,All Ages,Los Angeles
2014,91203,44,34.6,All Ages,Los Angeles
2014,91204,112,72.3,All Ages,Los Angeles
2014,91205,170,47.8,All Ages,Los Angeles
2014,91206,80,25.6,All Ages,Los Angeles
2014,91207,13,17.4,All Ages,Los Angeles
2014,91208,26,18.5,All Ages,Los Angeles
2014,91214,93,35.2,All Ages,Los Angeles
2014,91301,40,18.5,All Ages,Los Angeles
2014,91302,36,15.1,All Ages,Los Angeles
2014,91303,175,66.6,All Ages,Los Angeles
2014,91304,252,51.3,All Ages,Los Angeles
2014,91306,289,61.4,All Ages,Los Angeles
2014,91307,80,34.2,All Ages,Los Angeles
2014,91311,143,42.8,All Ages,Los Angeles
2014,91316,123,50.8,All Ages,Los Angeles
2014,91320,85,20.3,All Ages,Ventura
2014,91321,119,32,All Ages,Los Angeles
2014,91324,143,57.4,All Ages,Los Angeles
2014,91325,165,50.6,All Ages,Los Angeles
2014,91326,81,25.4,All Ages,Los Angeles
2014,91331,735,69,All Ages,Los Angeles
2014,91335,463,63.2,All Ages,Los Angeles
2014,91340,248,67.3,All Ages,Los Angeles
2014,91342,522,55.7,All Ages,Los Angeles
2014,91343,484,78.8,All Ages,Los Angeles
2014,91344,169,35.6,All Ages,Los Angeles
2014,91345,110,60.6,All Ages,Los Angeles
2014,91350,97,34.3,All Ages,Los Angeles
2014,91351,116,33.6,All Ages,Los Angeles
2014,91352,348,77.4,All Ages,Los Angeles
2014,91354,67,22.2,All Ages,Los Angeles
2014,91355,74,22.2,All Ages,Los Angeles
2014,91356,140,48.3,All Ages,Los Angeles
2014,91360,110,26.2,All Ages,Ventura
2014,91361,27,14.7,All Ages,Ventura
2014,91362,63,20.2,All Ages,Ventura
2014,91364,67,28,All Ages,Los Angeles
2014,91367,139,34.2,All Ages,Los Angeles
2014,91381,36,24.6,All Ages,Los Angeles
2014,91384,65,23.5,All Ages,Los Angeles
2014,91387,183,43.6,All Ages,Los Angeles
2014,91390,44,20.1,All Ages,Los Angeles
2014,91401,185,45.8,All Ages,Los Angeles
2014,91402,625,86.4,All Ages,Los Angeles
2014,91403,97,44.7,All Ages,Los Angeles
2014,91405,421,84.6,All Ages,Los Angeles
2014,91406,326,59.5,All Ages,Los Angeles
2014,91411,173,67,All Ages,Los Angeles
2014,91423,74,24.2,All Ages,Los Angeles
2014,91436,39,22.8,All Ages,Los Angeles
2014,91501,64,28.4,All Ages,Los Angeles
2014,91502,32,29.7,All Ages,Los Angeles
2014,91504,64,25.2,All Ages,Los Angeles
2014,91505,86,29.1,All Ages,Los Angeles
2014,91506,73,40.2,All Ages,Los Angeles
2014,91601,181,53.5,All Ages,Los Angeles
2014,91602,40,23.9,All Ages,Los Angeles
2014,91604,62,22.7,All Ages,Los Angeles
2014,91605,364,64.4,All Ages,Los Angeles
2014,91606,245,59.5,All Ages,Los Angeles
2014,91607,123,46.7,All Ages,Los Angeles
2014,91701,109,28,All Ages,San Bernardino
2014,91702,381,60.1,All Ages,Los Angeles
2014,91706,449,59,All Ages,Los Angeles
2014,91708,26,45.3,All Ages,San Bernardino
2014,91709,162,23.1,All Ages,San Bernardino
2014,91710,402,52.6,All Ages,San Bernardino
2014,91711,67,21.1,All Ages,Los Angeles
2014,91722,156,44,All Ages,Los Angeles
2014,91723,90,47.6,All Ages,Los Angeles
2014,91724,125,48.1,All Ages,Los Angeles
2014,91730,251,39,All Ages,San Bernardino
2014,91731,137,48.2,All Ages,Los Angeles
2014,91732,394,61.2,All Ages,Los Angeles
2014,91733,238,52.9,All Ages,Los Angeles
2014,91737,75,33.2,All Ages,San Bernardino
2014,91739,104,27.6,All Ages,San Bernardino
2014,91740,113,47.8,All Ages,Los Angeles
2014,91741,62,27.2,All Ages,Los Angeles
2014,91744,542,63.6,All Ages,Los Angeles
2014,91745,189,37.7,All Ages,Los Angeles
2014,91746,131,41.7,All Ages,Los Angeles
2014,91748,114,27.5,All Ages,Los Angeles
2014,91750,99,31.7,All Ages,Los Angeles
2014,91752,144,46.6,All Ages,Riverside
2014,91754,103,34.9,All Ages,Los Angeles
2014,91755,48,19.6,All Ages,Los Angeles
2014,91761,265,47.1,All Ages,San Bernardino
2014,91762,364,64.2,All Ages,San Bernardino
2014,91763,234,62.4,All Ages,San Bernardino
2014,91764,356,62.6,All Ages,San Bernardino
2014,91765,101,23.4,All Ages,Los Angeles
2014,91766,486,68.7,All Ages,Los Angeles
2014,91767,402,83,All Ages,Los Angeles
2014,91768,212,61.6,All Ages,Los Angeles
2014,91770,189,31.2,All Ages,Los Angeles
2014,91773,116,36.8,All Ages,Los Angeles
2014,91775,33,14.7,All Ages,Los Angeles
2014,91776,135,38,All Ages,Los Angeles
2014,91780,56,17.9,All Ages,Los Angeles
2014,91784,76,33.8,All Ages,San Bernardino
2014,91786,290,55.4,All Ages,San Bernardino
2014,91789,69,19.5,All Ages,Los Angeles
2014,91790,227,51,All Ages,Los Angeles
2014,91791,109,36.8,All Ages,Los Angeles
2014,91792,118,38.1,All Ages,Los Angeles
2014,91801,124,27,All Ages,Los Angeles
2014,91803,70,26.1,All Ages,Los Angeles
2014,91901,36,22,All Ages,San Diego
2014,91902,51,31.7,All Ages,San Diego
2014,91910,399,54,All Ages,San Diego
2014,91911,479,56.5,All Ages,San Diego
2014,91913,95,21.5,All Ages,San Diego
2014,91914,19,12.5,All Ages,San Diego
2014,91915,63,23.4,All Ages,San Diego
2014,91932,163,65,All Ages,San Diego
2014,91935,19,17.6,All Ages,San Diego
2014,91941,95,30.8,All Ages,San Diego
2014,91942,153,43.5,All Ages,San Diego
2014,91945,172,69.3,All Ages,San Diego
2014,91950,427,71.9,All Ages,San Diego
2014,91977,321,54.4,All Ages,San Diego
2014,91978,32,35.6,All Ages,San Diego
2014,92007,30,31.3,All Ages,San Diego
2014,92008,47,17.5,All Ages,San Diego
2014,92009,52,12.3,All Ages,San Diego
2014,92010,30,20.5,All Ages,San Diego
2014,92011,45,20.2,All Ages,San Diego
2014,92019,129,29.8,All Ages,San Diego
2014,92020,273,46.1,All Ages,San Diego
2014,92021,306,51.1,All Ages,San Diego
2014,92024,81,17.8,All Ages,San Diego
2014,92025,161,33.2,All Ages,San Diego
2014,92026,140,28.1,All Ages,San Diego
2014,92027,202,36.7,All Ages,San Diego
2014,92028,167,27.5,All Ages,San Diego
2014,92029,34,19.1,All Ages,San Diego
2014,92037,36,11.5,All Ages,San Diego
2014,92040,163,37.2,All Ages,San Diego
2014,92054,137,33.8,All Ages,San Diego
2014,92056,139,29.1,All Ages,San Diego
2014,92057,139,24.5,All Ages,San Diego
2014,92058,91,29.4,All Ages,San Diego
2014,92064,85,19,All Ages,San Diego
2014,92065,79,23.1,All Ages,San Diego
2014,92069,111,22.6,All Ages,San Diego
2014,92071,168,31.3,All Ages,San Diego
2014,92075,19,18.6,All Ages,San Diego
2014,92078,82,17.1,All Ages,San Diego
2014,92081,54,19.6,All Ages,San Diego
2014,92082,59,27.9,All Ages,San Diego
2014,92083,169,45.6,All Ages,San Diego
2014,92084,146,31.9,All Ages,San Diego
2014,92101,270,87.6,All Ages,San Diego
2014,92102,312,73.1,All Ages,San Diego
2014,92103,105,36.7,All Ages,San Diego
2014,92104,204,45.1,All Ages,San Diego
2014,92105,502,70.7,All Ages,San Diego
2014,92106,38,21.2,All Ages,San Diego
2014,92107,53,20.7,All Ages,San Diego
2014,92108,47,42.7,All Ages,San Diego
2014,92109,98,32.3,All Ages,San Diego
2014,92110,77,32.2,All Ages,San Diego
2014,92111,187,42.3,All Ages,San Diego
2014,92113,475,92.5,All Ages,San Diego
2014,92114,531,82.6,All Ages,San Diego
2014,92115,318,58,All Ages,San Diego
2014,92116,113,44.3,All Ages,San Diego
2014,92117,186,39.8,All Ages,San Diego
2014,92118,26,16,All Ages,San Diego
2014,92119,50,23.6,All Ages,San Diego
2014,92120,81,35.4,All Ages,San Diego
2014,92121,15,26.7,All Ages,San Diego
2014,92122,66,17.6,All Ages,San Diego
2014,92123,116,41.9,All Ages,San Diego
2014,92124,66,20.6,All Ages,San Diego
2014,92126,203,31.1,All Ages,San Diego
2014,92127,65,14.1,All Ages,San Diego
2014,92128,85,17.7,All Ages,San Diego
2014,92129,124,25.3,All Ages,San Diego
2014,92130,43,8.7,All Ages,San Diego
2014,92131,53,15.6,All Ages,San Diego
2014,92139,176,49,All Ages,San Diego
2014,92154,299,39.3,All Ages,San Diego
2014,92173,165,54.8,All Ages,San Diego
2014,92201,336,52.2,All Ages,Riverside
2014,92203,70,24,All Ages,Riverside
2014,92211,40,21.5,All Ages,Riverside
2014,92220,220,74.3,All Ages,Riverside
2014,92223,223,46.4,All Ages,Riverside
2014,92225,122,54.6,All Ages,Riverside
2014,92227,348,122.2,All Ages,Imperial
2014,92230,43,150.7,All Ages,Riverside
2014,92231,234,55.9,All Ages,Imperial
2014,92233,38,62.1,All Ages,Imperial
2014,92234,166,33.8,All Ages,Riverside
2014,92236,226,48.5,All Ages,Riverside
2014,92240,207,58.2,All Ages,Riverside
2014,92241,26,26.1,All Ages,Riverside
2014,92243,549,105.6,All Ages,Imperial
2014,92249,49,60.5,All Ages,Imperial
2014,92250,65,81.7,All Ages,Imperial
2014,92251,137,64.4,All Ages,Imperial
2014,92252,57,60.4,All Ages,San Bernardino
2014,92253,106,31.8,All Ages,Riverside
2014,92254,39,26.6,All Ages,Riverside
2014,92257,23,115.4,All Ages,Imperial
2014,92260,58,24.2,All Ages,Riverside
2014,92262,111,45.8,All Ages,Riverside
2014,92264,52,43.6,All Ages,Riverside
2014,92270,28,22.8,All Ages,Riverside
2014,92274,85,33,All Ages,Riverside
2014,92276,26,38.8,All Ages,Riverside
2014,92277,44,21.5,All Ages,San Bernardino
2014,92284,77,32,All Ages,San Bernardino
2014,92301,345,100.8,All Ages,San Bernardino
2014,92307,313,84,All Ages,San Bernardino
2014,92308,234,58.3,All Ages,San Bernardino
2014,92311,413,123.7,All Ages,San Bernardino
2014,92313,48,43,All Ages,San Bernardino
2014,92314,45,34.5,All Ages,San Bernardino
2014,92315,32,93,All Ages,San Bernardino
2014,92316,224,70.7,All Ages,San Bernardino
2014,92317,17,45,All Ages,San Bernardino
2014,92320,36,50.2,All Ages,Riverside
2014,92324,353,61,All Ages,San Bernardino
2014,92325,76,186.3,All Ages,San Bernardino
2014,92335,575,58.5,All Ages,San Bernardino
2014,92336,342,36.2,All Ages,San Bernardino
2014,92337,174,48.4,All Ages,San Bernardino
2014,92342,38,66,All Ages,San Bernardino
2014,92344,66,30.8,All Ages,San Bernardino
2014,92345,555,68.6,All Ages,San Bernardino
2014,92346,258,45.4,All Ages,San Bernardino
2014,92352,18,68.9,All Ages,San Bernardino
2014,92354,88,41.8,All Ages,San Bernardino
2014,92356,39,56.8,All Ages,San Bernardino
2014,92359,38,45,All Ages,San Bernardino
2014,92363,125,252.2,All Ages,San Bernardino
2014,92371,83,46.4,All Ages,San Bernardino
2014,92372,24,57.9,All Ages,San Bernardino
2014,92373,108,37.4,All Ages,San Bernardino
2014,92374,181,43.8,All Ages,San Bernardino
2014,92376,623,71.1,All Ages,San Bernardino
2014,92377,84,40.5,All Ages,San Bernardino
2014,92392,431,74.3,All Ages,San Bernardino
2014,92394,283,73.6,All Ages,San Bernardino
2014,92395,393,86.7,All Ages,San Bernardino
2014,92397,20,65.6,All Ages,San Bernardino
2014,92399,158,28.9,All Ages,San Bernardino
2014,92401,47,242,All Ages,San Bernardino
2014,92404,721,107.2,All Ages,San Bernardino
2014,92405,329,110.8,All Ages,San Bernardino
2014,92407,467,74.6,All Ages,San Bernardino
2014,92408,80,51.7,All Ages,San Bernardino
2014,92410,576,113.3,All Ages,San Bernardino
2014,92411,476,177.8,All Ages,San Bernardino
2014,92501,194,92.2,All Ages,Riverside
2014,92503,411,45.9,All Ages,Riverside
2014,92504,309,56.4,All Ages,Riverside
2014,92505,245,48.2,All Ages,Riverside
2014,92506,142,36.3,All Ages,Riverside
2014,92507,335,68,All Ages,Riverside
2014,92508,80,21.6,All Ages,Riverside
2014,92509,388,49.5,All Ages,Riverside
2014,92530,232,44,All Ages,Riverside
2014,92532,76,35.2,All Ages,Riverside
2014,92536,16,39.5,All Ages,Riverside
2014,92539,13,29.7,All Ages,Riverside
2014,92543,272,92.4,All Ages,Riverside
2014,92544,246,53.3,All Ages,Riverside
2014,92545,185,49.4,All Ages,Riverside
2014,92548,36,43.1,All Ages,Riverside
2014,92551,183,52.4,All Ages,Riverside
2014,92553,541,70.4,All Ages,Riverside
2014,92555,211,51.4,All Ages,Riverside
2014,92557,209,42.4,All Ages,Riverside
2014,92562,150,24.2,All Ages,Riverside
2014,92563,162,25,All Ages,Riverside
2014,92567,21,23.3,All Ages,Riverside
2014,92570,285,49.5,All Ages,Riverside
2014,92571,254,45,All Ages,Riverside
2014,92582,83,43,All Ages,Riverside
2014,92583,200,65.1,All Ages,Riverside
2014,92584,147,34.3,All Ages,Riverside
2014,92585,69,34,All Ages,Riverside
2014,92586,74,49.9,All Ages,Riverside
2014,92587,61,35.1,All Ages,Riverside
2014,92591,132,32.9,All Ages,Riverside
2014,92592,152,20.2,All Ages,Riverside
2014,92595,105,33.8,All Ages,Riverside
2014,92596,50,21.4,All Ages,Riverside
2014,92602,34,16,All Ages,Orange
2014,92603,26,12.6,All Ages,Orange
2014,92604,68,27,All Ages,Orange
2014,92606,29,14,All Ages,Orange
2014,92610,21,18,All Ages,Orange
2014,92612,62,27.8,All Ages,Orange
2014,92614,51,24.9,All Ages,Orange
2014,92617,12,19.7,All Ages,Orange
2014,92618,54,24.3,All Ages,Orange
2014,92620,60,15.1,All Ages,Orange
2014,92624,13,18.8,All Ages,Orange
2014,92625,25,24.1,All Ages,Orange
2014,92626,138,29.5,All Ages,Orange
2014,92627,281,46.8,All Ages,Orange
2014,92629,65,29.3,All Ages,Orange
2014,92630,147,25.1,All Ages,Orange
2014,92637,63,18.3,All Ages,Orange
2014,92646,135,25.6,All Ages,Orange
2014,92647,214,38.6,All Ages,Orange
2014,92648,105,25.1,All Ages,Orange
2014,92649,70,21.4,All Ages,Orange
2014,92651,49,19.2,All Ages,Orange
2014,92653,56,20.1,All Ages,Orange
2014,92655,38,51.5,All Ages,Orange
2014,92656,73,16.5,All Ages,Orange
2014,92660,54,16.3,All Ages,Orange
2014,92663,50,25.9,All Ages,Orange
2014,92672,93,23.3,All Ages,Orange
2014,92673,50,18.6,All Ages,Orange
2014,92675,78,22.3,All Ages,Orange
2014,92677,146,23.6,All Ages,Orange
2014,92679,45,17.4,All Ages,Orange
2014,92683,316,34.6,All Ages,Orange
2014,92688,72,17,All Ages,Orange
2014,92691,100,21.7,All Ages,Orange
2014,92692,88,19.6,All Ages,Orange
2014,92694,32,14.6,All Ages,Orange
2014,92701,285,50.3,All Ages,Orange
2014,92703,322,43.6,All Ages,Orange
2014,92704,382,41.7,All Ages,Orange
2014,92705,120,29.3,All Ages,Orange
2014,92706,151,37.9,All Ages,Orange
2014,92707,275,42.6,All Ages,Orange
2014,92708,138,25.2,All Ages,Orange
2014,92780,172,30.6,All Ages,Orange
2014,92782,41,15.1,All Ages,Orange
2014,92801,330,51.8,All Ages,Orange
2014,92802,206,46.7,All Ages,Orange
2014,92804,392,44.9,All Ages,Orange
2014,92805,346,44.7,All Ages,Orange
2014,92806,205,50.5,All Ages,Orange
2014,92807,81,23.9,All Ages,Orange
2014,92808,35,19.4,All Ages,Orange
2014,92821,117,31.2,All Ages,Orange
2014,92831,150,47.7,All Ages,Orange
2014,92832,134,55.2,All Ages,Orange
2014,92833,178,35,All Ages,Orange
2014,92835,62,26.8,All Ages,Orange
2014,92840,228,41.8,All Ages,Orange
2014,92841,130,39.6,All Ages,Orange
2014,92843,204,45.2,All Ages,Orange
2014,92844,91,40.1,All Ages,Orange
2014,92845,30,21.1,All Ages,Orange
2014,92860,91,34.9,All Ages,Riverside
2014,92865,56,28.9,All Ages,Orange
2014,92866,70,46.3,All Ages,Orange
2014,92867,73,17.1,All Ages,Orange
2014,92868,84,36.7,All Ages,Orange
2014,92869,67,18.6,All Ages,Orange
2014,92870,208,40,All Ages,Orange
2014,92879,189,39.9,All Ages,Riverside
2014,92880,203,28.3,All Ages,Riverside
2014,92881,58,17.9,All Ages,Riverside
2014,92882,223,33,All Ages,Riverside
2014,92883,73,26,All Ages,Riverside
2014,92886,148,30.4,All Ages,Orange
2014,92887,41,24.2,All Ages,Orange
2014,93001,142,47.4,All Ages,Ventura
2014,93003,144,31.4,All Ages,Ventura
2014,93004,81,29.8,All Ages,Ventura
2014,93010,148,35,All Ages,Ventura
2014,93012,79,23.4,All Ages,Ventura
2014,93013,30,19.8,All Ages,Santa Barbara
2014,93015,44,21.7,All Ages,Ventura
2014,93021,88,24.6,All Ages,Ventura
2014,93022,14,26.1,All Ages,Ventura
2014,93023,68,37.5,All Ages,Ventura
2014,93030,415,69.2,All Ages,Ventura
2014,93033,353,39.5,All Ages,Ventura
2014,93035,101,38.2,All Ages,Ventura
2014,93036,172,37,All Ages,Ventura
2014,93041,97,40.4,All Ages,Ventura
2014,93060,126,36.6,All Ages,Ventura
2014,93063,196,36.4,All Ages,Ventura
2014,93065,232,32.8,All Ages,Ventura
2014,93101,159,54.9,All Ages,Santa Barbara
2014,93103,80,45.2,All Ages,Santa Barbara
2014,93105,50,20.5,All Ages,Santa Barbara
2014,93109,23,26.5,All Ages,Santa Barbara
2014,93110,43,34.5,All Ages,Santa Barbara
2014,93111,44,26.9,All Ages,Santa Barbara
2014,93117,95,28,All Ages,Santa Barbara
2014,93202,71,243.8,All Ages,Kings
2014,93203,97,45.8,All Ages,Kern
2014,93204,56,39.6,All Ages,Kings
2014,93206,12,48.2,All Ages,Kern
2014,93210,101,55.3,All Ages,Fresno
2014,93212,110,52.5,All Ages,Kings
2014,93215,244,43.9,All Ages,Kern
2014,93219,73,62.8,All Ages,Tulare
2014,93221,60,35.7,All Ages,Tulare
2014,93223,65,58.6,All Ages,Tulare
2014,93230,691,99.6,All Ages,Kings
2014,93234,40,55.6,All Ages,Fresno
2014,93235,31,57.2,All Ages,Tulare
2014,93240,48,92,All Ages,Kern
2014,93241,71,41.4,All Ages,Kern
2014,93242,22,64.8,All Ages,Fresno
2014,93245,279,72.7,All Ages,Kings
2014,93247,85,42,All Ages,Tulare
2014,93250,104,72.6,All Ages,Kern
2014,93256,24,31.1,All Ages,Tulare
2014,93257,392,47.8,All Ages,Tulare
2014,93261,16,66.3,All Ages,Tulare
2014,93263,94,43.3,All Ages,Kern
2014,93267,27,39.9,All Ages,Tulare
2014,93268,77,41,All Ages,Kern
2014,93270,22,33.3,All Ages,Tulare
2014,93274,472,63.9,All Ages,Tulare
2014,93277,209,41.1,All Ages,Tulare
2014,93280,91,31.9,All Ages,Kern
2014,93283,13,63.9,All Ages,Kern
2014,93285,17,88.2,All Ages,Kern
2014,93286,29,25.8,All Ages,Tulare
2014,93291,268,46,All Ages,Tulare
2014,93292,224,53.8,All Ages,Tulare
2014,93301,191,160.8,All Ages,Kern
2014,93304,627,114.3,All Ages,Kern
2014,93305,449,108.9,All Ages,Kern
2014,93306,465,65.4,All Ages,Kern
2014,93307,773,83.3,All Ages,Kern
2014,93308,379,70.7,All Ages,Kern
2014,93309,444,74.1,All Ages,Kern
2014,93311,140,31.6,All Ages,Kern
2014,93312,167,28.1,All Ages,Kern
2014,93313,227,46.2,All Ages,Kern
2014,93314,77,32,All Ages,Kern
2014,93401,82,35,All Ages,San Luis Obispo
2014,93402,42,35.4,All Ages,San Luis Obispo
2014,93405,42,24,All Ages,San Luis Obispo
2014,93420,104,44.2,All Ages,San Luis Obispo
2014,93422,92,30.9,All Ages,San Luis Obispo
2014,93433,58,47,All Ages,San Luis Obispo
2014,93434,44,56.3,All Ages,Santa Barbara
2014,93436,251,45.7,All Ages,Santa Barbara
2014,93437,14,22.3,All Ages,Santa Barbara
2014,93442,23,24.3,All Ages,San Luis Obispo
2014,93444,61,32.8,All Ages,San Luis Obispo
2014,93445,39,56,All Ages,San Luis Obispo
2014,93446,162,37.4,All Ages,San Luis Obispo
2014,93449,14,21.8,All Ages,San Luis Obispo
2014,93451,18,49,All Ages,San Luis Obispo
2014,93454,207,54.5,All Ages,Santa Barbara
2014,93455,148,37.2,All Ages,Santa Barbara
2014,93458,276,43.9,All Ages,Santa Barbara
2014,93460,18,34,All Ages,Santa Barbara
2014,93463,22,28.1,All Ages,Santa Barbara
2014,93465,29,34.6,All Ages,San Luis Obispo
2014,93501,46,82,All Ages,Kern
2014,93505,142,98.6,All Ages,Kern
2014,93510,44,53.5,All Ages,Los Angeles
2014,93514,61,48.4,All Ages,Inyo
2014,93534,531,132.5,All Ages,Los Angeles
2014,93535,948,124.6,All Ages,Los Angeles
2014,93536,343,47,All Ages,Los Angeles
2014,93543,84,62.4,All Ages,Los Angeles
2014,93546,43,44.2,All Ages,Mono
2014,93550,835,103.5,All Ages,Los Angeles
2014,93551,192,39.4,All Ages,Los Angeles
2014,93552,251,59.7,All Ages,Los Angeles
2014,93555,199,66.3,All Ages,Kern
2014,93560,118,59.3,All Ages,Kern
2014,93561,182,56.1,All Ages,Kern
2014,93591,59,81.9,All Ages,Los Angeles
2014,93609,55,96.2,All Ages,Fresno
2014,93610,111,54.2,All Ages,Madera
2014,93611,195,46.7,All Ages,Fresno
2014,93612,299,85.1,All Ages,Fresno
2014,93614,34,34.1,All Ages,Madera
2014,93615,21,25,All Ages,Tulare
2014,93616,20,74.2,All Ages,Fresno
2014,93618,185,54.2,All Ages,Tulare
2014,93619,82,23.5,All Ages,Fresno
2014,93620,100,101.2,All Ages,Merced
2014,93622,60,56.2,All Ages,Fresno
2014,93625,52,65.1,All Ages,Fresno
2014,93630,117,51.3,All Ages,Fresno
2014,93631,106,59.3,All Ages,Fresno
2014,93635,474,115.8,All Ages,Merced
2014,93636,41,39.6,All Ages,Madera
2014,93637,316,76.1,All Ages,Madera
2014,93638,439,74.8,All Ages,Madera
2014,93640,83,57.9,All Ages,Fresno
2014,93644,25,29.2,All Ages,Madera
2014,93646,74,65.3,All Ages,Fresno
2014,93647,49,34,All Ages,Tulare
2014,93648,169,89.1,All Ages,Fresno
2014,93650,49,138,All Ages,Fresno
2014,93654,221,69.2,All Ages,Fresno
2014,93656,40,58.3,All Ages,Fresno
2014,93657,235,63.7,All Ages,Fresno
2014,93660,20,31.3,All Ages,Fresno
2014,93662,387,122.4,All Ages,Fresno
2014,93675,12,36.5,All Ages,Fresno
2014,93701,185,139.6,All Ages,Fresno
2014,93702,505,99.8,All Ages,Fresno
2014,93703,449,125,All Ages,Fresno
2014,93704,216,85.5,All Ages,Fresno
2014,93705,503,125.1,All Ages,Fresno
2014,93706,531,116.1,All Ages,Fresno
2014,93710,239,85.3,All Ages,Fresno
2014,93711,160,47.1,All Ages,Fresno
2014,93720,161,35.6,All Ages,Fresno
2014,93721,42,72.5,All Ages,Fresno
2014,93722,646,76.9,All Ages,Fresno
2014,93723,46,40.8,All Ages,Fresno
2014,93725,265,93.1,All Ages,Fresno
2014,93726,402,99.6,All Ages,Fresno
2014,93727,527,66,All Ages,Fresno
2014,93728,168,105.3,All Ages,Fresno
2014,93730,27,22.2,All Ages,Fresno
2014,93737,13,28.2,All Ages,Fresno
2014,93901,254,97.8,All Ages,Monterey
2014,93905,449,65.7,All Ages,Monterey
2014,93906,439,72.6,All Ages,Monterey
2014,93907,113,50.2,All Ages,Monterey
2014,93908,17,10.5,All Ages,Monterey
2014,93926,39,37.7,All Ages,Monterey
2014,93927,97,54.5,All Ages,Monterey
2014,93930,57,30.1,All Ages,Monterey
2014,93933,101,45.6,All Ages,Monterey
2014,93940,58,19.7,All Ages,Monterey
2014,93950,56,44.8,All Ages,Monterey
2014,93955,161,45,All Ages,Monterey
2014,93960,80,31.6,All Ages,Monterey
2014,94002,63,23.1,All Ages,San Mateo
2014,94005,18,45.5,All Ages,San Mateo
2014,94010,90,21.6,All Ages,San Mateo
2014,94014,264,55.5,All Ages,San Mateo
2014,94015,259,43.8,All Ages,San Mateo
2014,94019,65,31.1,All Ages,San Mateo
2014,94024,18,8,All Ages,Santa Clara
2014,94025,110,26.8,All Ages,San Mateo
2014,94030,97,48,All Ages,San Mateo
2014,94038,14,41.8,All Ages,San Mateo
2014,94040,43,12.7,All Ages,Santa Clara
2014,94041,19,12.4,All Ages,Santa Clara
2014,94043,62,20.8,All Ages,Santa Clara
2014,94044,154,43,All Ages,San Mateo
2014,94061,130,34.8,All Ages,San Mateo
2014,94062,57,24.3,All Ages,San Mateo
2014,94063,221,69.2,All Ages,San Mateo
2014,94065,22,18.2,All Ages,San Mateo
2014,94066,217,52,All Ages,San Mateo
2014,94070,61,18.6,All Ages,San Mateo
2014,94080,322,50.2,All Ages,San Mateo
2014,94085,56,25.5,All Ages,Santa Clara
2014,94086,77,15.6,All Ages,Santa Clara
2014,94087,68,12.4,All Ages,Santa Clara
2014,94089,84,41.7,All Ages,Santa Clara
2014,94102,339,117.1,All Ages,San Francisco
2014,94103,225,90.2,All Ages,San Francisco
2014,94107,98,49.1,All Ages,San Francisco
2014,94108,29,34.2,All Ages,San Francisco
2014,94109,171,36,All Ages,San Francisco
2014,94110,298,48,All Ages,San Francisco
2014,94111,17,63.5,All Ages,San Francisco
2014,94112,325,45.8,All Ages,San Francisco
2014,94114,60,24.2,All Ages,San Francisco
2014,94115,131,49.1,All Ages,San Francisco
2014,94116,93,25.1,All Ages,San Francisco
2014,94117,108,35.6,All Ages,San Francisco
2014,94118,62,18,All Ages,San Francisco
2014,94121,73,21.9,All Ages,San Francisco
2014,94122,116,25.8,All Ages,San Francisco
2014,94123,26,18.2,All Ages,San Francisco
2014,94124,369,106,All Ages,San Francisco
2014,94127,32,16.5,All Ages,San Francisco
2014,94130,24,86.3,All Ages,San Francisco
2014,94131,51,22.6,All Ages,San Francisco
2014,94132,99,44.1,All Ages,San Francisco
2014,94133,82,33.6,All Ages,San Francisco
2014,94134,210,51.3,All Ages,San Francisco
2014,94301,18,9.5,All Ages,Santa Clara
2014,94303,227,47.8,All Ages,Santa Clara
2014,94306,25,10.3,All Ages,Santa Clara
2014,94401,185,53.9,All Ages,San Mateo
2014,94402,56,22.3,All Ages,San Mateo
2014,94403,116,29.5,All Ages,San Mateo
2014,94404,65,19.2,All Ages,San Mateo
2014,94501,299,52.4,All Ages,Alameda
2014,94502,31,26.8,All Ages,Alameda
2014,94503,109,51.1,All Ages,Napa
2014,94505,46,36.4,All Ages,Contra Costa
2014,94506,42,18.7,All Ages,Contra Costa
2014,94507,19,13.8,All Ages,Contra Costa
2014,94509,869,138.2,All Ages,Contra Costa
2014,94510,110,42.2,All Ages,Solano
2014,94511,13,67.7,All Ages,Contra Costa
2014,94513,250,42.2,All Ages,Contra Costa
2014,94515,14,20.3,All Ages,Napa
2014,94517,31,28.1,All Ages,Contra Costa
2014,94518,126,46.5,All Ages,Contra Costa
2014,94519,117,64,All Ages,Contra Costa
2014,94520,359,94.6,All Ages,Contra Costa
2014,94521,188,45.4,All Ages,Contra Costa
2014,94523,109,31.4,All Ages,Contra Costa
2014,94525,13,40.2,All Ages,Contra Costa
2014,94526,44,18,All Ages,Contra Costa
2014,94530,71,31.6,All Ages,Contra Costa
2014,94531,335,80.1,All Ages,Contra Costa
2014,94533,749,103.9,All Ages,Solano
2014,94534,134,37,All Ages,Solano
2014,94536,321,44.6,All Ages,Alameda
2014,94538,285,47.4,All Ages,Alameda
2014,94539,83,16.5,All Ages,Alameda
2014,94541,608,97.9,All Ages,Alameda
2014,94542,62,52.1,All Ages,Alameda
2014,94544,631,84.8,All Ages,Alameda
2014,94545,299,99.9,All Ages,Alameda
2014,94546,240,60.8,All Ages,Alameda
2014,94547,113,50.2,All Ages,Contra Costa
2014,94549,58,22.4,All Ages,Contra Costa
2014,94550,112,24.3,All Ages,Alameda
2014,94551,83,23.2,All Ages,Alameda
2014,94552,29,20.9,All Ages,Alameda
2014,94553,265,57.2,All Ages,Contra Costa
2014,94555,141,43.2,All Ages,Alameda
2014,94556,21,13.8,All Ages,Contra Costa
2014,94558,290,45.7,All Ages,Napa
2014,94559,173,62.8,All Ages,Napa
2014,94560,260,61.6,All Ages,Alameda
2014,94561,244,63,All Ages,Contra Costa
2014,94563,30,22.2,All Ages,Contra Costa
2014,94564,71,40.3,All Ages,Contra Costa
2014,94565,1000,111,All Ages,Contra Costa
2014,94566,76,19.6,All Ages,Alameda
2014,94568,118,23.6,All Ages,Alameda
2014,94571,41,63.1,All Ages,Solano
2014,94572,85,102.8,All Ages,Contra Costa
2014,94574,31,32.5,All Ages,Napa
2014,94577,336,73.1,All Ages,Alameda
2014,94578,332,84.8,All Ages,Alameda
2014,94579,125,64.4,All Ages,Alameda
2014,94580,242,85.4,All Ages,Alameda
2014,94582,83,17.8,All Ages,Contra Costa
2014,94583,70,21.6,All Ages,Contra Costa
2014,94585,219,78.8,All Ages,Solano
2014,94587,406,57.6,All Ages,Alameda
2014,94588,61,19.2,All Ages,Alameda
2014,94589,358,121.8,All Ages,Solano
2014,94590,589,166.5,All Ages,Solano
2014,94591,448,87.6,All Ages,Solano
2014,94595,46,29.9,All Ages,Contra Costa
2014,94596,46,22.5,All Ages,Contra Costa
2014,94597,59,29.4,All Ages,Contra Costa
2014,94598,52,22,All Ages,Contra Costa
2014,94599,15,34.3,All Ages,Napa
2014,94601,556,103.9,All Ages,Alameda
2014,94602,163,56,All Ages,Alameda
2014,94603,563,173.5,All Ages,Alameda
2014,94605,581,142.5,All Ages,Alameda
2014,94606,317,92.3,All Ages,Alameda
2014,94607,367,148.8,All Ages,Alameda
2014,94608,308,116.7,All Ages,Alameda
2014,94609,185,97.9,All Ages,Alameda
2014,94610,124,46.6,All Ages,Alameda
2014,94611,102,25.3,All Ages,Alameda
2014,94612,184,134.8,All Ages,Alameda
2014,94618,20,13.6,All Ages,Alameda
2014,94619,159,76,All Ages,Alameda
2014,94621,564,175.6,All Ages,Alameda
2014,94702,93,60,All Ages,Alameda
2014,94703,145,82.7,All Ages,Alameda
2014,94704,60,75.3,All Ages,Alameda
2014,94705,27,24.1,All Ages,Alameda
2014,94706,64,33.9,All Ages,Alameda
2014,94707,20,18.7,All Ages,Alameda
2014,94708,14,12.3,All Ages,Alameda
2014,94709,21,36.2,All Ages,Alameda
2014,94710,64,86,All Ages,Alameda
2014,94801,520,165.4,All Ages,Contra Costa
2014,94803,167,71.9,All Ages,Contra Costa
2014,94804,547,137.3,All Ages,Contra Costa
2014,94805,95,71.4,All Ages,Contra Costa
2014,94806,546,89.7,All Ages,Contra Costa
2014,94901,111,28.1,All Ages,Marin
2014,94903,73,25.4,All Ages,Marin
2014,94904,16,11.3,All Ages,Marin
2014,94920,21,13.2,All Ages,Marin
2014,94925,21,29.1,All Ages,Marin
2014,94928,157,39,All Ages,Sonoma
2014,94931,28,38.7,All Ages,Sonoma
2014,94941,60,21,All Ages,Marin
2014,94945,42,24.1,All Ages,Marin
2014,94947,106,43.3,All Ages,Marin
2014,94949,68,40.3,All Ages,Marin
2014,94952,108,35.4,All Ages,Sonoma
2014,94954,160,42.2,All Ages,Sonoma
2014,94960,24,16.1,All Ages,Marin
2014,94965,38,38.1,All Ages,Marin
2014,95003,40,19.6,All Ages,Santa Cruz
2014,95005,14,20.2,All Ages,Santa Cruz
2014,95006,16,20.1,All Ages,Santa Cruz
2014,95008,119,25.8,All Ages,Santa Clara
2014,95010,36,36.3,All Ages,Santa Cruz
2014,95012,76,72.1,All Ages,Monterey
2014,95014,44,7,All Ages,Santa Clara
2014,95018,14,21.8,All Ages,Santa Cruz
2014,95019,46,73.3,All Ages,Santa Cruz
2014,95020,354,56.1,All Ages,Santa Clara
2014,95023,277,54.4,All Ages,San Benito
2014,95030,18,18.3,All Ages,Santa Clara
2014,95032,30,12.2,All Ages,Santa Clara
2014,95033,16,16.7,All Ages,Santa Cruz
2014,95035,131,19.2,All Ages,Santa Clara
2014,95037,137,28.5,All Ages,Santa Clara
2014,95045,16,36.4,All Ages,San Benito
2014,95046,23,39.2,All Ages,Santa Clara
2014,95050,104,27,All Ages,Santa Clara
2014,95051,128,23,All Ages,Santa Clara
2014,95054,50,24.5,All Ages,Santa Clara
2014,95060,144,35.3,All Ages,Santa Cruz
2014,95062,78,22.9,All Ages,Santa Cruz
2014,95065,18,21.9,All Ages,Santa Cruz
2014,95066,25,17.5,All Ages,Santa Cruz
2014,95070,29,8.8,All Ages,Santa Clara
2014,95073,34,35.5,All Ages,Santa Cruz
2014,95076,415,44.9,All Ages,Santa Cruz
2014,95110,75,38.7,All Ages,Santa Clara
2014,95111,338,56.1,All Ages,Santa Clara
2014,95112,268,49.2,All Ages,Santa Clara
2014,95116,340,63.7,All Ages,Santa Clara
2014,95117,91,29.9,All Ages,Santa Clara
2014,95118,97,30.6,All Ages,Santa Clara
2014,95119,44,41.9,All Ages,Santa Clara
2014,95120,56,16.3,All Ages,Santa Clara
2014,95121,126,34,All Ages,Santa Clara
2014,95122,309,53,All Ages,Santa Clara
2014,95123,260,40.7,All Ages,Santa Clara
2014,95124,120,24.7,All Ages,Santa Clara
2014,95125,145,28.4,All Ages,Santa Clara
2014,95126,105,30.7,All Ages,Santa Clara
2014,95127,277,45.2,All Ages,Santa Clara
2014,95128,133,39.4,All Ages,Santa Clara
2014,95129,53,13.7,All Ages,Santa Clara
2014,95130,41,27.6,All Ages,Santa Clara
2014,95131,71,24.6,All Ages,Santa Clara
2014,95132,121,29.4,All Ages,Santa Clara
2014,95133,92,33.8,All Ages,Santa Clara
2014,95134,36,16.6,All Ages,Santa Clara
2014,95135,28,12.9,All Ages,Santa Clara
2014,95136,159,36,All Ages,Santa Clara
2014,95138,49,32.7,All Ages,Santa Clara
2014,95139,15,23.4,All Ages,Santa Clara
2014,95148,134,30.9,All Ages,Santa Clara
2014,95202,139,230.1,All Ages,San Joaquin
2014,95203,203,118.6,All Ages,San Joaquin
2014,95204,167,58.2,All Ages,San Joaquin
2014,95205,316,78.5,All Ages,San Joaquin
2014,95206,536,79.5,All Ages,San Joaquin
2014,95207,326,67.4,All Ages,San Joaquin
2014,95209,221,54.5,All Ages,San Joaquin
2014,95210,292,76.8,All Ages,San Joaquin
2014,95212,102,35,All Ages,San Joaquin
2014,95215,110,48.1,All Ages,San Joaquin
2014,95219,87,30.4,All Ages,San Joaquin
2014,95220,14,24.5,All Ages,San Joaquin
2014,95222,17,31.6,All Ages,Calaveras
2014,95228,15,40.8,All Ages,Calaveras
2014,95231,28,70.1,All Ages,San Joaquin
2014,95237,16,51.8,All Ages,San Joaquin
2014,95240,211,42.8,All Ages,San Joaquin
2014,95242,61,24,All Ages,San Joaquin
2014,95249,37,126.8,All Ages,Calaveras
2014,95252,73,55.2,All Ages,Calaveras
2014,95255,18,77.3,All Ages,Calaveras
2014,95301,245,63,All Ages,Merced
2014,95304,56,38.5,All Ages,San Joaquin
2014,95307,233,52.4,All Ages,Stanislaus
2014,95315,101,68.7,All Ages,Merced
2014,95316,42,66.7,All Ages,Stanislaus
2014,95320,44,36,All Ages,San Joaquin
2014,95321,12,49.7,All Ages,Tuolumne
2014,95322,45,45.5,All Ages,Merced
2014,95324,32,45.6,All Ages,Merced
2014,95326,34,34.2,All Ages,Stanislaus
2014,95327,32,35.6,All Ages,Tuolumne
2014,95328,16,26.2,All Ages,Stanislaus
2014,95330,134,67.5,All Ages,San Joaquin
2014,95333,14,31.7,All Ages,Merced
2014,95334,72,43.1,All Ages,Merced
2014,95336,454,103.1,All Ages,San Joaquin
2014,95337,288,82.5,All Ages,San Joaquin
2014,95338,47,41.3,All Ages,Mariposa
2014,95340,465,136.3,All Ages,Merced
2014,95341,336,95.2,All Ages,Merced
2014,95348,260,83.1,All Ages,Merced
2014,95350,449,94,All Ages,Stanislaus
2014,95351,439,91.7,All Ages,Stanislaus
2014,95354,258,99.6,All Ages,Stanislaus
2014,95355,355,61.6,All Ages,Stanislaus
2014,95356,162,50.1,All Ages,Stanislaus
2014,95357,67,48.5,All Ages,Stanislaus
2014,95358,239,79.1,All Ages,Stanislaus
2014,95360,56,43.5,All Ages,Stanislaus
2014,95361,160,51.8,All Ages,Stanislaus
2014,95363,128,47.9,All Ages,Stanislaus
2014,95365,61,176.6,All Ages,Merced
2014,95366,63,38.3,All Ages,San Joaquin
2014,95367,111,44.4,All Ages,Stanislaus
2014,95368,62,43,All Ages,Stanislaus
2014,95370,135,59.3,All Ages,Tuolumne
2014,95372,12,76,All Ages,Tuolumne
2014,95376,478,91.5,All Ages,San Joaquin
2014,95377,133,46.5,All Ages,San Joaquin
2014,95380,363,86.8,All Ages,Stanislaus
2014,95382,144,40.9,All Ages,Stanislaus
2014,95383,20,48.7,All Ages,Tuolumne
2014,95386,41,47.1,All Ages,Stanislaus
2014,95388,85,59.3,All Ages,Merced
2014,95391,56,46.1,All Ages,San Joaquin
2014,95401,183,50.4,All Ages,Sonoma
2014,95403,227,51.1,All Ages,Sonoma
2014,95404,163,38.5,All Ages,Sonoma
2014,95405,95,43.7,All Ages,Sonoma
2014,95407,226,55.6,All Ages,Sonoma
2014,95409,74,30.8,All Ages,Sonoma
2014,95422,180,102.8,All Ages,Lake
2014,95423,27,80.3,All Ages,Lake
2014,95425,32,28.3,All Ages,Sonoma
2014,95436,15,32.2,All Ages,Sonoma
2014,95437,90,65.3,All Ages,Mendocino
2014,95441,12,69.1,All Ages,Sonoma
2014,95446,24,49.6,All Ages,Sonoma
2014,95448,64,37.1,All Ages,Sonoma
2014,95451,57,55.3,All Ages,Lake
2014,95453,51,44.5,All Ages,Lake
2014,95457,32,137.4,All Ages,Lake
2014,95458,29,94.6,All Ages,Lake
2014,95461,14,33.8,All Ages,Lake
2014,95464,28,133.4,All Ages,Lake
2014,95470,31,53.6,All Ages,Mendocino
2014,95472,69,25.2,All Ages,Sonoma
2014,95476,77,23,All Ages,Sonoma
2014,95482,188,61.1,All Ages,Mendocino
2014,95485,26,91.5,All Ages,Lake
2014,95490,89,66.8,All Ages,Mendocino
2014,95492,76,27.3,All Ages,Sonoma
2014,95501,221,88.6,All Ages,Humboldt
2014,95503,133,56.3,All Ages,Humboldt
2014,95519,81,48.7,All Ages,Humboldt
2014,95521,96,53.2,All Ages,Humboldt
2014,95531,109,49.3,All Ages,Del Norte
2014,95540,124,86.6,All Ages,Humboldt
2014,95542,22,52.1,All Ages,Humboldt
2014,95562,22,65.8,All Ages,Humboldt
2014,95570,14,58.3,All Ages,Humboldt
2014,95602,67,44.8,All Ages,Placer
2014,95603,75,30.5,All Ages,Placer
2014,95605,103,75.7,All Ages,Yolo
2014,95608,492,85.5,All Ages,Sacramento
2014,95610,213,48.3,All Ages,Sacramento
2014,95614,16,70.1,All Ages,El Dorado
2014,95616,85,24,All Ages,Yolo
2014,95618,37,16.5,All Ages,Yolo
2014,95619,37,136.6,All Ages,El Dorado
2014,95620,106,51,All Ages,Solano
2014,95621,242,60.4,All Ages,Sacramento
2014,95623,15,31,All Ages,El Dorado
2014,95624,282,44.8,All Ages,Sacramento
2014,95626,27,45.5,All Ages,Sacramento
2014,95628,143,41.3,All Ages,Sacramento
2014,95630,134,18.7,All Ages,Sacramento
2014,95631,17,28.5,All Ages,Placer
2014,95632,108,34.9,All Ages,Sacramento
2014,95633,12,45.9,All Ages,El Dorado
2014,95634,16,56.7,All Ages,El Dorado
2014,95640,50,45.6,All Ages,Amador
2014,95642,65,107.7,All Ages,Amador
2014,95648,144,30.4,All Ages,Placer
2014,95650,29,19.9,All Ages,Placer
2014,95655,23,53.9,All Ages,Sacramento
2014,95658,13,23.3,All Ages,Placer
2014,95660,349,106.4,All Ages,Sacramento
2014,95661,110,35.2,All Ages,Placer
2014,95662,178,58.4,All Ages,Sacramento
2014,95665,30,62.7,All Ages,Amador
2014,95666,26,42.9,All Ages,Amador
2014,95667,133,40,All Ages,El Dorado
2014,95669,18,51.8,All Ages,Amador
2014,95670,314,61,All Ages,Sacramento
2014,95673,93,59.8,All Ages,Sacramento
2014,95677,103,45.2,All Ages,Placer
2014,95678,171,41.1,All Ages,Placer
2014,95682,92,36.8,All Ages,El Dorado
2014,95683,22,39.7,All Ages,Sacramento
2014,95684,12,45.1,All Ages,El Dorado
2014,95685,20,49.5,All Ages,Amador
2014,95687,340,55,All Ages,Solano
2014,95688,207,61.5,All Ages,Solano
2014,95691,192,56,All Ages,Yolo
2014,95692,14,27.7,All Ages,Yuba
2014,95693,12,18.6,All Ages,Sacramento
2014,95694,43,49.2,All Ages,Yolo
2014,95695,206,52.9,All Ages,Yolo
2014,95713,21,17.9,All Ages,Placer
2014,95726,37,51.3,All Ages,El Dorado
2014,95742,25,30.8,All Ages,Sacramento
2014,95746,45,24.1,All Ages,Placer
2014,95747,154,26.7,All Ages,Placer
2014,95757,221,50.6,All Ages,Sacramento
2014,95758,237,38.6,All Ages,Sacramento
2014,95762,79,19.9,All Ages,El Dorado
2014,95765,63,18.3,All Ages,Placer
2014,95776,104,42.3,All Ages,Yolo
2014,95811,64,95.5,All Ages,Sacramento
2014,95814,67,106.5,All Ages,Sacramento
2014,95815,331,126.1,All Ages,Sacramento
2014,95816,59,40.5,All Ages,Sacramento
2014,95817,150,108.9,All Ages,Sacramento
2014,95818,116,61.9,All Ages,Sacramento
2014,95819,27,19.2,All Ages,Sacramento
2014,95820,326,92.5,All Ages,Sacramento
2014,95821,359,112.3,All Ages,Sacramento
2014,95822,407,95.1,All Ages,Sacramento
2014,95823,994,132.8,All Ages,Sacramento
2014,95824,334,106.2,All Ages,Sacramento
2014,95825,327,114.1,All Ages,Sacramento
2014,95826,260,74.8,All Ages,Sacramento
2014,95827,89,44.7,All Ages,Sacramento
2014,95828,477,81.2,All Ages,Sacramento
2014,95829,121,45.8,All Ages,Sacramento
2014,95831,157,39.1,All Ages,Sacramento
2014,95832,139,123.6,All Ages,Sacramento
2014,95833,308,78.7,All Ages,Sacramento
2014,95834,194,71.9,All Ages,Sacramento
2014,95835,172,46.8,All Ages,Sacramento
2014,95838,456,120.8,All Ages,Sacramento
2014,95841,190,99.1,All Ages,Sacramento
2014,95842,275,82.4,All Ages,Sacramento
2014,95843,225,49.5,All Ages,Sacramento
2014,95864,84,41.8,All Ages,Sacramento
2014,95901,155,47.9,All Ages,Yuba
2014,95912,13,26,All Ages,Colusa
2014,95917,12,40.2,All Ages,Butte
2014,95926,169,48.5,All Ages,Butte
2014,95928,134,40.7,All Ages,Butte
2014,95932,48,59.1,All Ages,Colusa
2014,95945,148,73.4,All Ages,Nevada
2014,95946,34,52.9,All Ages,Nevada
2014,95948,65,58.9,All Ages,Butte
2014,95949,52,33.6,All Ages,Nevada
2014,95953,53,46.7,All Ages,Sutter
2014,95954,41,39.1,All Ages,Butte
2014,95959,71,52.5,All Ages,Nevada
2014,95961,124,48.1,All Ages,Yuba
2014,95963,55,32.2,All Ages,Glenn
2014,95965,134,65.9,All Ages,Butte
2014,95966,175,68.1,All Ages,Butte
2014,95969,111,44.2,All Ages,Butte
2014,95971,21,33.7,All Ages,Plumas
2014,95973,90,26.3,All Ages,Butte
2014,95982,12,43.9,All Ages,Sutter
2014,95987,19,27.5,All Ages,Colusa
2014,95988,45,51.3,All Ages,Glenn
2014,95991,204,49.4,All Ages,Sutter
2014,95993,85,23.3,All Ages,Sutter
2014,96001,271,80.6,All Ages,Shasta
2014,96002,227,72,All Ages,Shasta
2014,96003,190,46,All Ages,Shasta
2014,96007,135,61.2,All Ages,Shasta
2014,96013,18,45.9,All Ages,Shasta
2014,96019,80,85.7,All Ages,Shasta
2014,96021,77,48.9,All Ages,Tehama
2014,96022,66,45.8,All Ages,Shasta
2014,96035,32,91.7,All Ages,Tehama
2014,96041,13,59.4,All Ages,Trinity
2014,96055,14,38.6,All Ages,Tehama
2014,96064,21,57.3,All Ages,Siskiyou
2014,96067,23,29.9,All Ages,Siskiyou
2014,96080,199,71,All Ages,Tehama
2014,96088,12,26.2,All Ages,Shasta
2014,96093,36,103.3,All Ages,Trinity
2014,96094,29,47.1,All Ages,Siskiyou
2014,96097,72,82.4,All Ages,Siskiyou
2014,96101,41,92.9,All Ages,Modoc
2014,96122,26,71.3,All Ages,Plumas
2014,96130,72,36.4,All Ages,Lassen
2014,96137,13,43.6,All Ages,Lassen
2014,96150,58,21,All Ages,El Dorado
2014,96161,33,13.4,All Ages,Nevada
2015,90001,441,74,All Ages,Los Angeles
2015,90002,476,90.9,All Ages,Los Angeles
2015,90003,725,104.2,All Ages,Los Angeles
2015,90004,267,47.6,All Ages,Los Angeles
2015,90005,120,21,All Ages,Los Angeles
2015,90006,281,48,All Ages,Los Angeles
2015,90007,176,53.4,All Ages,Los Angeles
2015,90008,342,112.7,All Ages,Los Angeles
2015,90011,663,62.1,All Ages,Los Angeles
2015,90012,62,24.3,All Ages,Los Angeles
2015,90013,124,91.5,All Ages,Los Angeles
2015,90014,78,80.5,All Ages,Los Angeles
2015,90015,133,74.2,All Ages,Los Angeles
2015,90016,385,82.9,All Ages,Los Angeles
2015,90017,210,87,All Ages,Los Angeles
2015,90018,366,67.6,All Ages,Los Angeles
2015,90019,355,54.8,All Ages,Los Angeles
2015,90020,102,60,All Ages,Los Angeles
2015,90021,48,121.8,All Ages,Los Angeles
2015,90022,473,69.8,All Ages,Los Angeles
2015,90023,350,77.1,All Ages,Los Angeles
2015,90024,61,20.9,All Ages,Los Angeles
2015,90025,72,18.9,All Ages,Los Angeles
2015,90026,292,46.8,All Ages,Los Angeles
2015,90027,155,36.4,All Ages,Los Angeles
2015,90028,160,65.6,All Ages,Los Angeles
2015,90029,229,59.5,All Ages,Los Angeles
2015,90031,190,48.9,All Ages,Los Angeles
2015,90032,242,54.3,All Ages,Los Angeles
2015,90033,346,69,All Ages,Los Angeles
2015,90034,183,35.6,All Ages,Los Angeles
2015,90035,82,30.1,All Ages,Los Angeles
2015,90036,94,27,All Ages,Los Angeles
2015,90037,558,86.4,All Ages,Los Angeles
2015,90038,119,43.9,All Ages,Los Angeles
2015,90039,107,37.4,All Ages,Los Angeles
2015,90040,69,52,All Ages,Los Angeles
2015,90041,82,30.6,All Ages,Los Angeles
2015,90042,296,48.7,All Ages,Los Angeles
2015,90043,491,112.9,All Ages,Los Angeles
2015,90044,973,101.7,All Ages,Los Angeles
2015,90045,90,25.5,All Ages,Los Angeles
2015,90046,106,26.5,All Ages,Los Angeles
2015,90047,600,118.7,All Ages,Los Angeles
2015,90048,45,22.6,All Ages,Los Angeles
2015,90049,46,13.5,All Ages,Los Angeles
2015,90056,42,73.9,All Ages,Los Angeles
2015,90057,250,60.1,All Ages,Los Angeles
2015,90058,39,92.8,All Ages,Los Angeles
2015,90059,463,104.2,All Ages,Los Angeles
2015,90061,289,102.7,All Ages,Los Angeles
2015,90062,386,120.5,All Ages,Los Angeles
2015,90063,296,50.7,All Ages,Los Angeles
2015,90064,55,21.4,All Ages,Los Angeles
2015,90065,242,52,All Ages,Los Angeles
2015,90066,177,34.7,All Ages,Los Angeles
2015,90068,35,16.2,All Ages,Los Angeles
2015,90069,30,11.3,All Ages,Los Angeles
2015,90094,13,24.9,All Ages,Los Angeles
2015,90201,508,49.5,All Ages,Los Angeles
2015,90210,28,13.9,All Ages,Los Angeles
2015,90211,27,34.6,All Ages,Los Angeles
2015,90212,28,21.1,All Ages,Los Angeles
2015,90220,585,114.8,All Ages,Los Angeles
2015,90221,473,82.3,All Ages,Los Angeles
2015,90222,330,100.9,All Ages,Los Angeles
2015,90230,124,39.3,All Ages,Los Angeles
2015,90232,52,36.2,All Ages,Los Angeles
2015,90240,77,28,All Ages,Los Angeles
2015,90241,193,47.3,All Ages,Los Angeles
2015,90242,222,47.9,All Ages,Los Angeles
2015,90245,32,24,All Ages,Los Angeles
2015,90247,348,74.5,All Ages,Los Angeles
2015,90248,50,50.8,All Ages,Los Angeles
2015,90249,194,72.1,All Ages,Los Angeles
2015,90250,636,64.6,All Ages,Los Angeles
2015,90254,20,9.4,All Ages,Los Angeles
2015,90255,395,52.9,All Ages,Los Angeles
2015,90260,188,53.5,All Ages,Los Angeles
2015,90262,399,55.6,All Ages,Los Angeles
2015,90265,20,10.3,All Ages,Los Angeles
2015,90266,38,11.3,All Ages,Los Angeles
2015,90270,142,52.8,All Ages,Los Angeles
2015,90272,29,12.5,All Ages,Los Angeles
2015,90274,27,6.9,All Ages,Los Angeles
2015,90275,28,12.6,All Ages,Los Angeles
2015,90277,58,18.1,All Ages,Los Angeles
2015,90278,88,22.9,All Ages,Los Angeles
2015,90280,417,43.2,All Ages,Los Angeles
2015,90291,81,28.7,All Ages,Los Angeles
2015,90292,36,18.9,All Ages,Los Angeles
2015,90293,27,26.2,All Ages,Los Angeles
2015,90301,356,90.2,All Ages,Los Angeles
2015,90302,252,82.4,All Ages,Los Angeles
2015,90303,220,88.5,All Ages,Los Angeles
2015,90304,153,50.4,All Ages,Los Angeles
2015,90305,111,103,All Ages,Los Angeles
2015,90401,36,60.5,All Ages,Los Angeles
2015,90402,13,13.6,All Ages,Los Angeles
2015,90403,47,18.2,All Ages,Los Angeles
2015,90404,111,51.8,All Ages,Los Angeles
2015,90405,56,23.6,All Ages,Los Angeles
2015,90501,210,50,All Ages,Los Angeles
2015,90502,77,45.6,All Ages,Los Angeles
2015,90503,99,23.9,All Ages,Los Angeles
2015,90504,103,34.9,All Ages,Los Angeles
2015,90505,82,24.2,All Ages,Los Angeles
2015,90601,156,60.5,All Ages,Los Angeles
2015,90602,183,72.7,All Ages,Los Angeles
2015,90603,93,45,All Ages,Los Angeles
2015,90604,202,49.3,All Ages,Los Angeles
2015,90605,213,53.1,All Ages,Los Angeles
2015,90606,160,50.2,All Ages,Los Angeles
2015,90620,207,47.3,All Ages,Orange
2015,90621,192,57.6,All Ages,Orange
2015,90623,39,29.1,All Ages,Orange
2015,90630,141,31.6,All Ages,Orange
2015,90631,305,43.8,All Ages,Orange
2015,90638,180,38.3,All Ages,Los Angeles
2015,90640,295,47.8,All Ages,Los Angeles
2015,90650,579,54.3,All Ages,Los Angeles
2015,90660,336,54,All Ages,Los Angeles
2015,90670,78,53.8,All Ages,Los Angeles
2015,90680,137,47.9,All Ages,Orange
2015,90701,47,29.9,All Ages,Los Angeles
2015,90703,152,38.6,All Ages,Los Angeles
2015,90704,12,27.6,All Ages,Los Angeles
2015,90706,407,52.3,All Ages,Los Angeles
2015,90710,128,48.5,All Ages,Los Angeles
2015,90712,374,134.7,All Ages,Los Angeles
2015,90713,80,28.9,All Ages,Los Angeles
2015,90715,103,49,All Ages,Los Angeles
2015,90716,89,60.3,All Ages,Los Angeles
2015,90717,105,50.9,All Ages,Los Angeles
2015,90720,48,23.2,All Ages,Orange
2015,90723,302,53.8,All Ages,Los Angeles
2015,90731,552,91.6,All Ages,Los Angeles
2015,90732,64,39.3,All Ages,Los Angeles
2015,90740,43,23.6,All Ages,Orange
2015,90744,388,67.9,All Ages,Los Angeles
2015,90745,273,50.5,All Ages,Los Angeles
2015,90746,177,81,All Ages,Los Angeles
2015,90755,45,41,All Ages,Los Angeles
2015,90802,294,71.2,All Ages,Los Angeles
2015,90803,44,15.3,All Ages,Los Angeles
2015,90804,318,81.6,All Ages,Los Angeles
2015,90805,823,84.3,All Ages,Los Angeles
2015,90806,415,98.9,All Ages,Los Angeles
2015,90807,112,37.3,All Ages,Los Angeles
2015,90808,109,30.4,All Ages,Los Angeles
2015,90810,255,70.2,All Ages,Los Angeles
2015,90813,775,131.6,All Ages,Los Angeles
2015,90814,66,44.9,All Ages,Los Angeles
2015,90815,82,20.7,All Ages,Los Angeles
2015,91001,128,37,All Ages,Los Angeles
2015,91006,69,23.5,All Ages,Los Angeles
2015,91007,58,20.1,All Ages,Los Angeles
2015,91010,119,46.1,All Ages,Los Angeles
2015,91011,24,14.4,All Ages,Los Angeles
2015,91016,160,41.8,All Ages,Los Angeles
2015,91020,18,24,All Ages,Los Angeles
2015,91024,23,20.9,All Ages,Los Angeles
2015,91030,49,21.3,All Ages,Los Angeles
2015,91040,78,40.6,All Ages,Los Angeles
2015,91042,68,26.5,All Ages,Los Angeles
2015,91101,41,26.2,All Ages,Los Angeles
2015,91103,152,54.8,All Ages,Los Angeles
2015,91104,117,32.3,All Ages,Los Angeles
2015,91105,24,19.7,All Ages,Los Angeles
2015,91106,49,21.6,All Ages,Los Angeles
2015,91107,79,25.2,All Ages,Los Angeles
2015,91201,63,30.9,All Ages,Los Angeles
2015,91202,61,24.5,All Ages,Los Angeles
2015,91203,62,42.2,All Ages,Los Angeles
2015,91204,111,69.5,All Ages,Los Angeles
2015,91205,167,44.9,All Ages,Los Angeles
2015,91206,119,36,All Ages,Los Angeles
2015,91207,21,26.7,All Ages,Los Angeles
2015,91208,26,20,All Ages,Los Angeles
2015,91214,91,36.3,All Ages,Los Angeles
2015,91301,42,17.5,All Ages,Los Angeles
2015,91302,41,15.6,All Ages,Los Angeles
2015,91303,217,75.9,All Ages,Los Angeles
2015,91304,279,57.1,All Ages,Los Angeles
2015,91306,302,68,All Ages,Los Angeles
2015,91307,113,46.6,All Ages,Los Angeles
2015,91311,124,39.7,All Ages,Los Angeles
2015,91316,142,54.5,All Ages,Los Angeles
2015,91320,79,18.8,All Ages,Ventura
2015,91321,165,46.9,All Ages,Los Angeles
2015,91324,162,63.8,All Ages,Los Angeles
2015,91325,162,55.8,All Ages,Los Angeles
2015,91326,70,22.7,All Ages,Los Angeles
2015,91331,766,72.3,All Ages,Los Angeles
2015,91335,508,68.4,All Ages,Los Angeles
2015,91340,258,69.8,All Ages,Los Angeles
2015,91342,499,53.9,All Ages,Los Angeles
2015,91343,459,75.1,All Ages,Los Angeles
2015,91344,201,42.3,All Ages,Los Angeles
2015,91345,92,50.8,All Ages,Los Angeles
2015,91350,101,26.7,All Ages,Los Angeles
2015,91351,145,50.8,All Ages,Los Angeles
2015,91352,318,65.3,All Ages,Los Angeles
2015,91354,64,18.6,All Ages,Los Angeles
2015,91355,91,27.4,All Ages,Los Angeles
2015,91356,135,47.3,All Ages,Los Angeles
2015,91360,88,21.4,All Ages,Ventura
2015,91361,20,10.3,All Ages,Ventura
2015,91362,89,27.4,All Ages,Ventura
2015,91364,68,27.7,All Ages,Los Angeles
2015,91367,139,32.5,All Ages,Los Angeles
2015,91381,35,17.6,All Ages,Los Angeles
2015,91384,68,29.9,All Ages,Los Angeles
2015,91387,214,48.3,All Ages,Los Angeles
2015,91390,27,15.2,All Ages,Los Angeles
2015,91401,207,51.5,All Ages,Los Angeles
2015,91402,609,82.6,All Ages,Los Angeles
2015,91403,79,43.3,All Ages,Los Angeles
2015,91405,401,79.6,All Ages,Los Angeles
2015,91406,321,58.9,All Ages,Los Angeles
2015,91411,164,64.4,All Ages,Los Angeles
2015,91423,83,29.4,All Ages,Los Angeles
2015,91436,34,22.1,All Ages,Los Angeles
2015,91501,67,30.5,All Ages,Los Angeles
2015,91502,42,42.4,All Ages,Los Angeles
2015,91504,83,34.7,All Ages,Los Angeles
2015,91505,101,34.8,All Ages,Los Angeles
2015,91506,57,33.7,All Ages,Los Angeles
2015,91601,190,50.9,All Ages,Los Angeles
2015,91602,41,28.9,All Ages,Los Angeles
2015,91604,51,18.1,All Ages,Los Angeles
2015,91605,401,72.7,All Ages,Los Angeles
2015,91606,270,63,All Ages,Los Angeles
2015,91607,135,48.9,All Ages,Los Angeles
2015,91701,124,34.8,All Ages,San Bernardino
2015,91702,338,54.2,All Ages,Los Angeles
2015,91706,408,53.2,All Ages,Los Angeles
2015,91708,29,46,All Ages,San Bernardino
2015,91709,186,26.1,All Ages,San Bernardino
2015,91710,320,41.1,All Ages,San Bernardino
2015,91711,90,28.1,All Ages,Los Angeles
2015,91722,150,39.8,All Ages,Los Angeles
2015,91723,101,56.3,All Ages,Los Angeles
2015,91724,110,44.6,All Ages,Los Angeles
2015,91730,241,35.9,All Ages,San Bernardino
2015,91731,148,49.6,All Ages,Los Angeles
2015,91732,420,62.7,All Ages,Los Angeles
2015,91733,238,50.9,All Ages,Los Angeles
2015,91737,57,27.2,All Ages,San Bernardino
2015,91739,95,25,All Ages,San Bernardino
2015,91740,113,47.9,All Ages,Los Angeles
2015,91741,75,30.2,All Ages,Los Angeles
2015,91744,544,65.2,All Ages,Los Angeles
2015,91745,202,39.7,All Ages,Los Angeles
2015,91746,128,41.1,All Ages,Los Angeles
2015,91748,103,22.7,All Ages,Los Angeles
2015,91750,94,32,All Ages,Los Angeles
2015,91752,136,44.6,All Ages,Riverside
2015,91754,100,32.3,All Ages,Los Angeles
2015,91755,58,25.3,All Ages,Los Angeles
2015,91761,253,42.5,All Ages,San Bernardino
2015,91762,388,69.3,All Ages,San Bernardino
2015,91763,230,56,All Ages,San Bernardino
2015,91764,300,52.8,All Ages,San Bernardino
2015,91765,91,21.4,All Ages,Los Angeles
2015,91766,481,64.2,All Ages,Los Angeles
2015,91767,384,80.6,All Ages,Los Angeles
2015,91768,237,72.2,All Ages,Los Angeles
2015,91770,208,34.7,All Ages,Los Angeles
2015,91773,132,41.3,All Ages,Los Angeles
2015,91775,51,21.7,All Ages,Los Angeles
2015,91776,116,33.6,All Ages,Los Angeles
2015,91780,68,20.6,All Ages,Los Angeles
2015,91784,53,23.5,All Ages,San Bernardino
2015,91786,301,57.5,All Ages,San Bernardino
2015,91789,79,17.7,All Ages,Los Angeles
2015,91790,216,49.4,All Ages,Los Angeles
2015,91791,121,38.2,All Ages,Los Angeles
2015,91792,120,40.6,All Ages,Los Angeles
2015,91801,184,37.6,All Ages,Los Angeles
2015,91803,87,30.9,All Ages,Los Angeles
2015,91901,37,15.8,All Ages,San Diego
2015,91902,38,24.5,All Ages,San Diego
2015,91910,428,57.2,All Ages,San Diego
2015,91911,502,60.7,All Ages,San Diego
2015,91913,116,24.7,All Ages,San Diego
2015,91915,58,17.9,All Ages,San Diego
2015,91932,174,70,All Ages,San Diego
2015,91935,14,15.5,All Ages,San Diego
2015,91941,98,29.5,All Ages,San Diego
2015,91942,147,44.1,All Ages,San Diego
2015,91945,195,80.9,All Ages,San Diego
2015,91950,472,79.7,All Ages,San Diego
2015,91977,308,51.4,All Ages,San Diego
2015,91978,30,35,All Ages,San Diego
2015,92007,20,19.3,All Ages,San Diego
2015,92008,49,20.3,All Ages,San Diego
2015,92009,45,10,All Ages,San Diego
2015,92010,19,15.2,All Ages,San Diego
2015,92011,30,15.5,All Ages,San Diego
2015,92019,150,30.3,All Ages,San Diego
2015,92020,358,59.7,All Ages,San Diego
2015,92021,326,67.7,All Ages,San Diego
2015,92024,76,17.9,All Ages,San Diego
2015,92025,196,39.6,All Ages,San Diego
2015,92026,150,28.1,All Ages,San Diego
2015,92027,186,34.1,All Ages,San Diego
2015,92028,96,21.7,All Ages,San Diego
2015,92029,22,11.8,All Ages,San Diego
2015,92037,46,11.1,All Ages,San Diego
2015,92040,136,33.7,All Ages,San Diego
2015,92054,106,29.1,All Ages,San Diego
2015,92056,153,30.5,All Ages,San Diego
2015,92057,116,15.4,All Ages,San Diego
2015,92058,121,61.3,All Ages,San Diego
2015,92061,18,56.1,All Ages,San Diego
2015,92064,80,17.5,All Ages,San Diego
2015,92065,84,23.1,All Ages,San Diego
2015,92069,95,19.3,All Ages,San Diego
2015,92071,183,33.2,All Ages,San Diego
2015,92075,16,15.1,All Ages,San Diego
2015,92078,64,13.5,All Ages,San Diego
2015,92081,93,34.9,All Ages,San Diego
2015,92082,53,29.2,All Ages,San Diego
2015,92083,121,32.3,All Ages,San Diego
2015,92084,152,31,All Ages,San Diego
2015,92101,218,67.5,All Ages,San Diego
2015,92102,318,74.6,All Ages,San Diego
2015,92103,137,54.1,All Ages,San Diego
2015,92104,229,50.3,All Ages,San Diego
2015,92105,469,63.1,All Ages,San Diego
2015,92106,52,29.6,All Ages,San Diego
2015,92107,51,19.6,All Ages,San Diego
2015,92108,61,21.9,All Ages,San Diego
2015,92109,62,17.3,All Ages,San Diego
2015,92110,90,42.7,All Ages,San Diego
2015,92111,202,43.7,All Ages,San Diego
2015,92113,531,99.8,All Ages,San Diego
2015,92114,584,89.3,All Ages,San Diego
2015,92115,337,62.6,All Ages,San Diego
2015,92116,119,40.6,All Ages,San Diego
2015,92117,195,43.2,All Ages,San Diego
2015,92118,47,28.2,All Ages,San Diego
2015,92119,63,30.7,All Ages,San Diego
2015,92120,80,30.4,All Ages,San Diego
2015,92121,12,22.3,All Ages,San Diego
2015,92122,67,23.7,All Ages,San Diego
2015,92123,126,58.8,All Ages,San Diego
2015,92124,65,28.4,All Ages,San Diego
2015,92126,199,34.5,All Ages,San Diego
2015,92127,71,17.1,All Ages,San Diego
2015,92128,83,18.9,All Ages,San Diego
2015,92129,118,24.8,All Ages,San Diego
2015,92130,51,6.8,All Ages,San Diego
2015,92131,62,16.6,All Ages,San Diego
2015,92139,184,52.5,All Ages,San Diego
2015,92154,352,44.2,All Ages,San Diego
2015,92173,171,55.9,All Ages,San Diego
2015,92201,344,53.7,All Ages,Riverside
2015,92203,81,28.8,All Ages,Riverside
2015,92211,46,37,All Ages,Riverside
2015,92220,200,72.3,All Ages,Riverside
2015,92223,233,45.9,All Ages,Riverside
2015,92225,146,63.2,All Ages,Riverside
2015,92227,327,116.2,All Ages,Imperial
2015,92230,17,54.6,All Ages,Riverside
2015,92231,219,53.1,All Ages,Imperial
2015,92233,53,98.1,All Ages,Imperial
2015,92234,187,39.2,All Ages,Riverside
2015,92236,268,64.4,All Ages,Riverside
2015,92240,235,65.9,All Ages,Riverside
2015,92241,25,31.5,All Ages,Riverside
2015,92243,465,90.1,All Ages,Imperial
2015,92249,41,51.5,All Ages,Imperial
2015,92250,47,64.5,All Ages,Imperial
2015,92251,149,75.1,All Ages,Imperial
2015,92252,42,45.9,All Ages,San Bernardino
2015,92253,104,30.9,All Ages,Riverside
2015,92254,42,24.1,All Ages,Riverside
2015,92256,12,48,All Ages,San Bernardino
2015,92257,20,94,All Ages,Imperial
2015,92260,51,23.2,All Ages,Riverside
2015,92262,119,51.6,All Ages,Riverside
2015,92264,45,41.5,All Ages,Riverside
2015,92270,30,22.6,All Ages,Riverside
2015,92274,68,25.6,All Ages,Riverside
2015,92276,18,28,All Ages,Riverside
2015,92277,84,37.3,All Ages,San Bernardino
2015,92281,33,107.7,All Ages,Imperial
2015,92284,109,46.9,All Ages,San Bernardino
2015,92301,373,105.3,All Ages,San Bernardino
2015,92307,367,96.7,All Ages,San Bernardino
2015,92308,273,67.8,All Ages,San Bernardino
2015,92311,587,200.5,All Ages,San Bernardino
2015,92313,37,36.2,All Ages,San Bernardino
2015,92314,42,40.4,All Ages,San Bernardino
2015,92315,31,84.8,All Ages,San Bernardino
2015,92316,227,69.2,All Ages,San Bernardino
2015,92320,28,32.7,All Ages,Riverside
2015,92324,362,59.9,All Ages,San Bernardino
2015,92325,64,89.9,All Ages,San Bernardino
2015,92335,619,59.4,All Ages,San Bernardino
2015,92336,328,35.4,All Ages,San Bernardino
2015,92337,169,43.9,All Ages,San Bernardino
2015,92342,37,65.6,All Ages,San Bernardino
2015,92344,76,36.1,All Ages,San Bernardino
2015,92345,552,72.1,All Ages,San Bernardino
2015,92346,248,43.2,All Ages,San Bernardino
2015,92347,12,75.6,All Ages,San Bernardino
2015,92352,15,11.7,All Ages,San Bernardino
2015,92354,85,43.3,All Ages,San Bernardino
2015,92356,59,76.7,All Ages,San Bernardino
2015,92359,31,36.6,All Ages,San Bernardino
2015,92363,75,146,All Ages,San Bernardino
2015,92365,14,49.8,All Ages,San Bernardino
2015,92371,88,49.2,All Ages,San Bernardino
2015,92372,22,54.8,All Ages,San Bernardino
2015,92373,97,34.4,All Ages,San Bernardino
2015,92374,198,46.6,All Ages,San Bernardino
2015,92376,607,73.4,All Ages,San Bernardino
2015,92377,112,52.2,All Ages,San Bernardino
2015,92382,17,33.5,All Ages,San Bernardino
2015,92386,17,94.4,All Ages,San Bernardino
2015,92392,438,78.2,All Ages,San Bernardino
2015,92394,293,75,All Ages,San Bernardino
2015,92395,446,101.5,All Ages,San Bernardino
2015,92397,17,40.5,All Ages,San Bernardino
2015,92399,172,32.4,All Ages,San Bernardino
2015,92401,58,323.4,All Ages,San Bernardino
2015,92404,695,112.4,All Ages,San Bernardino
2015,92405,305,94.4,All Ages,San Bernardino
2015,92407,427,75.9,All Ages,San Bernardino
2015,92408,110,71.1,All Ages,San Bernardino
2015,92410,505,102.2,All Ages,San Bernardino
2015,92411,383,138.1,All Ages,San Bernardino
2015,92501,188,90.7,All Ages,Riverside
2015,92503,447,48.7,All Ages,Riverside
2015,92504,311,56.4,All Ages,Riverside
2015,92505,271,56,All Ages,Riverside
2015,92506,145,35.7,All Ages,Riverside
2015,92507,342,69.7,All Ages,Riverside
2015,92508,75,21.9,All Ages,Riverside
2015,92509,416,51,All Ages,Riverside
2015,92530,283,45.6,All Ages,Riverside
2015,92532,99,111.2,All Ages,Riverside
2015,92539,14,28.7,All Ages,Riverside
2015,92543,309,103.3,All Ages,Riverside
2015,92544,246,53.4,All Ages,Riverside
2015,92545,209,54.7,All Ages,Riverside
2015,92548,46,57.5,All Ages,Riverside
2015,92551,196,58.9,All Ages,Riverside
2015,92553,490,64.3,All Ages,Riverside
2015,92555,194,55.2,All Ages,Riverside
2015,92557,229,39.9,All Ages,Riverside
2015,92562,196,31.1,All Ages,Riverside
2015,92563,200,30.9,All Ages,Riverside
2015,92567,31,33.8,All Ages,Riverside
2015,92570,269,46.8,All Ages,Riverside
2015,92571,252,43.3,All Ages,Riverside
2015,92582,95,50.5,All Ages,Riverside
2015,92583,206,66.6,All Ages,Riverside
2015,92584,178,41,All Ages,Riverside
2015,92585,72,37.7,All Ages,Riverside
2015,92586,90,62.5,All Ages,Riverside
2015,92587,54,20.5,All Ages,Riverside
2015,92591,137,33.2,All Ages,Riverside
2015,92592,196,24.9,All Ages,Riverside
2015,92595,114,36,All Ages,Riverside
2015,92596,92,32.7,All Ages,Riverside
2015,92602,43,20.6,All Ages,Orange
2015,92603,31,22.1,All Ages,Orange
2015,92604,64,27.2,All Ages,Orange
2015,92606,40,18,All Ages,Orange
2015,92610,16,14.3,All Ages,Orange
2015,92612,62,14.5,All Ages,Orange
2015,92614,51,26.5,All Ages,Orange
2015,92617,14,24.7,All Ages,Orange
2015,92618,66,24.6,All Ages,Orange
2015,92620,77,18.5,All Ages,Orange
2015,92624,33,52,All Ages,Orange
2015,92625,19,12.8,All Ages,Orange
2015,92626,143,31.3,All Ages,Orange
2015,92627,240,40.1,All Ages,Orange
2015,92629,51,20.2,All Ages,Orange
2015,92630,121,20.6,All Ages,Orange
2015,92637,60,23.5,All Ages,Orange
2015,92646,145,28.1,All Ages,Orange
2015,92647,228,36.7,All Ages,Orange
2015,92648,110,27.5,All Ages,Orange
2015,92649,62,23.6,All Ages,Orange
2015,92651,45,18.4,All Ages,Orange
2015,92653,61,21.4,All Ages,Orange
2015,92655,58,87.8,All Ages,Orange
2015,92656,98,20.2,All Ages,Orange
2015,92660,44,18.9,All Ages,Orange
2015,92663,43,21.6,All Ages,Orange
2015,92672,95,24.9,All Ages,Orange
2015,92673,68,22.9,All Ages,Orange
2015,92675,66,16.9,All Ages,Orange
2015,92677,108,18.2,All Ages,Orange
2015,92679,35,10.5,All Ages,Orange
2015,92683,370,39.8,All Ages,Orange
2015,92688,62,16.4,All Ages,Orange
2015,92691,117,24.2,All Ages,Orange
2015,92692,85,16.1,All Ages,Orange
2015,92694,37,12,All Ages,Orange
2015,92701,300,56.4,All Ages,Orange
2015,92703,338,74,All Ages,Orange
2015,92704,379,40.4,All Ages,Orange
2015,92705,116,66.9,All Ages,Orange
2015,92706,172,26.3,All Ages,Orange
2015,92707,323,49.3,All Ages,Orange
2015,92708,158,29.1,All Ages,Orange
2015,92780,187,25.7,All Ages,Orange
2015,92782,54,27.7,All Ages,Orange
2015,92801,310,48.2,All Ages,Orange
2015,92802,205,45.4,All Ages,Orange
2015,92804,403,46,All Ages,Orange
2015,92805,375,48.4,All Ages,Orange
2015,92806,205,51.5,All Ages,Orange
2015,92807,76,23.1,All Ages,Orange
2015,92808,31,15.3,All Ages,Orange
2015,92821,113,29.4,All Ages,Orange
2015,92831,145,45.2,All Ages,Orange
2015,92832,152,60.5,All Ages,Orange
2015,92833,213,39.9,All Ages,Orange
2015,92835,76,33.3,All Ages,Orange
2015,92840,244,44.7,All Ages,Orange
2015,92841,127,37.1,All Ages,Orange
2015,92843,259,54.1,All Ages,Orange
2015,92844,96,38.8,All Ages,Orange
2015,92845,42,27.9,All Ages,Orange
2015,92860,62,22.9,All Ages,Riverside
2015,92865,62,31.5,All Ages,Orange
2015,92866,78,51.4,All Ages,Orange
2015,92867,110,25.1,All Ages,Orange
2015,92868,113,28.9,All Ages,Orange
2015,92869,102,28.5,All Ages,Orange
2015,92870,206,40.3,All Ages,Orange
2015,92879,201,41.5,All Ages,Riverside
2015,92880,207,32.3,All Ages,Riverside
2015,92881,71,23.6,All Ages,Riverside
2015,92882,220,31.3,All Ages,Riverside
2015,92883,71,22.9,All Ages,Riverside
2015,92886,109,24.4,All Ages,Orange
2015,92887,54,31.1,All Ages,Orange
2015,93001,136,44,All Ages,Ventura
2015,93003,160,31.6,All Ages,Ventura
2015,93004,108,39.4,All Ages,Ventura
2015,93010,165,39.8,All Ages,Ventura
2015,93012,54,13.7,All Ages,Ventura
2015,93013,45,29.1,All Ages,Santa Barbara
2015,93015,76,41.2,All Ages,Ventura
2015,93021,87,24.9,All Ages,Ventura
2015,93022,26,68.5,All Ages,Ventura
2015,93023,48,22.6,All Ages,Ventura
2015,93030,404,55.7,All Ages,Ventura
2015,93033,376,40.7,All Ages,Ventura
2015,93035,98,42.7,All Ages,Ventura
2015,93036,162,33.9,All Ages,Ventura
2015,93040,21,112.5,All Ages,Ventura
2015,93041,100,63.3,All Ages,Ventura
2015,93060,142,40.5,All Ages,Ventura
2015,93063,193,37.3,All Ages,Ventura
2015,93065,238,33.1,All Ages,Ventura
2015,93101,144,49.5,All Ages,Santa Barbara
2015,93103,96,46.2,All Ages,Santa Barbara
2015,93105,50,24,All Ages,Santa Barbara
2015,93108,13,13.9,All Ages,Santa Barbara
2015,93109,18,13.4,All Ages,Santa Barbara
2015,93110,51,29.3,All Ages,Santa Barbara
2015,93111,60,43.2,All Ages,Santa Barbara
2015,93117,121,28,All Ages,Santa Barbara
2015,93202,56,164.7,All Ages,Kings
2015,93203,82,37.9,All Ages,Kern
2015,93204,52,37.4,All Ages,Kings
2015,93206,14,51.1,All Ages,Kern
2015,93210,98,56.8,All Ages,Fresno
2015,93212,121,61.7,All Ages,Kings
2015,93215,236,44.2,All Ages,Kern
2015,93219,50,41.6,All Ages,Tulare
2015,93221,58,37.6,All Ages,Tulare
2015,93223,76,65,All Ages,Tulare
2015,93230,679,98.5,All Ages,Kings
2015,93234,36,52.4,All Ages,Fresno
2015,93235,24,40.9,All Ages,Tulare
2015,93240,47,98.6,All Ages,Kern
2015,93241,74,35.7,All Ages,Kern
2015,93242,23,62.9,All Ages,Fresno
2015,93245,300,79,All Ages,Kings
2015,93247,93,42.8,All Ages,Tulare
2015,93250,101,64.6,All Ages,Kern
2015,93256,25,32.8,All Ages,Tulare
2015,93257,468,57.1,All Ages,Tulare
2015,93261,17,43.8,All Ages,Tulare
2015,93263,86,40,All Ages,Kern
2015,93266,12,81.1,All Ages,Kings
2015,93267,31,49,All Ages,Tulare
2015,93268,72,39,All Ages,Kern
2015,93270,41,63.4,All Ages,Tulare
2015,93274,529,70.3,All Ages,Tulare
2015,93277,180,35,All Ages,Tulare
2015,93280,118,41.8,All Ages,Kern
2015,93285,16,58.9,All Ages,Kern
2015,93286,38,35.6,All Ages,Tulare
2015,93291,274,46.6,All Ages,Tulare
2015,93292,174,40.9,All Ages,Tulare
2015,93301,222,181.2,All Ages,Kern
2015,93304,653,121.2,All Ages,Kern
2015,93305,523,124.9,All Ages,Kern
2015,93306,455,63.2,All Ages,Kern
2015,93307,801,86.3,All Ages,Kern
2015,93308,375,71,All Ages,Kern
2015,93309,424,72.9,All Ages,Kern
2015,93311,177,37.8,All Ages,Kern
2015,93312,153,26.3,All Ages,Kern
2015,93313,247,49.5,All Ages,Kern
2015,93314,68,25.3,All Ages,Kern
2015,93401,92,42.8,All Ages,San Luis Obispo
2015,93402,60,50.9,All Ages,San Luis Obispo
2015,93405,39,21.3,All Ages,San Luis Obispo
2015,93420,89,38.4,All Ages,San Luis Obispo
2015,93422,87,30,All Ages,San Luis Obispo
2015,93428,13,23.1,All Ages,San Luis Obispo
2015,93433,64,52,All Ages,San Luis Obispo
2015,93434,57,74.2,All Ages,Santa Barbara
2015,93436,241,42,All Ages,Santa Barbara
2015,93437,12,25.4,All Ages,Santa Barbara
2015,93442,40,47,All Ages,San Luis Obispo
2015,93444,82,43.7,All Ages,San Luis Obispo
2015,93445,40,57,All Ages,San Luis Obispo
2015,93446,181,43.4,All Ages,San Luis Obispo
2015,93449,15,28.9,All Ages,San Luis Obispo
2015,93451,19,50.9,All Ages,San Luis Obispo
2015,93454,266,73.5,All Ages,Santa Barbara
2015,93455,145,36.9,All Ages,Santa Barbara
2015,93458,316,48.1,All Ages,Santa Barbara
2015,93460,22,44.7,All Ages,Santa Barbara
2015,93463,25,32.1,All Ages,Santa Barbara
2015,93465,32,34.8,All Ages,San Luis Obispo
2015,93501,66,114.5,All Ages,Kern
2015,93505,135,95.7,All Ages,Kern
2015,93510,24,32.1,All Ages,Los Angeles
2015,93514,62,48.9,All Ages,Inyo
2015,93516,13,66.1,All Ages,Kern
2015,93527,12,56.3,All Ages,Kern
2015,93534,535,133.6,All Ages,Los Angeles
2015,93535,926,119.8,All Ages,Los Angeles
2015,93536,349,48.3,All Ages,Los Angeles
2015,93543,105,81.3,All Ages,Los Angeles
2015,93546,38,45.7,All Ages,Mono
2015,93550,900,108.4,All Ages,Los Angeles
2015,93551,218,43.8,All Ages,Los Angeles
2015,93552,284,68.7,All Ages,Los Angeles
2015,93555,220,72.2,All Ages,Kern
2015,93560,114,59,All Ages,Kern
2015,93561,205,63.8,All Ages,Kern
2015,93591,73,99.1,All Ages,Los Angeles
2015,93609,42,73.4,All Ages,Fresno
2015,93610,101,48.6,All Ages,Madera
2015,93611,167,38.9,All Ages,Fresno
2015,93612,306,89.7,All Ages,Fresno
2015,93614,34,31.6,All Ages,Madera
2015,93615,39,58.8,All Ages,Tulare
2015,93616,12,44.3,All Ages,Fresno
2015,93618,209,61.4,All Ages,Tulare
2015,93619,75,20.5,All Ages,Fresno
2015,93620,115,107.8,All Ages,Merced
2015,93622,80,76.3,All Ages,Fresno
2015,93625,75,92.2,All Ages,Fresno
2015,93630,98,42.1,All Ages,Fresno
2015,93631,98,59.4,All Ages,Fresno
2015,93635,516,125.4,All Ages,Merced
2015,93636,41,36.3,All Ages,Madera
2015,93637,340,82.9,All Ages,Madera
2015,93638,470,81.8,All Ages,Madera
2015,93640,112,70.9,All Ages,Fresno
2015,93644,31,39.8,All Ages,Madera
2015,93646,91,79.7,All Ages,Fresno
2015,93647,77,58.5,All Ages,Tulare
2015,93648,216,125.1,All Ages,Fresno
2015,93650,65,273.8,All Ages,Fresno
2015,93654,231,70.9,All Ages,Fresno
2015,93656,31,44.7,All Ages,Fresno
2015,93657,258,70.2,All Ages,Fresno
2015,93660,20,44.5,All Ages,Fresno
2015,93662,339,103.9,All Ages,Fresno
2015,93675,17,55.7,All Ages,Fresno
2015,93701,188,139.1,All Ages,Fresno
2015,93702,509,98.5,All Ages,Fresno
2015,93703,458,127.3,All Ages,Fresno
2015,93704,235,84.4,All Ages,Fresno
2015,93705,464,121.5,All Ages,Fresno
2015,93706,559,123.8,All Ages,Fresno
2015,93710,243,89.1,All Ages,Fresno
2015,93711,149,43.6,All Ages,Fresno
2015,93720,210,50.3,All Ages,Fresno
2015,93721,40,64.8,All Ages,Fresno
2015,93722,696,82.6,All Ages,Fresno
2015,93723,67,69.6,All Ages,Fresno
2015,93725,257,90.6,All Ages,Fresno
2015,93726,461,115.3,All Ages,Fresno
2015,93727,564,70,All Ages,Fresno
2015,93728,186,118.3,All Ages,Fresno
2015,93730,19,15,All Ages,Fresno
2015,93737,22,33.5,All Ages,Fresno
2015,93901,208,79.1,All Ages,Monterey
2015,93905,499,79.1,All Ages,Monterey
2015,93906,415,67.4,All Ages,Monterey
2015,93907,116,54.7,All Ages,Monterey
2015,93908,22,12.6,All Ages,Monterey
2015,93926,59,59.9,All Ages,Monterey
2015,93927,94,46.7,All Ages,Monterey
2015,93930,55,31.1,All Ages,Monterey
2015,93933,124,56.2,All Ages,Monterey
2015,93940,86,31,All Ages,Monterey
2015,93950,42,32.9,All Ages,Monterey
2015,93955,177,50.3,All Ages,Monterey
2015,93960,92,37.7,All Ages,Monterey
2015,94002,38,14,All Ages,San Mateo
2015,94005,27,64.4,All Ages,San Mateo
2015,94010,72,17.4,All Ages,San Mateo
2015,94014,273,56.5,All Ages,San Mateo
2015,94015,291,48.4,All Ages,San Mateo
2015,94019,68,33,All Ages,San Mateo
2015,94022,15,7.3,All Ages,Santa Clara
2015,94024,15,7,All Ages,Santa Clara
2015,94025,108,25.5,All Ages,San Mateo
2015,94030,72,32.2,All Ages,San Mateo
2015,94038,15,63.3,All Ages,San Mateo
2015,94040,65,19.2,All Ages,Santa Clara
2015,94041,28,16.9,All Ages,Santa Clara
2015,94043,28,9.7,All Ages,Santa Clara
2015,94044,158,42.3,All Ages,San Mateo
2015,94061,150,43.5,All Ages,San Mateo
2015,94062,48,15.2,All Ages,San Mateo
2015,94063,252,79.7,All Ages,San Mateo
2015,94065,17,15.7,All Ages,San Mateo
2015,94066,212,50.2,All Ages,San Mateo
2015,94070,48,16,All Ages,San Mateo
2015,94080,362,57.8,All Ages,San Mateo
2015,94085,57,26.5,All Ages,Santa Clara
2015,94086,82,19,All Ages,Santa Clara
2015,94087,61,11.1,All Ages,Santa Clara
2015,94089,63,30.7,All Ages,Santa Clara
2015,94102,289,87.8,All Ages,San Francisco
2015,94103,226,73.2,All Ages,San Francisco
2015,94105,13,39.5,All Ages,San Francisco
2015,94107,79,43.7,All Ages,San Francisco
2015,94108,31,30.4,All Ages,San Francisco
2015,94109,172,40.7,All Ages,San Francisco
2015,94110,337,54.8,All Ages,San Francisco
2015,94111,12,45.8,All Ages,San Francisco
2015,94112,324,44.6,All Ages,San Francisco
2015,94114,60,17.5,All Ages,San Francisco
2015,94115,145,51.4,All Ages,San Francisco
2015,94116,107,28.3,All Ages,San Francisco
2015,94117,129,45.1,All Ages,San Francisco
2015,94118,50,16.6,All Ages,San Francisco
2015,94121,87,25.5,All Ages,San Francisco
2015,94122,101,22.9,All Ages,San Francisco
2015,94123,24,13,All Ages,San Francisco
2015,94124,370,98.6,All Ages,San Francisco
2015,94127,31,16,All Ages,San Francisco
2015,94130,16,70.6,All Ages,San Francisco
2015,94131,55,23.1,All Ages,San Francisco
2015,94132,70,31.7,All Ages,San Francisco
2015,94133,84,34.4,All Ages,San Francisco
2015,94134,201,52.5,All Ages,San Francisco
2015,94301,13,7.5,All Ages,Santa Clara
2015,94303,282,58.4,All Ages,Santa Clara
2015,94306,31,10.6,All Ages,Santa Clara
2015,94401,164,49,All Ages,San Mateo
2015,94402,57,32.8,All Ages,San Mateo
2015,94403,140,34.3,All Ages,San Mateo
2015,94404,58,17.8,All Ages,San Mateo
2015,94501,318,55.8,All Ages,Alameda
2015,94502,33,30.2,All Ages,Alameda
2015,94503,124,60.2,All Ages,Napa
2015,94505,39,29.6,All Ages,Contra Costa
2015,94506,34,16.4,All Ages,Contra Costa
2015,94507,24,18.8,All Ages,Contra Costa
2015,94509,969,154.3,All Ages,Contra Costa
2015,94510,123,47.8,All Ages,Solano
2015,94511,22,125.7,All Ages,Contra Costa
2015,94513,288,47.5,All Ages,Contra Costa
2015,94515,22,34,All Ages,Napa
2015,94517,46,42.3,All Ages,Contra Costa
2015,94518,101,38,All Ages,Contra Costa
2015,94519,103,52,All Ages,Contra Costa
2015,94520,384,96.5,All Ages,Contra Costa
2015,94521,165,40.4,All Ages,Contra Costa
2015,94523,90,26.8,All Ages,Contra Costa
2015,94526,67,19.5,All Ages,Contra Costa
2015,94530,64,27.3,All Ages,Contra Costa
2015,94531,362,85.4,All Ages,Contra Costa
2015,94533,746,103.4,All Ages,Solano
2015,94534,155,41.6,All Ages,Solano
2015,94536,280,38.1,All Ages,Alameda
2015,94538,304,50,All Ages,Alameda
2015,94539,94,19.7,All Ages,Alameda
2015,94541,555,86.6,All Ages,Alameda
2015,94542,62,14.6,All Ages,Alameda
2015,94544,746,99.2,All Ages,Alameda
2015,94545,261,83.1,All Ages,Alameda
2015,94546,212,49.4,All Ages,Alameda
2015,94547,102,45.5,All Ages,Contra Costa
2015,94549,69,30.9,All Ages,Contra Costa
2015,94550,127,28.1,All Ages,Alameda
2015,94551,86,22.3,All Ages,Alameda
2015,94552,24,20,All Ages,Alameda
2015,94553,206,44.2,All Ages,Contra Costa
2015,94555,142,41.6,All Ages,Alameda
2015,94556,14,8.5,All Ages,Contra Costa
2015,94558,280,42.1,All Ages,Napa
2015,94559,104,39.3,All Ages,Napa
2015,94560,268,65.5,All Ages,Alameda
2015,94561,254,64,All Ages,Contra Costa
2015,94563,16,9.1,All Ages,Contra Costa
2015,94564,80,45.7,All Ages,Contra Costa
2015,94565,1045,117.4,All Ages,Contra Costa
2015,94566,84,20.3,All Ages,Alameda
2015,94568,147,26.9,All Ages,Alameda
2015,94571,44,54.3,All Ages,Solano
2015,94572,69,212.8,All Ages,Contra Costa
2015,94574,16,18.7,All Ages,Napa
2015,94577,327,68.9,All Ages,Alameda
2015,94578,317,81.3,All Ages,Alameda
2015,94579,122,56,All Ages,Alameda
2015,94580,189,73.4,All Ages,Alameda
2015,94582,85,21.5,All Ages,Contra Costa
2015,94583,93,28.5,All Ages,Contra Costa
2015,94585,256,94.2,All Ages,Solano
2015,94587,365,55.2,All Ages,Alameda
2015,94590,525,161.4,All Ages,Solano
2015,94591,459,54.9,All Ages,Solano
2015,94595,41,26.1,All Ages,Contra Costa
2015,94596,59,32.5,All Ages,Contra Costa
2015,94597,46,21.5,All Ages,Contra Costa
2015,94598,53,22.6,All Ages,Contra Costa
2015,94599,15,57.2,All Ages,Napa
2015,94601,615,113.6,All Ages,Alameda
2015,94602,179,64.2,All Ages,Alameda
2015,94603,611,192.5,All Ages,Alameda
2015,94605,643,157.2,All Ages,Alameda
2015,94606,307,91.5,All Ages,Alameda
2015,94607,323,127.6,All Ages,Alameda
2015,94608,332,115.6,All Ages,Alameda
2015,94609,189,98.8,All Ages,Alameda
2015,94610,100,36.9,All Ages,Alameda
2015,94611,115,33.5,All Ages,Alameda
2015,94612,148,111.6,All Ages,Alameda
2015,94618,15,11.8,All Ages,Alameda
2015,94619,174,75.7,All Ages,Alameda
2015,94621,540,165,All Ages,Alameda
2015,94702,116,74.3,All Ages,Alameda
2015,94703,131,76.3,All Ages,Alameda
2015,94704,37,40.1,All Ages,Alameda
2015,94705,28,27.5,All Ages,Alameda
2015,94706,41,21.2,All Ages,Alameda
2015,94707,27,25.1,All Ages,Alameda
2015,94709,23,36.3,All Ages,Alameda
2015,94710,49,65.7,All Ages,Alameda
2015,94801,446,136.9,All Ages,Contra Costa
2015,94803,137,57.9,All Ages,Contra Costa
2015,94804,555,135.7,All Ages,Contra Costa
2015,94805,88,63,All Ages,Contra Costa
2015,94806,576,96,All Ages,Contra Costa
2015,94901,95,24.9,All Ages,Marin
2015,94903,67,23.6,All Ages,Marin
2015,94904,12,10.6,All Ages,Marin
2015,94920,15,13.6,All Ages,Marin
2015,94925,12,13.4,All Ages,Marin
2015,94928,181,41.8,All Ages,Sonoma
2015,94930,14,18.2,All Ages,Marin
2015,94931,35,38.3,All Ages,Sonoma
2015,94941,45,13.2,All Ages,Marin
2015,94945,49,30.9,All Ages,Marin
2015,94947,87,37.5,All Ages,Marin
2015,94949,59,33.7,All Ages,Marin
2015,94951,17,79.2,All Ages,Sonoma
2015,94952,123,39.6,All Ages,Sonoma
2015,94954,124,33.7,All Ages,Sonoma
2015,94960,18,12.9,All Ages,Marin
2015,94965,19,19.4,All Ages,Marin
2015,95003,43,17.5,All Ages,Santa Cruz
2015,95005,19,36,All Ages,Santa Cruz
2015,95006,14,17.4,All Ages,Santa Cruz
2015,95008,114,25.1,All Ages,Santa Clara
2015,95010,28,34.2,All Ages,Santa Cruz
2015,95012,81,80.7,All Ages,Monterey
2015,95014,62,9.2,All Ages,Santa Clara
2015,95019,44,52.4,All Ages,Santa Cruz
2015,95020,336,54.8,All Ages,Santa Clara
2015,95023,256,49.8,All Ages,San Benito
2015,95030,20,16.7,All Ages,Santa Clara
2015,95032,38,16.5,All Ages,Santa Clara
2015,95033,23,17.8,All Ages,Santa Cruz
2015,95035,183,26.7,All Ages,Santa Clara
2015,95037,156,30.7,All Ages,Santa Clara
2015,95045,21,46.5,All Ages,San Benito
2015,95046,45,77.2,All Ages,Santa Clara
2015,95050,96,26,All Ages,Santa Clara
2015,95051,142,24.2,All Ages,Santa Clara
2015,95054,71,30,All Ages,Santa Clara
2015,95060,98,21,All Ages,Santa Cruz
2015,95062,84,26,All Ages,Santa Cruz
2015,95065,16,44.1,All Ages,Santa Cruz
2015,95066,22,16.3,All Ages,Santa Cruz
2015,95070,28,7.8,All Ages,Santa Clara
2015,95073,29,25.9,All Ages,Santa Cruz
2015,95076,458,53.6,All Ages,Santa Cruz
2015,95110,94,45.7,All Ages,Santa Clara
2015,95111,355,65,All Ages,Santa Clara
2015,95112,348,64.2,All Ages,Santa Clara
2015,95116,478,90.4,All Ages,Santa Clara
2015,95117,99,33.6,All Ages,Santa Clara
2015,95118,112,34.5,All Ages,Santa Clara
2015,95119,44,49.1,All Ages,Santa Clara
2015,95120,74,21.5,All Ages,Santa Clara
2015,95121,172,43.7,All Ages,Santa Clara
2015,95122,365,62.1,All Ages,Santa Clara
2015,95123,304,49.1,All Ages,Santa Clara
2015,95124,136,27.9,All Ages,Santa Clara
2015,95125,176,34,All Ages,Santa Clara
2015,95126,133,40.7,All Ages,Santa Clara
2015,95127,302,48.9,All Ages,Santa Clara
2015,95128,143,38.3,All Ages,Santa Clara
2015,95129,62,16.3,All Ages,Santa Clara
2015,95130,38,26,All Ages,Santa Clara
2015,95131,73,25.5,All Ages,Santa Clara
2015,95132,125,28.5,All Ages,Santa Clara
2015,95133,104,37.1,All Ages,Santa Clara
2015,95134,43,27.5,All Ages,Santa Clara
2015,95135,52,21.2,All Ages,Santa Clara
2015,95136,160,36.6,All Ages,Santa Clara
2015,95138,58,24.6,All Ages,Santa Clara
2015,95139,20,36.3,All Ages,Santa Clara
2015,95148,182,41.1,All Ages,Santa Clara
2015,95202,157,261.4,All Ages,San Joaquin
2015,95203,203,116.7,All Ages,San Joaquin
2015,95204,188,72.6,All Ages,San Joaquin
2015,95205,364,91.1,All Ages,San Joaquin
2015,95206,567,82.2,All Ages,San Joaquin
2015,95207,406,86.1,All Ages,San Joaquin
2015,95209,201,47.1,All Ages,San Joaquin
2015,95210,289,73.4,All Ages,San Joaquin
2015,95212,113,38.9,All Ages,San Joaquin
2015,95215,110,49,All Ages,San Joaquin
2015,95219,86,32.2,All Ages,San Joaquin
2015,95220,23,28.6,All Ages,San Joaquin
2015,95223,14,46.3,All Ages,Calaveras
2015,95231,26,64.6,All Ages,San Joaquin
2015,95236,12,27.9,All Ages,San Joaquin
2015,95240,248,51.4,All Ages,San Joaquin
2015,95242,69,29.4,All Ages,San Joaquin
2015,95249,35,120.6,All Ages,Calaveras
2015,95252,61,42.5,All Ages,Calaveras
2015,95258,27,75.4,All Ages,San Joaquin
2015,95301,237,61.1,All Ages,Merced
2015,95304,56,36.9,All Ages,San Joaquin
2015,95307,209,47.2,All Ages,Stanislaus
2015,95310,15,119.4,All Ages,Tuolumne
2015,95315,83,60.2,All Ages,Merced
2015,95316,26,41.2,All Ages,Stanislaus
2015,95320,57,49.2,All Ages,San Joaquin
2015,95322,87,85,All Ages,Merced
2015,95324,26,35.8,All Ages,Merced
2015,95326,34,30.9,All Ages,Stanislaus
2015,95327,47,61,All Ages,Tuolumne
2015,95328,35,61,All Ages,Stanislaus
2015,95330,160,78.1,All Ages,San Joaquin
2015,95333,14,48.4,All Ages,Merced
2015,95334,70,43.5,All Ages,Merced
2015,95336,407,92.8,All Ages,San Joaquin
2015,95337,267,74.8,All Ages,San Joaquin
2015,95338,60,63.7,All Ages,Mariposa
2015,95340,471,136.6,All Ages,Merced
2015,95341,339,91.9,All Ages,Merced
2015,95348,273,85.2,All Ages,Merced
2015,95350,420,88.3,All Ages,Stanislaus
2015,95351,483,103.3,All Ages,Stanislaus
2015,95354,222,88.5,All Ages,Stanislaus
2015,95355,308,54.6,All Ages,Stanislaus
2015,95356,147,45.7,All Ages,Stanislaus
2015,95357,63,48.7,All Ages,Stanislaus
2015,95358,241,75.6,All Ages,Stanislaus
2015,95360,64,52.5,All Ages,Stanislaus
2015,95361,183,56.8,All Ages,Stanislaus
2015,95363,105,40.3,All Ages,Stanislaus
2015,95365,54,104.3,All Ages,Merced
2015,95366,65,37.8,All Ages,San Joaquin
2015,95367,140,54.3,All Ages,Stanislaus
2015,95368,62,40.8,All Ages,Stanislaus
2015,95370,133,55,All Ages,Tuolumne
2015,95374,14,76.7,All Ages,Merced
2015,95376,470,90.9,All Ages,San Joaquin
2015,95377,117,41.2,All Ages,San Joaquin
2015,95379,16,39.3,All Ages,Tuolumne
2015,95380,287,68.7,All Ages,Stanislaus
2015,95382,129,35.8,All Ages,Stanislaus
2015,95383,12,29.3,All Ages,Tuolumne
2015,95386,44,47.6,All Ages,Stanislaus
2015,95388,91,64.9,All Ages,Merced
2015,95391,49,36.2,All Ages,San Joaquin
2015,95401,164,45.9,All Ages,Sonoma
2015,95403,212,47.1,All Ages,Sonoma
2015,95404,134,32,All Ages,Sonoma
2015,95405,102,45.2,All Ages,Sonoma
2015,95407,212,54.6,All Ages,Sonoma
2015,95409,84,35.3,All Ages,Sonoma
2015,95422,192,113.5,All Ages,Lake
2015,95423,20,77.8,All Ages,Lake
2015,95425,34,31.1,All Ages,Sonoma
2015,95426,14,76.7,All Ages,Lake
2015,95428,16,64.2,All Ages,Mendocino
2015,95436,23,50.4,All Ages,Sonoma
2015,95437,99,68.9,All Ages,Mendocino
2015,95446,33,74.7,All Ages,Sonoma
2015,95448,57,33.9,All Ages,Sonoma
2015,95449,14,102.4,All Ages,Mendocino
2015,95451,56,54.7,All Ages,Lake
2015,95453,63,64.9,All Ages,Lake
2015,95454,13,51.4,All Ages,Mendocino
2015,95457,33,130.6,All Ages,Lake
2015,95458,24,82,All Ages,Lake
2015,95464,24,103,All Ages,Lake
2015,95467,25,48.4,All Ages,Lake
2015,95470,21,34.7,All Ages,Mendocino
2015,95472,67,24.5,All Ages,Sonoma
2015,95476,91,26,All Ages,Sonoma
2015,95482,187,61.3,All Ages,Mendocino
2015,95485,12,58,All Ages,Lake
2015,95490,81,63.3,All Ages,Mendocino
2015,95492,109,38.9,All Ages,Sonoma
2015,95501,206,83.2,All Ages,Humboldt
2015,95503,111,50.6,All Ages,Humboldt
2015,95519,98,54.3,All Ages,Humboldt
2015,95521,86,50.2,All Ages,Humboldt
2015,95531,129,58.9,All Ages,Del Norte
2015,95540,110,83.6,All Ages,Humboldt
2015,95542,18,66.2,All Ages,Humboldt
2015,95551,13,70.4,All Ages,Humboldt
2015,95562,14,56.6,All Ages,Humboldt
2015,95602,94,72.3,All Ages,Placer
2015,95603,89,35.9,All Ages,Placer
2015,95605,122,88.2,All Ages,Yolo
2015,95608,467,86.9,All Ages,Sacramento
2015,95610,262,61.8,All Ages,Sacramento
2015,95616,81,20.1,All Ages,Yolo
2015,95618,52,22.8,All Ages,Yolo
2015,95620,117,53.6,All Ages,Solano
2015,95621,207,50,All Ages,Sacramento
2015,95623,18,97.9,All Ages,El Dorado
2015,95624,250,41.3,All Ages,Sacramento
2015,95626,39,62.5,All Ages,Sacramento
2015,95627,14,37.8,All Ages,Yolo
2015,95628,128,35,All Ages,Sacramento
2015,95630,161,22.4,All Ages,Sacramento
2015,95632,125,41.5,All Ages,Sacramento
2015,95640,35,33.9,All Ages,Amador
2015,95642,60,103.6,All Ages,Amador
2015,95645,22,144.7,All Ages,Yolo
2015,95648,126,24.7,All Ages,Placer
2015,95650,32,23.2,All Ages,Placer
2015,95655,21,38.2,All Ages,Sacramento
2015,95658,13,21.5,All Ages,Placer
2015,95660,400,125.1,All Ages,Sacramento
2015,95661,116,38.8,All Ages,Placer
2015,95662,164,51.5,All Ages,Sacramento
2015,95665,24,47.5,All Ages,Amador
2015,95666,25,46,All Ages,Amador
2015,95667,140,33.2,All Ages,El Dorado
2015,95670,306,60.1,All Ages,Sacramento
2015,95673,88,53.8,All Ages,Sacramento
2015,95677,87,40.4,All Ages,Placer
2015,95678,131,31.8,All Ages,Placer
2015,95682,94,34.7,All Ages,El Dorado
2015,95683,24,45.6,All Ages,Sacramento
2015,95685,30,64.4,All Ages,Amador
2015,95687,397,62.4,All Ages,Solano
2015,95688,230,67.8,All Ages,Solano
2015,95691,207,57,All Ages,Yolo
2015,95692,12,25.9,All Ages,Yuba
2015,95693,14,18,All Ages,Sacramento
2015,95694,32,35.4,All Ages,Yolo
2015,95695,179,47.7,All Ages,Yolo
2015,95709,13,53.1,All Ages,El Dorado
2015,95713,41,53.7,All Ages,Placer
2015,95726,44,65.9,All Ages,El Dorado
2015,95742,44,51.1,All Ages,Sacramento
2015,95746,48,28.6,All Ages,Placer
2015,95747,187,30.8,All Ages,Placer
2015,95757,192,43.2,All Ages,Sacramento
2015,95758,293,48,All Ages,Sacramento
2015,95762,57,16.7,All Ages,El Dorado
2015,95765,84,23,All Ages,Placer
2015,95776,116,52,All Ages,Yolo
2015,95811,119,188.1,All Ages,Sacramento
2015,95814,67,81.5,All Ages,Sacramento
2015,95815,387,153.7,All Ages,Sacramento
2015,95816,66,53.9,All Ages,Sacramento
2015,95817,138,102.9,All Ages,Sacramento
2015,95818,108,56.4,All Ages,Sacramento
2015,95819,23,13.8,All Ages,Sacramento
2015,95820,326,89.6,All Ages,Sacramento
2015,95821,375,118.5,All Ages,Sacramento
2015,95822,365,85.2,All Ages,Sacramento
2015,95823,916,124.7,All Ages,Sacramento
2015,95824,313,103.1,All Ages,Sacramento
2015,95825,358,123.4,All Ages,Sacramento
2015,95826,257,75,All Ages,Sacramento
2015,95827,114,58,All Ages,Sacramento
2015,95828,480,80.3,All Ages,Sacramento
2015,95829,122,43.1,All Ages,Sacramento
2015,95831,148,40.4,All Ages,Sacramento
2015,95832,156,136.1,All Ages,Sacramento
2015,95833,271,68,All Ages,Sacramento
2015,95834,206,67.6,All Ages,Sacramento
2015,95835,163,53.2,All Ages,Sacramento
2015,95838,481,124.6,All Ages,Sacramento
2015,95841,201,105.5,All Ages,Sacramento
2015,95842,294,86.5,All Ages,Sacramento
2015,95843,210,44.5,All Ages,Sacramento
2015,95864,98,48,All Ages,Sacramento
2015,95901,192,59.8,All Ages,Yuba
2015,95912,16,31.4,All Ages,Colusa
2015,95917,23,76.2,All Ages,Butte
2015,95926,180,54.2,All Ages,Butte
2015,95928,134,39.6,All Ages,Butte
2015,95932,39,51,All Ages,Colusa
2015,95938,12,40.7,All Ages,Butte
2015,95945,158,72.8,All Ages,Nevada
2015,95946,25,67.9,All Ages,Nevada
2015,95948,77,73,All Ages,Butte
2015,95949,40,23.5,All Ages,Nevada
2015,95953,41,35.5,All Ages,Sutter
2015,95954,55,51.7,All Ages,Butte
2015,95959,51,39.1,All Ages,Nevada
2015,95961,115,40.5,All Ages,Yuba
2015,95963,54,34,All Ages,Glenn
2015,95965,111,57.3,All Ages,Butte
2015,95966,163,59.4,All Ages,Butte
2015,95969,111,49.4,All Ages,Butte
2015,95971,28,40.7,All Ages,Plumas
2015,95973,142,42.8,All Ages,Butte
2015,95982,13,48,All Ages,Sutter
2015,95987,33,45.7,All Ages,Colusa
2015,95988,54,62.9,All Ages,Glenn
2015,95991,195,46.5,All Ages,Sutter
2015,95993,69,18.6,All Ages,Sutter
2015,96001,218,69,All Ages,Shasta
2015,96002,216,66.7,All Ages,Shasta
2015,96003,217,50.8,All Ages,Shasta
2015,96007,113,52.6,All Ages,Shasta
2015,96013,18,39.5,All Ages,Shasta
2015,96019,68,69.9,All Ages,Shasta
2015,96020,20,98.8,All Ages,Plumas
2015,96021,94,54.5,All Ages,Tehama
2015,96022,40,30.5,All Ages,Shasta
2015,96028,16,69.5,All Ages,Shasta
2015,96035,21,66,All Ages,Tehama
2015,96056,15,82.4,All Ages,Shasta
2015,96064,19,51.6,All Ages,Siskiyou
2015,96067,25,41.4,All Ages,Siskiyou
2015,96080,190,68.8,All Ages,Tehama
2015,96088,18,33,All Ages,Shasta
2015,96093,26,75.5,All Ages,Trinity
2015,96094,33,60.9,All Ages,Siskiyou
2015,96097,61,70.1,All Ages,Siskiyou
2015,96101,42,83.5,All Ages,Modoc
2015,96122,36,107.6,All Ages,Plumas
2015,96130,95,44.2,All Ages,Lassen
2015,96137,24,98.9,All Ages,Lassen
2015,96150,78,24.8,All Ages,El Dorado
2015,96161,47,27,All Ages,Nevada
2016,90001,402,63.5,All Ages,Los Angeles
2016,90002,471,82.8,All Ages,Los Angeles
2016,90003,718,95.9,All Ages,Los Angeles
2016,90004,284,48.3,All Ages,Los Angeles
2016,90005,129,36.1,All Ages,Los Angeles
2016,90006,270,44.6,All Ages,Los Angeles
2016,90007,183,56.4,All Ages,Los Angeles
2016,90008,313,101.8,All Ages,Los Angeles
2016,90011,690,59.3,All Ages,Los Angeles
2016,90012,73,26.1,All Ages,Los Angeles
2016,90013,123,95.7,All Ages,Los Angeles
2016,90014,70,57.9,All Ages,Los Angeles
2016,90015,146,78.8,All Ages,Los Angeles
2016,90016,390,80.7,All Ages,Los Angeles
2016,90017,186,73.2,All Ages,Los Angeles
2016,90018,363,69.1,All Ages,Los Angeles
2016,90019,384,61,All Ages,Los Angeles
2016,90020,163,45,All Ages,Los Angeles
2016,90021,45,122.6,All Ages,Los Angeles
2016,90022,372,53.3,All Ages,Los Angeles
2016,90023,301,58.4,All Ages,Los Angeles
2016,90024,53,18.7,All Ages,Los Angeles
2016,90025,87,20.2,All Ages,Los Angeles
2016,90026,307,47.1,All Ages,Los Angeles
2016,90027,132,33.3,All Ages,Los Angeles
2016,90028,153,63.8,All Ages,Los Angeles
2016,90029,239,61.3,All Ages,Los Angeles
2016,90031,203,50.1,All Ages,Los Angeles
2016,90032,226,48.9,All Ages,Los Angeles
2016,90033,348,69,All Ages,Los Angeles
2016,90034,139,25,All Ages,Los Angeles
2016,90035,70,25.4,All Ages,Los Angeles
2016,90036,95,27.2,All Ages,Los Angeles
2016,90037,540,81.2,All Ages,Los Angeles
2016,90038,153,54.9,All Ages,Los Angeles
2016,90039,106,37.5,All Ages,Los Angeles
2016,90040,65,46.8,All Ages,Los Angeles
2016,90041,101,37.1,All Ages,Los Angeles
2016,90042,197,31.7,All Ages,Los Angeles
2016,90043,568,135.5,All Ages,Los Angeles
2016,90044,1016,102.9,All Ages,Los Angeles
2016,90045,83,22.7,All Ages,Los Angeles
2016,90046,95,23.2,All Ages,Los Angeles
2016,90047,549,109.8,All Ages,Los Angeles
2016,90048,39,18,All Ages,Los Angeles
2016,90049,32,9,All Ages,Los Angeles
2016,90056,37,66,All Ages,Los Angeles
2016,90057,265,62.4,All Ages,Los Angeles
2016,90058,44,90.1,All Ages,Los Angeles
2016,90059,519,109.5,All Ages,Los Angeles
2016,90061,350,115.7,All Ages,Los Angeles
2016,90062,335,101.4,All Ages,Los Angeles
2016,90063,264,43.7,All Ages,Los Angeles
2016,90064,67,27.4,All Ages,Los Angeles
2016,90065,264,58.1,All Ages,Los Angeles
2016,90066,129,24.4,All Ages,Los Angeles
2016,90068,37,21.4,All Ages,Los Angeles
2016,90069,36,21.3,All Ages,Los Angeles
2016,90094,22,43.2,All Ages,Los Angeles
2016,90201,468,43.7,All Ages,Los Angeles
2016,90210,43,22.4,All Ages,Los Angeles
2016,90211,24,27,All Ages,Los Angeles
2016,90212,38,33.3,All Ages,Los Angeles
2016,90220,478,91,All Ages,Los Angeles
2016,90221,456,77.4,All Ages,Los Angeles
2016,90222,380,112.5,All Ages,Los Angeles
2016,90230,122,40.1,All Ages,Los Angeles
2016,90232,55,35.6,All Ages,Los Angeles
2016,90240,95,37.5,All Ages,Los Angeles
2016,90241,175,37.7,All Ages,Los Angeles
2016,90242,180,43,All Ages,Los Angeles
2016,90245,30,20.8,All Ages,Los Angeles
2016,90247,341,73.2,All Ages,Los Angeles
2016,90248,38,41.1,All Ages,Los Angeles
2016,90249,177,67.7,All Ages,Los Angeles
2016,90250,589,59,All Ages,Los Angeles
2016,90254,20,10.1,All Ages,Los Angeles
2016,90255,389,49.5,All Ages,Los Angeles
2016,90260,191,55.3,All Ages,Los Angeles
2016,90262,447,57.6,All Ages,Los Angeles
2016,90265,26,16,All Ages,Los Angeles
2016,90266,40,11.9,All Ages,Los Angeles
2016,90270,118,42.3,All Ages,Los Angeles
2016,90272,18,7.3,All Ages,Los Angeles
2016,90274,36,13.7,All Ages,Los Angeles
2016,90275,53,12.7,All Ages,Los Angeles
2016,90277,57,19.6,All Ages,Los Angeles
2016,90278,94,22.9,All Ages,Los Angeles
2016,90280,418,44,All Ages,Los Angeles
2016,90291,69,31.8,All Ages,Los Angeles
2016,90292,57,28.1,All Ages,Los Angeles
2016,90293,13,17.5,All Ages,Los Angeles
2016,90301,294,75.1,All Ages,Los Angeles
2016,90302,205,66.2,All Ages,Los Angeles
2016,90303,191,74.3,All Ages,Los Angeles
2016,90304,135,43.3,All Ages,Los Angeles
2016,90305,111,88.2,All Ages,Los Angeles
2016,90401,45,71.9,All Ages,Los Angeles
2016,90403,48,19.6,All Ages,Los Angeles
2016,90404,104,48,All Ages,Los Angeles
2016,90405,64,30.7,All Ages,Los Angeles
2016,90501,230,52.3,All Ages,Los Angeles
2016,90502,87,50.4,All Ages,Los Angeles
2016,90503,99,23.6,All Ages,Los Angeles
2016,90504,85,27.9,All Ages,Los Angeles
2016,90505,78,24.2,All Ages,Los Angeles
2016,90601,135,42.6,All Ages,Los Angeles
2016,90602,165,63.3,All Ages,Los Angeles
2016,90603,73,37.2,All Ages,Los Angeles
2016,90604,179,44.3,All Ages,Los Angeles
2016,90605,185,45.5,All Ages,Los Angeles
2016,90606,167,50.4,All Ages,Los Angeles
2016,90620,166,39.2,All Ages,Orange
2016,90621,122,34,All Ages,Orange
2016,90623,48,34,All Ages,Orange
2016,90630,106,23,All Ages,Orange
2016,90631,242,34.9,All Ages,Orange
2016,90638,128,29.2,All Ages,Los Angeles
2016,90640,302,48.4,All Ages,Los Angeles
2016,90650,466,43.1,All Ages,Los Angeles
2016,90660,292,45.4,All Ages,Los Angeles
2016,90670,73,47.4,All Ages,Los Angeles
2016,90680,128,41.2,All Ages,Orange
2016,90701,51,32.6,All Ages,Los Angeles
2016,90703,137,31,All Ages,Los Angeles
2016,90704,15,38.1,All Ages,Los Angeles
2016,90706,390,49,All Ages,Los Angeles
2016,90710,131,52.8,All Ages,Los Angeles
2016,90712,425,150.5,All Ages,Los Angeles
2016,90713,55,21.1,All Ages,Los Angeles
2016,90715,75,38.4,All Ages,Los Angeles
2016,90716,50,31.2,All Ages,Los Angeles
2016,90717,88,44.1,All Ages,Los Angeles
2016,90720,54,26.9,All Ages,Orange
2016,90723,289,50.2,All Ages,Los Angeles
2016,90731,483,78.1,All Ages,Los Angeles
2016,90732,66,32.2,All Ages,Los Angeles
2016,90740,42,20.6,All Ages,Orange
2016,90744,346,60.8,All Ages,Los Angeles
2016,90745,308,55.7,All Ages,Los Angeles
2016,90746,182,81.4,All Ages,Los Angeles
2016,90755,47,40.8,All Ages,Los Angeles
2016,90802,255,64.4,All Ages,Los Angeles
2016,90803,46,14.9,All Ages,Los Angeles
2016,90804,318,80.2,All Ages,Los Angeles
2016,90805,750,74.9,All Ages,Los Angeles
2016,90806,334,72.5,All Ages,Los Angeles
2016,90807,142,46.8,All Ages,Los Angeles
2016,90808,65,18.4,All Ages,Los Angeles
2016,90810,230,59.8,All Ages,Los Angeles
2016,90813,641,105.2,All Ages,Los Angeles
2016,90814,59,32.9,All Ages,Los Angeles
2016,90815,74,20.6,All Ages,Los Angeles
2016,91001,136,40.9,All Ages,Los Angeles
2016,91006,50,17.1,All Ages,Los Angeles
2016,91007,51,18.4,All Ages,Los Angeles
2016,91010,124,50.2,All Ages,Los Angeles
2016,91011,33,18.5,All Ages,Los Angeles
2016,91016,161,41.8,All Ages,Los Angeles
2016,91020,15,19.9,All Ages,Los Angeles
2016,91030,50,21.8,All Ages,Los Angeles
2016,91040,72,38.3,All Ages,Los Angeles
2016,91042,62,24.7,All Ages,Los Angeles
2016,91101,41,27.6,All Ages,Los Angeles
2016,91103,102,34.7,All Ages,Los Angeles
2016,91104,117,33.8,All Ages,Los Angeles
2016,91105,22,22.4,All Ages,Los Angeles
2016,91106,50,22.6,All Ages,Los Angeles
2016,91107,66,22.8,All Ages,Los Angeles
2016,91108,12,10.1,All Ages,Los Angeles
2016,91201,70,33.6,All Ages,Los Angeles
2016,91202,48,22.2,All Ages,Los Angeles
2016,91203,45,31.7,All Ages,Los Angeles
2016,91204,78,51.1,All Ages,Los Angeles
2016,91205,198,57.1,All Ages,Los Angeles
2016,91206,84,28.2,All Ages,Los Angeles
2016,91207,14,16.2,All Ages,Los Angeles
2016,91208,22,15.4,All Ages,Los Angeles
2016,91214,59,22.4,All Ages,Los Angeles
2016,91301,36,16.1,All Ages,Los Angeles
2016,91302,62,24.6,All Ages,Los Angeles
2016,91303,207,73.7,All Ages,Los Angeles
2016,91304,270,55.9,All Ages,Los Angeles
2016,91306,341,76.2,All Ages,Los Angeles
2016,91307,88,40.1,All Ages,Los Angeles
2016,91311,156,46.7,All Ages,Los Angeles
2016,91316,122,53.1,All Ages,Los Angeles
2016,91320,76,18.4,All Ages,Ventura
2016,91321,146,40.7,All Ages,Los Angeles
2016,91324,181,67.7,All Ages,Los Angeles
2016,91325,156,48.6,All Ages,Los Angeles
2016,91326,84,25.8,All Ages,Los Angeles
2016,91331,783,72.1,All Ages,Los Angeles
2016,91335,535,70.6,All Ages,Los Angeles
2016,91340,260,68.1,All Ages,Los Angeles
2016,91342,520,54.4,All Ages,Los Angeles
2016,91343,449,73.3,All Ages,Los Angeles
2016,91344,212,45,All Ages,Los Angeles
2016,91345,106,57.8,All Ages,Los Angeles
2016,91350,81,24.1,All Ages,Los Angeles
2016,91351,155,45.1,All Ages,Los Angeles
2016,91352,303,60.2,All Ages,Los Angeles
2016,91354,74,24.3,All Ages,Los Angeles
2016,91355,89,27,All Ages,Los Angeles
2016,91356,131,45.3,All Ages,Los Angeles
2016,91360,90,23.3,All Ages,Ventura
2016,91361,20,10,All Ages,Ventura
2016,91362,52,14.9,All Ages,Ventura
2016,91364,80,31.2,All Ages,Los Angeles
2016,91367,130,32.8,All Ages,Los Angeles
2016,91377,13,11.1,All Ages,Ventura
2016,91381,30,15.4,All Ages,Los Angeles
2016,91384,61,21.1,All Ages,Los Angeles
2016,91387,168,38.4,All Ages,Los Angeles
2016,91390,45,24.4,All Ages,Los Angeles
2016,91401,204,48.9,All Ages,Los Angeles
2016,91402,603,79,All Ages,Los Angeles
2016,91403,78,32.8,All Ages,Los Angeles
2016,91405,506,97.4,All Ages,Los Angeles
2016,91406,400,76.6,All Ages,Los Angeles
2016,91411,177,72.2,All Ages,Los Angeles
2016,91423,73,24.2,All Ages,Los Angeles
2016,91436,32,23.9,All Ages,Los Angeles
2016,91501,44,21.8,All Ages,Los Angeles
2016,91502,36,34.3,All Ages,Los Angeles
2016,91504,78,35.7,All Ages,Los Angeles
2016,91505,82,28,All Ages,Los Angeles
2016,91506,50,26.7,All Ages,Los Angeles
2016,91601,192,51.1,All Ages,Los Angeles
2016,91602,40,26.3,All Ages,Los Angeles
2016,91604,61,22.6,All Ages,Los Angeles
2016,91605,376,64.5,All Ages,Los Angeles
2016,91606,283,65.7,All Ages,Los Angeles
2016,91607,86,29.8,All Ages,Los Angeles
2016,91701,94,25.3,All Ages,San Bernardino
2016,91702,377,59.2,All Ages,Los Angeles
2016,91706,439,57.5,All Ages,Los Angeles
2016,91708,20,33.9,All Ages,San Bernardino
2016,91709,153,21.6,All Ages,San Bernardino
2016,91710,303,37,All Ages,San Bernardino
2016,91711,77,25.5,All Ages,Los Angeles
2016,91722,164,45.8,All Ages,Los Angeles
2016,91723,105,53.3,All Ages,Los Angeles
2016,91724,103,39.2,All Ages,Los Angeles
2016,91730,234,33.9,All Ages,San Bernardino
2016,91731,150,51.2,All Ages,Los Angeles
2016,91732,398,61.1,All Ages,Los Angeles
2016,91733,257,54.5,All Ages,Los Angeles
2016,91737,42,19.4,All Ages,San Bernardino
2016,91739,81,22.8,All Ages,San Bernardino
2016,91740,102,39.7,All Ages,Los Angeles
2016,91741,80,34.9,All Ages,Los Angeles
2016,91744,498,56.9,All Ages,Los Angeles
2016,91745,197,39.7,All Ages,Los Angeles
2016,91746,137,41.9,All Ages,Los Angeles
2016,91748,108,25.9,All Ages,Los Angeles
2016,91750,137,44,All Ages,Los Angeles
2016,91752,105,29.9,All Ages,Riverside
2016,91754,98,34.9,All Ages,Los Angeles
2016,91755,52,22.1,All Ages,Los Angeles
2016,91761,274,44.9,All Ages,San Bernardino
2016,91762,320,53.1,All Ages,San Bernardino
2016,91763,221,55.4,All Ages,San Bernardino
2016,91764,302,50.7,All Ages,San Bernardino
2016,91765,98,23,All Ages,Los Angeles
2016,91766,446,57.9,All Ages,Los Angeles
2016,91767,373,74.8,All Ages,Los Angeles
2016,91768,188,57.2,All Ages,Los Angeles
2016,91770,190,31.7,All Ages,Los Angeles
2016,91773,102,30.5,All Ages,Los Angeles
2016,91775,50,21.4,All Ages,Los Angeles
2016,91776,125,35.1,All Ages,Los Angeles
2016,91780,84,28,All Ages,Los Angeles
2016,91784,41,16.9,All Ages,San Bernardino
2016,91786,321,60.3,All Ages,San Bernardino
2016,91789,84,23.9,All Ages,Los Angeles
2016,91790,229,48.6,All Ages,Los Angeles
2016,91791,111,33.8,All Ages,Los Angeles
2016,91792,122,41.1,All Ages,Los Angeles
2016,91801,155,32.3,All Ages,Los Angeles
2016,91803,80,28.2,All Ages,Los Angeles
2016,91901,33,21.1,All Ages,San Diego
2016,91902,28,17.7,All Ages,San Diego
2016,91906,22,57.8,All Ages,San Diego
2016,91910,308,40,All Ages,San Diego
2016,91911,439,50.2,All Ages,San Diego
2016,91913,85,17.2,All Ages,San Diego
2016,91914,23,13.1,All Ages,San Diego
2016,91915,63,20.7,All Ages,San Diego
2016,91932,121,45.9,All Ages,San Diego
2016,91935,13,14.8,All Ages,San Diego
2016,91941,105,33.8,All Ages,San Diego
2016,91942,103,28.6,All Ages,San Diego
2016,91945,141,58.4,All Ages,San Diego
2016,91950,359,60,All Ages,San Diego
2016,91977,292,47.8,All Ages,San Diego
2016,91978,31,34.2,All Ages,San Diego
2016,92007,19,20,All Ages,San Diego
2016,92008,46,18.2,All Ages,San Diego
2016,92009,50,10.7,All Ages,San Diego
2016,92010,23,16.2,All Ages,San Diego
2016,92011,33,13.7,All Ages,San Diego
2016,92019,94,23.1,All Ages,San Diego
2016,92020,217,35.9,All Ages,San Diego
2016,92021,263,40,All Ages,San Diego
2016,92024,70,14,All Ages,San Diego
2016,92025,172,33.5,All Ages,San Diego
2016,92026,112,22.1,All Ages,San Diego
2016,92027,174,30.4,All Ages,San Diego
2016,92028,104,24.1,All Ages,San Diego
2016,92029,20,11.7,All Ages,San Diego
2016,92037,53,15.2,All Ages,San Diego
2016,92040,110,26.5,All Ages,San Diego
2016,92054,121,27.4,All Ages,San Diego
2016,92056,146,29.8,All Ages,San Diego
2016,92057,136,23.7,All Ages,San Diego
2016,92058,100,36.4,All Ages,San Diego
2016,92061,13,51.9,All Ages,San Diego
2016,92064,100,22.7,All Ages,San Diego
2016,92065,62,17.7,All Ages,San Diego
2016,92069,95,17.9,All Ages,San Diego
2016,92071,134,25.6,All Ages,San Diego
2016,92075,13,11.9,All Ages,San Diego
2016,92078,76,15.7,All Ages,San Diego
2016,92081,62,22.5,All Ages,San Diego
2016,92082,43,22.4,All Ages,San Diego
2016,92083,155,39.8,All Ages,San Diego
2016,92084,141,27.4,All Ages,San Diego
2016,92101,217,72.5,All Ages,San Diego
2016,92102,283,58.6,All Ages,San Diego
2016,92103,94,37.6,All Ages,San Diego
2016,92104,144,32.8,All Ages,San Diego
2016,92105,459,59.9,All Ages,San Diego
2016,92106,42,22.5,All Ages,San Diego
2016,92107,47,20.3,All Ages,San Diego
2016,92108,51,30.6,All Ages,San Diego
2016,92109,65,17.1,All Ages,San Diego
2016,92110,94,38.2,All Ages,San Diego
2016,92111,198,43.8,All Ages,San Diego
2016,92113,474,85.4,All Ages,San Diego
2016,92114,533,79.8,All Ages,San Diego
2016,92115,291,54.3,All Ages,San Diego
2016,92116,95,33.5,All Ages,San Diego
2016,92117,133,28.4,All Ages,San Diego
2016,92118,31,17.1,All Ages,San Diego
2016,92119,61,30.7,All Ages,San Diego
2016,92120,66,24.6,All Ages,San Diego
2016,92122,55,15.4,All Ages,San Diego
2016,92123,116,43.3,All Ages,San Diego
2016,92124,61,19,All Ages,San Diego
2016,92126,185,27.2,All Ages,San Diego
2016,92127,72,15.5,All Ages,San Diego
2016,92128,46,9.6,All Ages,San Diego
2016,92129,73,14.1,All Ages,San Diego
2016,92130,44,8.7,All Ages,San Diego
2016,92131,39,11.3,All Ages,San Diego
2016,92139,144,39.7,All Ages,San Diego
2016,92154,306,35.5,All Ages,San Diego
2016,92173,180,54.7,All Ages,San Diego
2016,92201,278,41.9,All Ages,Riverside
2016,92203,57,19.7,All Ages,Riverside
2016,92211,45,32.8,All Ages,Riverside
2016,92220,261,92,All Ages,Riverside
2016,92223,267,51.8,All Ages,Riverside
2016,92225,154,67.1,All Ages,Riverside
2016,92227,312,106.2,All Ages,Imperial
2016,92230,37,117.1,All Ages,Riverside
2016,92231,189,46.5,All Ages,Imperial
2016,92233,50,80.1,All Ages,Imperial
2016,92234,168,33.2,All Ages,Riverside
2016,92236,182,36.6,All Ages,Riverside
2016,92240,199,55.1,All Ages,Riverside
2016,92241,23,31.6,All Ages,Riverside
2016,92243,403,76.9,All Ages,Imperial
2016,92249,44,50.7,All Ages,Imperial
2016,92250,55,69.6,All Ages,Imperial
2016,92251,141,66,All Ages,Imperial
2016,92252,40,43.6,All Ages,San Bernardino
2016,92253,99,31.9,All Ages,Riverside
2016,92254,31,19.2,All Ages,Riverside
2016,92256,13,39.1,All Ages,San Bernardino
2016,92257,17,96.7,All Ages,Imperial
2016,92260,49,21.4,All Ages,Riverside
2016,92262,112,44.4,All Ages,Riverside
2016,92264,36,26.5,All Ages,Riverside
2016,92270,50,54.1,All Ages,Riverside
2016,92274,48,17.5,All Ages,Riverside
2016,92276,25,36,All Ages,Riverside
2016,92277,75,29.1,All Ages,San Bernardino
2016,92281,37,120.3,All Ages,Imperial
2016,92284,109,46.1,All Ages,San Bernardino
2016,92301,255,68.4,All Ages,San Bernardino
2016,92307,285,78.1,All Ages,San Bernardino
2016,92308,212,55.9,All Ages,San Bernardino
2016,92311,566,175.7,All Ages,San Bernardino
2016,92313,43,38.5,All Ages,San Bernardino
2016,92314,53,50.9,All Ages,San Bernardino
2016,92315,43,85.3,All Ages,San Bernardino
2016,92316,195,58.9,All Ages,San Bernardino
2016,92320,31,33.2,All Ages,Riverside
2016,92324,378,62.1,All Ages,San Bernardino
2016,92325,48,61.6,All Ages,San Bernardino
2016,92335,521,49,All Ages,San Bernardino
2016,92336,309,31.3,All Ages,San Bernardino
2016,92337,165,40.4,All Ages,San Bernardino
2016,92342,33,59,All Ages,San Bernardino
2016,92344,61,26.5,All Ages,San Bernardino
2016,92345,402,48.4,All Ages,San Bernardino
2016,92346,279,49.4,All Ages,San Bernardino
2016,92352,20,27.3,All Ages,San Bernardino
2016,92354,70,33.8,All Ages,San Bernardino
2016,92356,30,51.2,All Ages,San Bernardino
2016,92359,41,47.5,All Ages,San Bernardino
2016,92363,45,99.1,All Ages,San Bernardino
2016,92371,62,37.3,All Ages,San Bernardino
2016,92372,14,30.1,All Ages,San Bernardino
2016,92373,112,38.5,All Ages,San Bernardino
2016,92374,180,43.2,All Ages,San Bernardino
2016,92376,497,59.5,All Ages,San Bernardino
2016,92377,85,41.2,All Ages,San Bernardino
2016,92382,18,43.3,All Ages,San Bernardino
2016,92386,15,82.8,All Ages,San Bernardino
2016,92392,387,67.4,All Ages,San Bernardino
2016,92394,265,63.2,All Ages,San Bernardino
2016,92395,367,82.9,All Ages,San Bernardino
2016,92399,153,28.8,All Ages,San Bernardino
2016,92401,39,182,All Ages,San Bernardino
2016,92404,591,96,All Ages,San Bernardino
2016,92405,315,99.7,All Ages,San Bernardino
2016,92407,395,62.6,All Ages,San Bernardino
2016,92408,79,46.2,All Ages,San Bernardino
2016,92410,419,79.3,All Ages,San Bernardino
2016,92411,327,112.9,All Ages,San Bernardino
2016,92501,185,83.5,All Ages,Riverside
2016,92503,414,44.1,All Ages,Riverside
2016,92504,267,47.4,All Ages,Riverside
2016,92505,231,46.8,All Ages,Riverside
2016,92506,168,41.7,All Ages,Riverside
2016,92507,298,58.5,All Ages,Riverside
2016,92508,81,23.7,All Ages,Riverside
2016,92509,366,44.2,All Ages,Riverside
2016,92530,253,45.8,All Ages,Riverside
2016,92532,67,27.6,All Ages,Riverside
2016,92536,13,36.2,All Ages,Riverside
2016,92539,12,31.9,All Ages,Riverside
2016,92543,255,82.1,All Ages,Riverside
2016,92544,243,54.5,All Ages,Riverside
2016,92545,199,52.6,All Ages,Riverside
2016,92548,32,47.9,All Ages,Riverside
2016,92551,220,61,All Ages,Riverside
2016,92553,449,56.8,All Ages,Riverside
2016,92555,202,51.9,All Ages,Riverside
2016,92557,232,45.1,All Ages,Riverside
2016,92562,191,31.2,All Ages,Riverside
2016,92563,209,31.2,All Ages,Riverside
2016,92567,25,24.5,All Ages,Riverside
2016,92570,285,48.4,All Ages,Riverside
2016,92571,290,50.1,All Ages,Riverside
2016,92582,80,41.4,All Ages,Riverside
2016,92583,184,59,All Ages,Riverside
2016,92584,142,31.3,All Ages,Riverside
2016,92585,77,34.9,All Ages,Riverside
2016,92586,78,57.6,All Ages,Riverside
2016,92587,64,37.5,All Ages,Riverside
2016,92590,16,38.2,All Ages,Riverside
2016,92591,131,29.3,All Ages,Riverside
2016,92592,215,27.6,All Ages,Riverside
2016,92595,121,37.2,All Ages,Riverside
2016,92596,105,37.8,All Ages,Riverside
2016,92602,46,20.5,All Ages,Orange
2016,92603,17,9.6,All Ages,Orange
2016,92604,46,17.6,All Ages,Orange
2016,92606,45,20,All Ages,Orange
2016,92610,13,8.7,All Ages,Orange
2016,92612,51,21.1,All Ages,Orange
2016,92614,44,19.9,All Ages,Orange
2016,92618,71,30.4,All Ages,Orange
2016,92620,83,18.9,All Ages,Orange
2016,92624,14,19.5,All Ages,Orange
2016,92625,14,16.2,All Ages,Orange
2016,92626,109,23,All Ages,Orange
2016,92627,235,36.8,All Ages,Orange
2016,92629,36,15.8,All Ages,Orange
2016,92630,132,21.3,All Ages,Orange
2016,92637,22,29.1,All Ages,Orange
2016,92646,109,21.4,All Ages,Orange
2016,92647,215,38.7,All Ages,Orange
2016,92648,113,28.2,All Ages,Orange
2016,92649,57,19.1,All Ages,Orange
2016,92651,45,22.5,All Ages,Orange
2016,92653,57,22.2,All Ages,Orange
2016,92655,36,47.4,All Ages,Orange
2016,92656,69,13.9,All Ages,Orange
2016,92657,12,9.8,All Ages,Orange
2016,92660,43,12.7,All Ages,Orange
2016,92663,35,20.1,All Ages,Orange
2016,92672,55,14.4,All Ages,Orange
2016,92673,32,10.9,All Ages,Orange
2016,92675,52,13.9,All Ages,Orange
2016,92677,97,14.9,All Ages,Orange
2016,92679,32,11.2,All Ages,Orange
2016,92683,263,29.7,All Ages,Orange
2016,92688,68,14.9,All Ages,Orange
2016,92691,74,16,All Ages,Orange
2016,92692,77,16.7,All Ages,Orange
2016,92694,31,13.3,All Ages,Orange
2016,92701,256,45.4,All Ages,Orange
2016,92703,318,43.7,All Ages,Orange
2016,92704,361,37.2,All Ages,Orange
2016,92705,122,26.9,All Ages,Orange
2016,92706,145,34.1,All Ages,Orange
2016,92707,278,38.9,All Ages,Orange
2016,92708,115,22,All Ages,Orange
2016,92780,204,35.2,All Ages,Orange
2016,92782,53,17.3,All Ages,Orange
2016,92801,299,43.5,All Ages,Orange
2016,92802,209,44.4,All Ages,Orange
2016,92804,400,45.3,All Ages,Orange
2016,92805,380,49.5,All Ages,Orange
2016,92806,183,42.1,All Ages,Orange
2016,92807,75,23.9,All Ages,Orange
2016,92808,24,12.4,All Ages,Orange
2016,92821,105,26.1,All Ages,Orange
2016,92831,114,36.3,All Ages,Orange
2016,92832,115,44.4,All Ages,Orange
2016,92833,162,30.4,All Ages,Orange
2016,92835,60,27.4,All Ages,Orange
2016,92840,189,34.6,All Ages,Orange
2016,92841,96,28.8,All Ages,Orange
2016,92843,203,41.7,All Ages,Orange
2016,92844,61,25.6,All Ages,Orange
2016,92845,21,12.6,All Ages,Orange
2016,92860,56,23.7,All Ages,Riverside
2016,92865,67,33.4,All Ages,Orange
2016,92866,62,43,All Ages,Orange
2016,92867,125,28.7,All Ages,Orange
2016,92868,97,42.2,All Ages,Orange
2016,92869,81,23.2,All Ages,Orange
2016,92870,173,34.8,All Ages,Orange
2016,92879,163,33.2,All Ages,Riverside
2016,92880,204,27.9,All Ages,Riverside
2016,92881,62,19.5,All Ages,Riverside
2016,92882,223,30.5,All Ages,Riverside
2016,92883,64,21.4,All Ages,Riverside
2016,92886,85,17.6,All Ages,Orange
2016,92887,34,18,All Ages,Orange
2016,93001,133,43.9,All Ages,Ventura
2016,93003,153,33.2,All Ages,Ventura
2016,93004,91,33.7,All Ages,Ventura
2016,93010,95,22.6,All Ages,Ventura
2016,93012,64,18.6,All Ages,Ventura
2016,93013,48,31.2,All Ages,Santa Barbara
2016,93015,73,37.1,All Ages,Ventura
2016,93021,84,22.3,All Ages,Ventura
2016,93022,13,28.8,All Ages,Ventura
2016,93023,57,30.7,All Ages,Ventura
2016,93030,264,42.7,All Ages,Ventura
2016,93033,336,37.4,All Ages,Ventura
2016,93035,82,31.9,All Ages,Ventura
2016,93036,204,42.1,All Ages,Ventura
2016,93040,18,95.4,All Ages,Ventura
2016,93041,91,38.4,All Ages,Ventura
2016,93060,125,34.7,All Ages,Ventura
2016,93063,186,34.4,All Ages,Ventura
2016,93065,245,35.8,All Ages,Ventura
2016,93101,130,42.4,All Ages,Santa Barbara
2016,93103,62,31.9,All Ages,Santa Barbara
2016,93105,53,20.9,All Ages,Santa Barbara
2016,93109,13,10.1,All Ages,Santa Barbara
2016,93110,33,18.5,All Ages,Santa Barbara
2016,93111,39,26.4,All Ages,Santa Barbara
2016,93117,116,29.3,All Ages,Santa Barbara
2016,93202,51,194.8,All Ages,Kings
2016,93203,81,31.8,All Ages,Kern
2016,93204,45,36.7,All Ages,Kings
2016,93205,17,85,All Ages,Kern
2016,93206,21,81,All Ages,Kern
2016,93210,86,48.9,All Ages,Fresno
2016,93212,96,44.9,All Ages,Kings
2016,93215,218,39.1,All Ages,Kern
2016,93219,30,21.7,All Ages,Tulare
2016,93221,47,32.6,All Ages,Tulare
2016,93223,59,53,All Ages,Tulare
2016,93225,16,24.9,All Ages,Kern
2016,93230,574,82.3,All Ages,Kings
2016,93234,46,54.9,All Ages,Fresno
2016,93239,13,63.3,All Ages,Kings
2016,93240,40,89.8,All Ages,Kern
2016,93241,84,41.9,All Ages,Kern
2016,93242,17,48.3,All Ages,Fresno
2016,93245,236,54.7,All Ages,Kings
2016,93247,60,27.9,All Ages,Tulare
2016,93250,69,39.9,All Ages,Kern
2016,93256,31,35.7,All Ages,Tulare
2016,93257,370,45,All Ages,Tulare
2016,93261,17,67.3,All Ages,Tulare
2016,93263,83,37.4,All Ages,Kern
2016,93265,13,23.8,All Ages,Tulare
2016,93267,27,42,All Ages,Tulare
2016,93268,51,26.7,All Ages,Kern
2016,93270,32,51.7,All Ages,Tulare
2016,93274,393,51.2,All Ages,Tulare
2016,93277,181,36.6,All Ages,Tulare
2016,93280,82,27.8,All Ages,Kern
2016,93286,28,28.6,All Ages,Tulare
2016,93291,224,36.1,All Ages,Tulare
2016,93292,134,31.6,All Ages,Tulare
2016,93301,164,136.3,All Ages,Kern
2016,93304,559,103.7,All Ages,Kern
2016,93305,432,108.1,All Ages,Kern
2016,93306,445,60.8,All Ages,Kern
2016,93307,609,62.4,All Ages,Kern
2016,93308,317,58.1,All Ages,Kern
2016,93309,364,59.8,All Ages,Kern
2016,93311,159,32.9,All Ages,Kern
2016,93312,134,21.8,All Ages,Kern
2016,93313,252,47.5,All Ages,Kern
2016,93314,58,20.8,All Ages,Kern
2016,93401,95,38.6,All Ages,San Luis Obispo
2016,93402,50,40.4,All Ages,San Luis Obispo
2016,93405,36,17.7,All Ages,San Luis Obispo
2016,93420,109,41.9,All Ages,San Luis Obispo
2016,93422,110,35.5,All Ages,San Luis Obispo
2016,93427,19,35.8,All Ages,Santa Barbara
2016,93428,19,32.7,All Ages,San Luis Obispo
2016,93433,67,53.7,All Ages,San Luis Obispo
2016,93434,59,69.9,All Ages,Santa Barbara
2016,93436,224,40,All Ages,Santa Barbara
2016,93442,25,28.8,All Ages,San Luis Obispo
2016,93444,82,43.4,All Ages,San Luis Obispo
2016,93445,45,67.4,All Ages,San Luis Obispo
2016,93446,158,37.4,All Ages,San Luis Obispo
2016,93449,12,20.3,All Ages,San Luis Obispo
2016,93451,19,39.6,All Ages,San Luis Obispo
2016,93454,274,71.5,All Ages,Santa Barbara
2016,93455,149,36.3,All Ages,Santa Barbara
2016,93458,305,46.3,All Ages,Santa Barbara
2016,93460,22,50.1,All Ages,Santa Barbara
2016,93463,22,29.3,All Ages,Santa Barbara
2016,93465,20,20.5,All Ages,San Luis Obispo
2016,93501,67,121.8,All Ages,Kern
2016,93505,93,65.1,All Ages,Kern
2016,93510,19,27.1,All Ages,Los Angeles
2016,93514,61,48.7,All Ages,Inyo
2016,93532,17,85.2,All Ages,Los Angeles
2016,93534,517,126.9,All Ages,Los Angeles
2016,93535,1022,131.2,All Ages,Los Angeles
2016,93536,360,50.7,All Ages,Los Angeles
2016,93543,110,85.4,All Ages,Los Angeles
2016,93546,29,33.1,All Ages,Mono
2016,93550,819,100,All Ages,Los Angeles
2016,93551,228,43.5,All Ages,Los Angeles
2016,93552,265,64.5,All Ages,Los Angeles
2016,93555,164,54.1,All Ages,Kern
2016,93560,111,54.9,All Ages,Kern
2016,93561,160,48.7,All Ages,Kern
2016,93591,78,105.8,All Ages,Los Angeles
2016,93602,17,64.2,All Ages,Fresno
2016,93609,37,58.4,All Ages,Fresno
2016,93610,95,44.2,All Ages,Madera
2016,93611,143,32.7,All Ages,Fresno
2016,93612,269,75.3,All Ages,Fresno
2016,93614,33,35.7,All Ages,Madera
2016,93615,40,56.2,All Ages,Tulare
2016,93616,27,98.2,All Ages,Fresno
2016,93618,153,45.6,All Ages,Tulare
2016,93619,73,19.8,All Ages,Fresno
2016,93620,58,58.1,All Ages,Merced
2016,93622,69,59.2,All Ages,Fresno
2016,93625,52,64,All Ages,Fresno
2016,93630,94,38.6,All Ages,Fresno
2016,93631,87,49.7,All Ages,Fresno
2016,93635,431,101.3,All Ages,Merced
2016,93636,44,37.2,All Ages,Madera
2016,93637,290,69.9,All Ages,Madera
2016,93638,443,71.4,All Ages,Madera
2016,93640,114,74.9,All Ages,Fresno
2016,93644,36,60.5,All Ages,Madera
2016,93646,82,65.2,All Ages,Fresno
2016,93647,50,36.6,All Ages,Tulare
2016,93648,192,102.6,All Ages,Fresno
2016,93650,48,141.4,All Ages,Fresno
2016,93654,155,47.5,All Ages,Fresno
2016,93656,45,60.9,All Ages,Fresno
2016,93657,234,61.6,All Ages,Fresno
2016,93660,15,29.2,All Ages,Fresno
2016,93662,304,92.5,All Ages,Fresno
2016,93667,15,71.7,All Ages,Fresno
2016,93675,23,81.1,All Ages,Fresno
2016,93701,177,119.4,All Ages,Fresno
2016,93702,468,86.9,All Ages,Fresno
2016,93703,390,106.7,All Ages,Fresno
2016,93704,160,61.7,All Ages,Fresno
2016,93705,408,100.5,All Ages,Fresno
2016,93706,460,97.7,All Ages,Fresno
2016,93710,178,61.5,All Ages,Fresno
2016,93711,133,43.1,All Ages,Fresno
2016,93720,167,39.3,All Ages,Fresno
2016,93721,46,73.4,All Ages,Fresno
2016,93722,592,67.5,All Ages,Fresno
2016,93723,47,41.1,All Ages,Fresno
2016,93725,230,78.3,All Ages,Fresno
2016,93726,420,105.7,All Ages,Fresno
2016,93727,529,63.6,All Ages,Fresno
2016,93728,167,104.8,All Ages,Fresno
2016,93730,24,20.4,All Ages,Fresno
2016,93737,15,27.3,All Ages,Fresno
2016,93901,223,84.6,All Ages,Monterey
2016,93905,389,54.9,All Ages,Monterey
2016,93906,394,65.7,All Ages,Monterey
2016,93907,82,37,All Ages,Monterey
2016,93908,17,12.2,All Ages,Monterey
2016,93923,19,30.1,All Ages,Monterey
2016,93924,19,26.4,All Ages,Monterey
2016,93926,45,44.9,All Ages,Monterey
2016,93927,81,39.1,All Ages,Monterey
2016,93930,47,27.4,All Ages,Monterey
2016,93933,120,54,All Ages,Monterey
2016,93940,74,25.2,All Ages,Monterey
2016,93950,38,31.5,All Ages,Monterey
2016,93955,188,53.6,All Ages,Monterey
2016,93960,91,35,All Ages,Monterey
2016,94002,50,16.8,All Ages,San Mateo
2016,94010,51,13.5,All Ages,San Mateo
2016,94014,195,41.7,All Ages,San Mateo
2016,94015,255,43.1,All Ages,San Mateo
2016,94019,64,33.5,All Ages,San Mateo
2016,94022,18,8.2,All Ages,Santa Clara
2016,94024,16,7,All Ages,Santa Clara
2016,94025,106,26,All Ages,San Mateo
2016,94030,64,31.4,All Ages,San Mateo
2016,94038,19,66.1,All Ages,San Mateo
2016,94040,53,14.8,All Ages,Santa Clara
2016,94041,23,18.8,All Ages,Santa Clara
2016,94043,47,17,All Ages,Santa Clara
2016,94044,168,46.2,All Ages,San Mateo
2016,94061,127,35.4,All Ages,San Mateo
2016,94062,47,19.8,All Ages,San Mateo
2016,94063,225,66.4,All Ages,San Mateo
2016,94066,199,47,All Ages,San Mateo
2016,94070,46,16,All Ages,San Mateo
2016,94080,281,44.6,All Ages,San Mateo
2016,94085,48,21.5,All Ages,Santa Clara
2016,94086,67,14.2,All Ages,Santa Clara
2016,94087,66,11.8,All Ages,Santa Clara
2016,94089,49,24.2,All Ages,Santa Clara
2016,94102,261,78.4,All Ages,San Francisco
2016,94103,206,68.7,All Ages,San Francisco
2016,94105,22,42.5,All Ages,San Francisco
2016,94107,88,39.5,All Ages,San Francisco
2016,94108,19,23.4,All Ages,San Francisco
2016,94109,125,34,All Ages,San Francisco
2016,94110,339,54.1,All Ages,San Francisco
2016,94111,18,51.4,All Ages,San Francisco
2016,94112,317,42.9,All Ages,San Francisco
2016,94114,48,16.1,All Ages,San Francisco
2016,94115,135,50.2,All Ages,San Francisco
2016,94116,96,24.6,All Ages,San Francisco
2016,94117,136,44.2,All Ages,San Francisco
2016,94118,68,18,All Ages,San Francisco
2016,94121,88,25.8,All Ages,San Francisco
2016,94122,90,20.7,All Ages,San Francisco
2016,94123,29,17.5,All Ages,San Francisco
2016,94124,345,90.9,All Ages,San Francisco
2016,94127,52,31.9,All Ages,San Francisco
2016,94130,29,358.9,All Ages,San Francisco
2016,94131,56,23.3,All Ages,San Francisco
2016,94132,78,31.1,All Ages,San Francisco
2016,94133,57,28.3,All Ages,San Francisco
2016,94134,215,58.3,All Ages,San Francisco
2016,94158,12,32,All Ages,San Francisco
2016,94303,216,43.8,All Ages,Santa Clara
2016,94306,15,5.8,All Ages,Santa Clara
2016,94401,157,44.9,All Ages,San Mateo
2016,94402,73,32,All Ages,San Mateo
2016,94403,157,37.4,All Ages,San Mateo
2016,94404,43,12.3,All Ages,San Mateo
2016,94501,306,51.1,All Ages,Alameda
2016,94502,34,26.2,All Ages,Alameda
2016,94503,87,42.5,All Ages,Napa
2016,94505,39,25.9,All Ages,Contra Costa
2016,94506,29,15.2,All Ages,Contra Costa
2016,94507,21,12.7,All Ages,Contra Costa
2016,94509,796,124.4,All Ages,Contra Costa
2016,94510,115,44.7,All Ages,Solano
2016,94511,23,147.2,All Ages,Contra Costa
2016,94513,251,40.1,All Ages,Contra Costa
2016,94515,20,28.4,All Ages,Napa
2016,94517,33,28.7,All Ages,Contra Costa
2016,94518,86,32.4,All Ages,Contra Costa
2016,94519,85,44,All Ages,Contra Costa
2016,94520,306,75,All Ages,Contra Costa
2016,94521,161,40.5,All Ages,Contra Costa
2016,94523,90,25.6,All Ages,Contra Costa
2016,94525,13,28.7,All Ages,Contra Costa
2016,94526,47,17.5,All Ages,Contra Costa
2016,94530,66,30.6,All Ages,Contra Costa
2016,94531,351,79.4,All Ages,Contra Costa
2016,94533,770,106.9,All Ages,Solano
2016,94534,119,32.6,All Ages,Solano
2016,94536,229,31.5,All Ages,Alameda
2016,94538,233,36.8,All Ages,Alameda
2016,94539,104,23.8,All Ages,Alameda
2016,94541,467,71.3,All Ages,Alameda
2016,94542,45,31.8,All Ages,Alameda
2016,94544,653,83.4,All Ages,Alameda
2016,94545,236,76.7,All Ages,Alameda
2016,94546,210,50.1,All Ages,Alameda
2016,94547,102,42.6,All Ages,Contra Costa
2016,94549,42,19.4,All Ages,Contra Costa
2016,94550,97,20.8,All Ages,Alameda
2016,94551,90,23.5,All Ages,Alameda
2016,94552,23,17,All Ages,Alameda
2016,94553,209,45.6,All Ages,Contra Costa
2016,94555,91,24.8,All Ages,Alameda
2016,94556,19,14.2,All Ages,Contra Costa
2016,94558,213,34.2,All Ages,Napa
2016,94559,89,32.5,All Ages,Napa
2016,94560,224,50.6,All Ages,Alameda
2016,94561,247,60.3,All Ages,Contra Costa
2016,94563,18,10.4,All Ages,Contra Costa
2016,94564,71,42.6,All Ages,Contra Costa
2016,94565,895,96,All Ages,Contra Costa
2016,94566,95,22.8,All Ages,Alameda
2016,94568,131,23.1,All Ages,Alameda
2016,94571,44,61.9,All Ages,Solano
2016,94572,56,74.3,All Ages,Contra Costa
2016,94577,261,56.2,All Ages,Alameda
2016,94578,324,80.8,All Ages,Alameda
2016,94579,117,63.7,All Ages,Alameda
2016,94580,189,65.7,All Ages,Alameda
2016,94582,78,17.3,All Ages,Contra Costa
2016,94583,62,19.2,All Ages,Contra Costa
2016,94585,272,93.5,All Ages,Solano
2016,94587,324,45.4,All Ages,Alameda
2016,94588,54,18.5,All Ages,Alameda
2016,94589,399,134.6,All Ages,Solano
2016,94590,571,164,All Ages,Solano
2016,94591,389,75,All Ages,Solano
2016,94595,20,13.7,All Ages,Contra Costa
2016,94596,43,25.9,All Ages,Contra Costa
2016,94597,58,25.4,All Ages,Contra Costa
2016,94598,45,21.2,All Ages,Contra Costa
2016,94601,570,104.4,All Ages,Alameda
2016,94602,165,58.7,All Ages,Alameda
2016,94603,619,179.2,All Ages,Alameda
2016,94605,598,145.7,All Ages,Alameda
2016,94606,304,91.2,All Ages,Alameda
2016,94607,317,125.5,All Ages,Alameda
2016,94608,242,81.5,All Ages,Alameda
2016,94609,173,89.3,All Ages,Alameda
2016,94610,103,37,All Ages,Alameda
2016,94611,80,23.4,All Ages,Alameda
2016,94612,143,116.3,All Ages,Alameda
2016,94618,27,21.1,All Ages,Alameda
2016,94619,141,61.5,All Ages,Alameda
2016,94621,602,173.5,All Ages,Alameda
2016,94702,91,55.8,All Ages,Alameda
2016,94703,101,63.8,All Ages,Alameda
2016,94704,35,28.1,All Ages,Alameda
2016,94705,39,37.5,All Ages,Alameda
2016,94706,52,27.6,All Ages,Alameda
2016,94707,21,19.1,All Ages,Alameda
2016,94708,15,12.5,All Ages,Alameda
2016,94709,19,29.8,All Ages,Alameda
2016,94710,42,54.9,All Ages,Alameda
2016,94801,404,123.1,All Ages,Contra Costa
2016,94803,130,59.3,All Ages,Contra Costa
2016,94804,493,120.7,All Ages,Contra Costa
2016,94805,87,62,All Ages,Contra Costa
2016,94806,521,84.9,All Ages,Contra Costa
2016,94901,105,25.8,All Ages,Marin
2016,94903,63,23.6,All Ages,Marin
2016,94904,15,13.9,All Ages,Marin
2016,94920,19,14.7,All Ages,Marin
2016,94928,147,32.5,All Ages,Sonoma
2016,94930,17,24.9,All Ages,Marin
2016,94931,23,27.1,All Ages,Sonoma
2016,94941,23,6.8,All Ages,Marin
2016,94945,54,30.2,All Ages,Marin
2016,94947,75,34.8,All Ages,Marin
2016,94949,60,36.5,All Ages,Marin
2016,94952,96,31.8,All Ages,Sonoma
2016,94954,100,26.6,All Ages,Sonoma
2016,94960,24,19.4,All Ages,Marin
2016,94965,36,38.3,All Ages,Marin
2016,95003,52,22.7,All Ages,Santa Cruz
2016,95005,15,20,All Ages,Santa Cruz
2016,95006,16,20.1,All Ages,Santa Cruz
2016,95008,120,25.4,All Ages,Santa Clara
2016,95010,24,27.5,All Ages,Santa Cruz
2016,95012,58,51,All Ages,Monterey
2016,95014,42,6.4,All Ages,Santa Clara
2016,95019,36,38.8,All Ages,Santa Cruz
2016,95020,313,48,All Ages,Santa Clara
2016,95023,247,47.2,All Ages,San Benito
2016,95032,34,13.2,All Ages,Santa Clara
2016,95033,32,23.9,All Ages,Santa Cruz
2016,95035,166,22.8,All Ages,Santa Clara
2016,95037,155,29.4,All Ages,Santa Clara
2016,95045,14,34.4,All Ages,San Benito
2016,95046,22,37.6,All Ages,Santa Clara
2016,95050,99,24.9,All Ages,Santa Clara
2016,95051,104,18.1,All Ages,Santa Clara
2016,95054,46,19.6,All Ages,Santa Clara
2016,95060,95,22.4,All Ages,Santa Cruz
2016,95062,82,24.6,All Ages,Santa Cruz
2016,95065,15,21.5,All Ages,Santa Cruz
2016,95066,24,17,All Ages,Santa Cruz
2016,95070,23,6.6,All Ages,Santa Clara
2016,95073,22,20.4,All Ages,Santa Cruz
2016,95076,417,47.6,All Ages,Santa Cruz
2016,95110,60,29.7,All Ages,Santa Clara
2016,95111,321,53,All Ages,Santa Clara
2016,95112,276,51.8,All Ages,Santa Clara
2016,95116,347,62.3,All Ages,Santa Clara
2016,95117,87,28.6,All Ages,Santa Clara
2016,95118,91,28.5,All Ages,Santa Clara
2016,95119,32,30,All Ages,Santa Clara
2016,95120,39,11.7,All Ages,Santa Clara
2016,95121,133,33.5,All Ages,Santa Clara
2016,95122,347,56.1,All Ages,Santa Clara
2016,95123,249,38.3,All Ages,Santa Clara
2016,95124,125,25.6,All Ages,Santa Clara
2016,95125,149,27.6,All Ages,Santa Clara
2016,95126,155,46.9,All Ages,Santa Clara
2016,95127,285,44.8,All Ages,Santa Clara
2016,95128,105,27.7,All Ages,Santa Clara
2016,95129,54,13.8,All Ages,Santa Clara
2016,95130,38,25.5,All Ages,Santa Clara
2016,95131,55,18.1,All Ages,Santa Clara
2016,95132,101,24.4,All Ages,Santa Clara
2016,95133,83,29.6,All Ages,Santa Clara
2016,95134,32,20.1,All Ages,Santa Clara
2016,95135,39,16.5,All Ages,Santa Clara
2016,95136,124,27.8,All Ages,Santa Clara
2016,95138,58,30.3,All Ages,Santa Clara
2016,95139,18,26.7,All Ages,Santa Clara
2016,95148,163,34.6,All Ages,Santa Clara
2016,95202,154,234,All Ages,San Joaquin
2016,95203,216,121.7,All Ages,San Joaquin
2016,95204,184,67.3,All Ages,San Joaquin
2016,95205,344,85.8,All Ages,San Joaquin
2016,95206,586,84.4,All Ages,San Joaquin
2016,95207,411,88.7,All Ages,San Joaquin
2016,95209,157,36.7,All Ages,San Joaquin
2016,95210,245,61.9,All Ages,San Joaquin
2016,95212,88,29.3,All Ages,San Joaquin
2016,95215,96,41.5,All Ages,San Joaquin
2016,95219,98,35.4,All Ages,San Joaquin
2016,95220,19,25.5,All Ages,San Joaquin
2016,95228,16,50.9,All Ages,Calaveras
2016,95231,25,52.7,All Ages,San Joaquin
2016,95237,15,41.7,All Ages,San Joaquin
2016,95240,251,50.6,All Ages,San Joaquin
2016,95242,68,27.3,All Ages,San Joaquin
2016,95249,34,133.2,All Ages,Calaveras
2016,95252,55,43.6,All Ages,Calaveras
2016,95258,36,123.9,All Ages,San Joaquin
2016,95301,212,55.5,All Ages,Merced
2016,95304,40,23.4,All Ages,San Joaquin
2016,95307,193,41.8,All Ages,Stanislaus
2016,95315,65,43.8,All Ages,Merced
2016,95316,24,36.2,All Ages,Stanislaus
2016,95320,43,32.2,All Ages,San Joaquin
2016,95322,70,71.9,All Ages,Merced
2016,95324,30,39.4,All Ages,Merced
2016,95326,34,30.6,All Ages,Stanislaus
2016,95327,46,49.2,All Ages,Tuolumne
2016,95328,13,24.7,All Ages,Stanislaus
2016,95330,112,52.9,All Ages,San Joaquin
2016,95333,13,30.9,All Ages,Merced
2016,95334,75,43.2,All Ages,Merced
2016,95336,260,58.5,All Ages,San Joaquin
2016,95337,182,49.5,All Ages,San Joaquin
2016,95338,48,53.3,All Ages,Mariposa
2016,95340,443,123.9,All Ages,Merced
2016,95341,323,83.8,All Ages,Merced
2016,95348,285,86.8,All Ages,Merced
2016,95350,333,69.8,All Ages,Stanislaus
2016,95351,401,81,All Ages,Stanislaus
2016,95354,184,74.5,All Ages,Stanislaus
2016,95355,268,47.4,All Ages,Stanislaus
2016,95356,134,43.2,All Ages,Stanislaus
2016,95357,81,60.7,All Ages,Stanislaus
2016,95358,171,54.2,All Ages,Stanislaus
2016,95360,38,30.4,All Ages,Stanislaus
2016,95361,156,50.5,All Ages,Stanislaus
2016,95363,94,34.8,All Ages,Stanislaus
2016,95365,58,144.8,All Ages,Merced
2016,95366,35,20.7,All Ages,San Joaquin
2016,95367,113,46.6,All Ages,Stanislaus
2016,95368,43,30.5,All Ages,Stanislaus
2016,95370,127,58.3,All Ages,Tuolumne
2016,95372,19,109.3,All Ages,Tuolumne
2016,95374,12,69.1,All Ages,Merced
2016,95376,378,71.7,All Ages,San Joaquin
2016,95377,92,29.9,All Ages,San Joaquin
2016,95380,255,60,All Ages,Stanislaus
2016,95382,108,29.7,All Ages,Stanislaus
2016,95386,58,56.9,All Ages,Stanislaus
2016,95388,105,67.2,All Ages,Merced
2016,95391,56,35.8,All Ages,San Joaquin
2016,95401,175,48.2,All Ages,Sonoma
2016,95403,171,37.4,All Ages,Sonoma
2016,95404,154,36.7,All Ages,Sonoma
2016,95405,85,43.1,All Ages,Sonoma
2016,95407,243,61.6,All Ages,Sonoma
2016,95409,63,26.8,All Ages,Sonoma
2016,95422,185,99.5,All Ages,Lake
2016,95423,23,78.2,All Ages,Lake
2016,95425,27,25.3,All Ages,Sonoma
2016,95428,12,49.9,All Ages,Mendocino
2016,95437,69,49.8,All Ages,Mendocino
2016,95446,23,45.2,All Ages,Sonoma
2016,95448,34,20.7,All Ages,Sonoma
2016,95451,71,66.5,All Ages,Lake
2016,95453,68,63.3,All Ages,Lake
2016,95457,28,85.7,All Ages,Lake
2016,95458,19,75.5,All Ages,Lake
2016,95461,14,67.5,All Ages,Lake
2016,95464,25,105.4,All Ages,Lake
2016,95467,23,49.5,All Ages,Lake
2016,95470,16,29.4,All Ages,Mendocino
2016,95472,74,30.1,All Ages,Sonoma
2016,95476,71,22.8,All Ages,Sonoma
2016,95482,195,64.6,All Ages,Mendocino
2016,95485,19,79.4,All Ages,Lake
2016,95490,94,75.4,All Ages,Mendocino
2016,95492,82,28.9,All Ages,Sonoma
2016,95501,204,82.1,All Ages,Humboldt
2016,95503,127,56.2,All Ages,Humboldt
2016,95519,77,47,All Ages,Humboldt
2016,95521,95,49.6,All Ages,Humboldt
2016,95531,154,74,All Ages,Del Norte
2016,95540,83,65.3,All Ages,Humboldt
2016,95542,19,54.9,All Ages,Humboldt
2016,95551,19,132.5,All Ages,Humboldt
2016,95562,27,82,All Ages,Humboldt
2016,95567,12,75.2,All Ages,Del Norte
2016,95602,99,70.8,All Ages,Placer
2016,95603,83,34,All Ages,Placer
2016,95605,81,55.6,All Ages,Yolo
2016,95608,340,59.8,All Ages,Sacramento
2016,95610,221,49.8,All Ages,Sacramento
2016,95616,92,25.6,All Ages,Yolo
2016,95618,49,19.3,All Ages,Yolo
2016,95619,29,93.6,All Ages,El Dorado
2016,95620,94,43.4,All Ages,Solano
2016,95621,201,50.1,All Ages,Sacramento
2016,95623,14,29.6,All Ages,El Dorado
2016,95624,196,31.6,All Ages,Sacramento
2016,95626,28,42.4,All Ages,Sacramento
2016,95627,20,54.8,All Ages,Yolo
2016,95628,144,41.2,All Ages,Sacramento
2016,95630,147,19.6,All Ages,Sacramento
2016,95631,16,28.3,All Ages,Placer
2016,95632,82,26.8,All Ages,Sacramento
2016,95640,39,38.3,All Ages,Amador
2016,95642,66,119.6,All Ages,Amador
2016,95648,124,25,All Ages,Placer
2016,95650,13,9.2,All Ages,Placer
2016,95655,20,35.9,All Ages,Sacramento
2016,95660,307,92.9,All Ages,Sacramento
2016,95661,89,30.3,All Ages,Placer
2016,95662,147,42.7,All Ages,Sacramento
2016,95665,16,49.1,All Ages,Amador
2016,95666,22,59.5,All Ages,Amador
2016,95667,142,44.8,All Ages,El Dorado
2016,95669,15,70.5,All Ages,Amador
2016,95670,258,49.1,All Ages,Sacramento
2016,95673,78,51.1,All Ages,Sacramento
2016,95677,82,39,All Ages,Placer
2016,95678,144,33.2,All Ages,Placer
2016,95682,75,27.8,All Ages,El Dorado
2016,95683,19,32.6,All Ages,Sacramento
2016,95685,22,59.7,All Ages,Amador
2016,95687,322,50.3,All Ages,Solano
2016,95688,230,66.2,All Ages,Solano
2016,95690,16,77.3,All Ages,Sacramento
2016,95691,190,52,All Ages,Yolo
2016,95692,15,28.5,All Ages,Yuba
2016,95693,16,26.5,All Ages,Sacramento
2016,95694,28,30.7,All Ages,Yolo
2016,95695,166,43.9,All Ages,Yolo
2016,95709,16,44.9,All Ages,El Dorado
2016,95713,20,24.8,All Ages,Placer
2016,95726,36,44.7,All Ages,El Dorado
2016,95742,29,32.1,All Ages,Sacramento
2016,95746,38,21.6,All Ages,Placer
2016,95747,134,22.1,All Ages,Placer
2016,95757,165,36,All Ages,Sacramento
2016,95758,220,36.1,All Ages,Sacramento
2016,95762,69,18.7,All Ages,El Dorado
2016,95765,72,19.9,All Ages,Placer
2016,95776,117,47.7,All Ages,Yolo
2016,95811,85,119.1,All Ages,Sacramento
2016,95814,61,66.3,All Ages,Sacramento
2016,95815,329,133.2,All Ages,Sacramento
2016,95816,85,59,All Ages,Sacramento
2016,95817,102,76.2,All Ages,Sacramento
2016,95818,111,55.5,All Ages,Sacramento
2016,95819,37,23.6,All Ages,Sacramento
2016,95820,298,80.1,All Ages,Sacramento
2016,95821,390,128.4,All Ages,Sacramento
2016,95822,355,83.5,All Ages,Sacramento
2016,95823,880,113.1,All Ages,Sacramento
2016,95824,266,82,All Ages,Sacramento
2016,95825,330,114.1,All Ages,Sacramento
2016,95826,206,59.1,All Ages,Sacramento
2016,95827,113,55.7,All Ages,Sacramento
2016,95828,422,71.5,All Ages,Sacramento
2016,95829,95,34.5,All Ages,Sacramento
2016,95831,136,38.3,All Ages,Sacramento
2016,95832,143,113.3,All Ages,Sacramento
2016,95833,274,68,All Ages,Sacramento
2016,95834,153,53.6,All Ages,Sacramento
2016,95835,116,31.2,All Ages,Sacramento
2016,95838,459,117.5,All Ages,Sacramento
2016,95841,156,74,All Ages,Sacramento
2016,95842,301,91.6,All Ages,Sacramento
2016,95843,224,47.9,All Ages,Sacramento
2016,95864,86,45.5,All Ages,Sacramento
2016,95901,152,47.1,All Ages,Yuba
2016,95912,13,23.1,All Ages,Colusa
2016,95917,12,36.3,All Ages,Butte
2016,95926,140,39.2,All Ages,Butte
2016,95928,118,33.7,All Ages,Butte
2016,95932,22,24.1,All Ages,Colusa
2016,95945,111,54.9,All Ages,Nevada
2016,95946,17,19.6,All Ages,Nevada
2016,95948,43,41.1,All Ages,Butte
2016,95949,48,31.7,All Ages,Nevada
2016,95953,42,38.1,All Ages,Sutter
2016,95954,33,35.8,All Ages,Butte
2016,95959,36,27.7,All Ages,Nevada
2016,95961,101,37.9,All Ages,Yuba
2016,95963,63,39,All Ages,Glenn
2016,95965,95,48.2,All Ages,Butte
2016,95966,117,44.8,All Ages,Butte
2016,95969,91,42.3,All Ages,Butte
2016,95971,30,47.1,All Ages,Plumas
2016,95973,99,30.6,All Ages,Butte
2016,95987,19,28.8,All Ages,Colusa
2016,95988,28,34.9,All Ages,Glenn
2016,95991,173,40.8,All Ages,Sutter
2016,95993,79,22.3,All Ages,Sutter
2016,96001,147,47.6,All Ages,Shasta
2016,96002,178,58,All Ages,Shasta
2016,96003,140,34.6,All Ages,Shasta
2016,96007,81,38.6,All Ages,Shasta
2016,96013,14,33,All Ages,Shasta
2016,96019,28,29.6,All Ages,Shasta
2016,96021,86,51.7,All Ages,Tehama
2016,96022,44,31.6,All Ages,Shasta
2016,96035,29,84.1,All Ages,Tehama
2016,96067,24,39.1,All Ages,Siskiyou
2016,96080,196,72.4,All Ages,Tehama
2016,96088,20,69.2,All Ages,Shasta
2016,96093,19,63.1,All Ages,Trinity
2016,96094,12,17.5,All Ages,Siskiyou
2016,96097,47,54.7,All Ages,Siskiyou
2016,96101,53,110.9,All Ages,Modoc
2016,96122,39,115.6,All Ages,Plumas
2016,96130,83,36,All Ages,Lassen
2016,96137,14,53.6,All Ages,Lassen
2016,96150,77,24.1,All Ages,El Dorado
2016,96161,34,18.4,All Ages,Nevada
2017,90001,411,67.9,All Ages,Los Angeles
2017,90002,516,91.4,All Ages,Los Angeles
2017,90003,686,92.3,All Ages,Los Angeles
2017,90004,282,48.2,All Ages,Los Angeles
2017,90005,135,36.4,All Ages,Los Angeles
2017,90006,242,39.7,All Ages,Los Angeles
2017,90007,148,39.8,All Ages,Los Angeles
2017,90008,365,111.1,All Ages,Los Angeles
2017,90011,688,59.6,All Ages,Los Angeles
2017,90012,84,27.3,All Ages,Los Angeles
2017,90013,147,87.5,All Ages,Los Angeles
2017,90014,41,55.2,All Ages,Los Angeles
2017,90015,128,65.3,All Ages,Los Angeles
2017,90016,374,78.1,All Ages,Los Angeles
2017,90017,155,53.7,All Ages,Los Angeles
2017,90018,410,79.6,All Ages,Los Angeles
2017,90019,337,53.3,All Ages,Los Angeles
2017,90020,139,36.6,All Ages,Los Angeles
2017,90021,41,110.6,All Ages,Los Angeles
2017,90022,408,57.5,All Ages,Los Angeles
2017,90023,269,51.5,All Ages,Los Angeles
2017,90024,83,24,All Ages,Los Angeles
2017,90025,68,17.5,All Ages,Los Angeles
2017,90026,303,49.4,All Ages,Los Angeles
2017,90027,147,39.9,All Ages,Los Angeles
2017,90028,168,76.3,All Ages,Los Angeles
2017,90029,182,48.5,All Ages,Los Angeles
2017,90031,182,44.6,All Ages,Los Angeles
2017,90032,250,51.8,All Ages,Los Angeles
2017,90033,330,65.1,All Ages,Los Angeles
2017,90034,149,27.7,All Ages,Los Angeles
2017,90035,58,19.2,All Ages,Los Angeles
2017,90036,95,27.1,All Ages,Los Angeles
2017,90037,555,84.1,All Ages,Los Angeles
2017,90038,137,48.2,All Ages,Los Angeles
2017,90039,103,38.2,All Ages,Los Angeles
2017,90040,71,55.3,All Ages,Los Angeles
2017,90041,73,26.4,All Ages,Los Angeles
2017,90042,231,36.7,All Ages,Los Angeles
2017,90043,501,117.6,All Ages,Los Angeles
2017,90044,990,100.8,All Ages,Los Angeles
2017,90045,70,20.1,All Ages,Los Angeles
2017,90046,78,19.2,All Ages,Los Angeles
2017,90047,599,117.6,All Ages,Los Angeles
2017,90048,47,27.3,All Ages,Los Angeles
2017,90049,42,11.7,All Ages,Los Angeles
2017,90056,48,83.8,All Ages,Los Angeles
2017,90057,285,63.7,All Ages,Los Angeles
2017,90058,34,90.5,All Ages,Los Angeles
2017,90059,599,130.3,All Ages,Los Angeles
2017,90061,405,130.6,All Ages,Los Angeles
2017,90062,298,90.3,All Ages,Los Angeles
2017,90063,269,45.4,All Ages,Los Angeles
2017,90064,64,25.1,All Ages,Los Angeles
2017,90065,214,46,All Ages,Los Angeles
2017,90066,136,26.7,All Ages,Los Angeles
2017,90068,31,15.2,All Ages,Los Angeles
2017,90069,37,18.7,All Ages,Los Angeles
2017,90094,14,16.2,All Ages,Los Angeles
2017,90201,460,42.9,All Ages,Los Angeles
2017,90210,20,8.4,All Ages,Los Angeles
2017,90211,30,31.8,All Ages,Los Angeles
2017,90212,25,21.4,All Ages,Los Angeles
2017,90220,499,93.3,All Ages,Los Angeles
2017,90221,452,76.3,All Ages,Los Angeles
2017,90222,385,108.9,All Ages,Los Angeles
2017,90230,118,38.2,All Ages,Los Angeles
2017,90232,53,37.8,All Ages,Los Angeles
2017,90240,90,36.6,All Ages,Los Angeles
2017,90241,186,41.7,All Ages,Los Angeles
2017,90242,155,33.9,All Ages,Los Angeles
2017,90245,22,14.9,All Ages,Los Angeles
2017,90247,319,67.7,All Ages,Los Angeles
2017,90248,48,46.3,All Ages,Los Angeles
2017,90249,177,63.1,All Ages,Los Angeles
2017,90250,630,63.8,All Ages,Los Angeles
2017,90254,30,17.8,All Ages,Los Angeles
2017,90255,393,52.3,All Ages,Los Angeles
2017,90260,205,55.8,All Ages,Los Angeles
2017,90262,415,55.9,All Ages,Los Angeles
2017,90265,12,6.4,All Ages,Los Angeles
2017,90266,28,8.5,All Ages,Los Angeles
2017,90270,125,44,All Ages,Los Angeles
2017,90272,17,10.4,All Ages,Los Angeles
2017,90274,28,13.9,All Ages,Los Angeles
2017,90275,48,13.9,All Ages,Los Angeles
2017,90277,44,13.3,All Ages,Los Angeles
2017,90278,104,26,All Ages,Los Angeles
2017,90280,444,46.3,All Ages,Los Angeles
2017,90291,78,34.6,All Ages,Los Angeles
2017,90292,51,19.9,All Ages,Los Angeles
2017,90293,19,25.9,All Ages,Los Angeles
2017,90301,284,73.3,All Ages,Los Angeles
2017,90302,222,71.3,All Ages,Los Angeles
2017,90303,200,75.9,All Ages,Los Angeles
2017,90304,163,52.4,All Ages,Los Angeles
2017,90305,87,71.6,All Ages,Los Angeles
2017,90401,40,53.7,All Ages,Los Angeles
2017,90402,14,10.8,All Ages,Los Angeles
2017,90403,36,16,All Ages,Los Angeles
2017,90404,104,51.8,All Ages,Los Angeles
2017,90405,76,29.3,All Ages,Los Angeles
2017,90501,214,48.9,All Ages,Los Angeles
2017,90502,86,48.5,All Ages,Los Angeles
2017,90503,86,20.3,All Ages,Los Angeles
2017,90504,70,24.8,All Ages,Los Angeles
2017,90505,89,26.9,All Ages,Los Angeles
2017,90601,116,36.3,All Ages,Los Angeles
2017,90602,155,59.5,All Ages,Los Angeles
2017,90603,52,26.2,All Ages,Los Angeles
2017,90604,157,38.4,All Ages,Los Angeles
2017,90605,205,49,All Ages,Los Angeles
2017,90606,150,45.2,All Ages,Los Angeles
2017,90620,178,39.3,All Ages,Orange
2017,90621,148,40.7,All Ages,Orange
2017,90623,51,36.2,All Ages,Orange
2017,90630,146,29.6,All Ages,Orange
2017,90631,245,35.1,All Ages,Orange
2017,90638,114,23.1,All Ages,Los Angeles
2017,90640,278,44.1,All Ages,Los Angeles
2017,90650,454,41.5,All Ages,Los Angeles
2017,90660,308,47.2,All Ages,Los Angeles
2017,90670,52,33.7,All Ages,Los Angeles
2017,90680,134,40.1,All Ages,Orange
2017,90701,56,36.9,All Ages,Los Angeles
2017,90703,131,29.1,All Ages,Los Angeles
2017,90704,12,32.4,All Ages,Los Angeles
2017,90706,385,47.6,All Ages,Los Angeles
2017,90710,120,47.6,All Ages,Los Angeles
2017,90712,385,140.8,All Ages,Los Angeles
2017,90713,90,35,All Ages,Los Angeles
2017,90715,90,41.2,All Ages,Los Angeles
2017,90716,68,45.7,All Ages,Los Angeles
2017,90717,88,42.4,All Ages,Los Angeles
2017,90720,54,27.6,All Ages,Orange
2017,90723,273,46.8,All Ages,Los Angeles
2017,90731,513,82.1,All Ages,Los Angeles
2017,90732,57,29.8,All Ages,Los Angeles
2017,90740,34,20,All Ages,Orange
2017,90744,335,57.4,All Ages,Los Angeles
2017,90745,334,58.2,All Ages,Los Angeles
2017,90746,174,78.7,All Ages,Los Angeles
2017,90755,41,33.9,All Ages,Los Angeles
2017,90802,226,58.4,All Ages,Los Angeles
2017,90803,48,16.5,All Ages,Los Angeles
2017,90804,289,71.1,All Ages,Los Angeles
2017,90805,710,72,All Ages,Los Angeles
2017,90806,366,79.9,All Ages,Los Angeles
2017,90807,135,44,All Ages,Los Angeles
2017,90808,83,23.3,All Ages,Los Angeles
2017,90810,247,63.7,All Ages,Los Angeles
2017,90813,567,91.5,All Ages,Los Angeles
2017,90814,49,29.1,All Ages,Los Angeles
2017,90815,66,17.4,All Ages,Los Angeles
2017,91001,115,33.5,All Ages,Los Angeles
2017,91006,52,17.6,All Ages,Los Angeles
2017,91007,40,14.3,All Ages,Los Angeles
2017,91010,108,43.4,All Ages,Los Angeles
2017,91011,20,13.1,All Ages,Los Angeles
2017,91016,151,38.4,All Ages,Los Angeles
2017,91020,18,22.6,All Ages,Los Angeles
2017,91024,22,23.3,All Ages,Los Angeles
2017,91030,40,17.1,All Ages,Los Angeles
2017,91040,89,45.9,All Ages,Los Angeles
2017,91042,67,25.4,All Ages,Los Angeles
2017,91101,47,24.8,All Ages,Los Angeles
2017,91103,133,45.5,All Ages,Los Angeles
2017,91104,135,37.9,All Ages,Los Angeles
2017,91105,26,24.9,All Ages,Los Angeles
2017,91106,48,22.4,All Ages,Los Angeles
2017,91107,69,22.6,All Ages,Los Angeles
2017,91201,48,22,All Ages,Los Angeles
2017,91202,58,29.2,All Ages,Los Angeles
2017,91203,30,20.7,All Ages,Los Angeles
2017,91204,80,45,All Ages,Los Angeles
2017,91205,148,38.1,All Ages,Los Angeles
2017,91206,99,30.1,All Ages,Los Angeles
2017,91207,12,10.2,All Ages,Los Angeles
2017,91208,49,34.4,All Ages,Los Angeles
2017,91214,50,18.5,All Ages,Los Angeles
2017,91301,26,10.8,All Ages,Los Angeles
2017,91302,52,23.6,All Ages,Los Angeles
2017,91303,185,64.3,All Ages,Los Angeles
2017,91304,282,57.1,All Ages,Los Angeles
2017,91306,278,61.2,All Ages,Los Angeles
2017,91307,61,28.5,All Ages,Los Angeles
2017,91311,167,48,All Ages,Los Angeles
2017,91316,166,66.8,All Ages,Los Angeles
2017,91320,73,17.5,All Ages,Ventura
2017,91321,119,31.6,All Ages,Los Angeles
2017,91324,155,58.3,All Ages,Los Angeles
2017,91325,160,48.8,All Ages,Los Angeles
2017,91326,73,21.5,All Ages,Los Angeles
2017,91331,664,60.1,All Ages,Los Angeles
2017,91335,466,61.8,All Ages,Los Angeles
2017,91340,254,67.2,All Ages,Los Angeles
2017,91342,463,47.9,All Ages,Los Angeles
2017,91343,398,63.2,All Ages,Los Angeles
2017,91344,198,40.3,All Ages,Los Angeles
2017,91345,100,53.5,All Ages,Los Angeles
2017,91350,97,25.8,All Ages,Los Angeles
2017,91351,148,46.4,All Ages,Los Angeles
2017,91352,286,57.6,All Ages,Los Angeles
2017,91354,67,23.1,All Ages,Los Angeles
2017,91355,79,23.2,All Ages,Los Angeles
2017,91356,128,46.3,All Ages,Los Angeles
2017,91360,71,17.7,All Ages,Ventura
2017,91361,33,14.5,All Ages,Ventura
2017,91362,57,16.2,All Ages,Ventura
2017,91364,60,23.9,All Ages,Los Angeles
2017,91367,101,25.7,All Ages,Los Angeles
2017,91377,15,11,All Ages,Ventura
2017,91381,32,17,All Ages,Los Angeles
2017,91384,73,25.9,All Ages,Los Angeles
2017,91387,182,41.8,All Ages,Los Angeles
2017,91390,35,16.9,All Ages,Los Angeles
2017,91401,208,49.5,All Ages,Los Angeles
2017,91402,532,70.6,All Ages,Los Angeles
2017,91403,59,23.9,All Ages,Los Angeles
2017,91405,477,93,All Ages,Los Angeles
2017,91406,294,54.6,All Ages,Los Angeles
2017,91411,117,45,All Ages,Los Angeles
2017,91423,72,26.2,All Ages,Los Angeles
2017,91436,27,23.6,All Ages,Los Angeles
2017,91501,60,30.6,All Ages,Los Angeles
2017,91502,28,28.5,All Ages,Los Angeles
2017,91504,79,34.3,All Ages,Los Angeles
2017,91505,72,23.9,All Ages,Los Angeles
2017,91506,57,31.6,All Ages,Los Angeles
2017,91601,192,54.7,All Ages,Los Angeles
2017,91602,47,28.2,All Ages,Los Angeles
2017,91604,56,20,All Ages,Los Angeles
2017,91605,327,57.6,All Ages,Los Angeles
2017,91606,229,51.4,All Ages,Los Angeles
2017,91607,70,24,All Ages,Los Angeles
2017,91701,94,25,All Ages,San Bernardino
2017,91702,397,63.5,All Ages,Los Angeles
2017,91706,445,56.9,All Ages,Los Angeles
2017,91708,33,54.8,All Ages,San Bernardino
2017,91709,162,21.2,All Ages,San Bernardino
2017,91710,274,33,All Ages,San Bernardino
2017,91711,99,33.5,All Ages,Los Angeles
2017,91722,195,53.4,All Ages,Los Angeles
2017,91723,122,64,All Ages,Los Angeles
2017,91724,93,36.1,All Ages,Los Angeles
2017,91730,240,35.3,All Ages,San Bernardino
2017,91731,160,54,All Ages,Los Angeles
2017,91732,362,56,All Ages,Los Angeles
2017,91733,252,51.8,All Ages,Los Angeles
2017,91737,56,26.1,All Ages,San Bernardino
2017,91739,71,18,All Ages,San Bernardino
2017,91740,122,50.8,All Ages,Los Angeles
2017,91741,85,36.7,All Ages,Los Angeles
2017,91744,504,58.5,All Ages,Los Angeles
2017,91745,169,34.5,All Ages,Los Angeles
2017,91746,114,34.9,All Ages,Los Angeles
2017,91748,79,17.9,All Ages,Los Angeles
2017,91750,82,24.9,All Ages,Los Angeles
2017,91752,112,31.1,All Ages,Riverside
2017,91754,95,31.6,All Ages,Los Angeles
2017,91755,46,20,All Ages,Los Angeles
2017,91761,261,45.8,All Ages,San Bernardino
2017,91762,314,50.9,All Ages,San Bernardino
2017,91763,202,51.3,All Ages,San Bernardino
2017,91764,341,57,All Ages,San Bernardino
2017,91765,101,24.7,All Ages,Los Angeles
2017,91766,464,58.5,All Ages,Los Angeles
2017,91767,321,61.6,All Ages,Los Angeles
2017,91768,242,74.2,All Ages,Los Angeles
2017,91770,211,34.8,All Ages,Los Angeles
2017,91773,123,40.8,All Ages,Los Angeles
2017,91775,41,17.9,All Ages,Los Angeles
2017,91776,124,36.3,All Ages,Los Angeles
2017,91780,85,26.2,All Ages,Los Angeles
2017,91784,48,20.6,All Ages,San Bernardino
2017,91786,269,51.4,All Ages,San Bernardino
2017,91789,91,25.1,All Ages,Los Angeles
2017,91790,240,50.9,All Ages,Los Angeles
2017,91791,125,37.9,All Ages,Los Angeles
2017,91792,113,37.4,All Ages,Los Angeles
2017,91801,138,27.9,All Ages,Los Angeles
2017,91803,90,33.1,All Ages,Los Angeles
2017,91901,32,19.5,All Ages,San Diego
2017,91902,59,39.2,All Ages,San Diego
2017,91906,16,40.5,All Ages,San Diego
2017,91910,357,46.4,All Ages,San Diego
2017,91911,394,44.8,All Ages,San Diego
2017,91913,119,23.8,All Ages,San Diego
2017,91914,32,17.7,All Ages,San Diego
2017,91915,79,24.1,All Ages,San Diego
2017,91932,132,49.4,All Ages,San Diego
2017,91941,101,31.8,All Ages,San Diego
2017,91942,140,37.3,All Ages,San Diego
2017,91945,159,65.6,All Ages,San Diego
2017,91950,392,64.1,All Ages,San Diego
2017,91977,296,48.3,All Ages,San Diego
2017,91978,37,40.7,All Ages,San Diego
2017,92007,20,22.2,All Ages,San Diego
2017,92008,48,19,All Ages,San Diego
2017,92009,64,14.7,All Ages,San Diego
2017,92010,23,15.3,All Ages,San Diego
2017,92011,20,7.5,All Ages,San Diego
2017,92019,95,22.8,All Ages,San Diego
2017,92020,235,38.8,All Ages,San Diego
2017,92021,282,42,All Ages,San Diego
2017,92024,66,13.6,All Ages,San Diego
2017,92025,172,33,All Ages,San Diego
2017,92026,133,24.6,All Ages,San Diego
2017,92027,171,29.1,All Ages,San Diego
2017,92028,110,24.9,All Ages,San Diego
2017,92029,40,22.7,All Ages,San Diego
2017,92037,52,16.3,All Ages,San Diego
2017,92040,139,34.1,All Ages,San Diego
2017,92054,118,26.1,All Ages,San Diego
2017,92056,110,21,All Ages,San Diego
2017,92057,141,24.9,All Ages,San Diego
2017,92058,81,27.2,All Ages,San Diego
2017,92064,99,20.5,All Ages,San Diego
2017,92065,75,21.3,All Ages,San Diego
2017,92069,104,20.1,All Ages,San Diego
2017,92071,165,30,All Ages,San Diego
2017,92075,17,17,All Ages,San Diego
2017,92078,67,14,All Ages,San Diego
2017,92081,50,17,All Ages,San Diego
2017,92082,51,25.6,All Ages,San Diego
2017,92083,141,34,All Ages,San Diego
2017,92084,129,25.2,All Ages,San Diego
2017,92101,197,60.4,All Ages,San Diego
2017,92102,282,60.4,All Ages,San Diego
2017,92103,87,33.5,All Ages,San Diego
2017,92104,177,39.7,All Ages,San Diego
2017,92105,432,56.3,All Ages,San Diego
2017,92106,37,18.7,All Ages,San Diego
2017,92107,51,22.4,All Ages,San Diego
2017,92108,60,41.2,All Ages,San Diego
2017,92109,53,16.9,All Ages,San Diego
2017,92110,79,33.9,All Ages,San Diego
2017,92111,164,36,All Ages,San Diego
2017,92113,466,85.5,All Ages,San Diego
2017,92114,469,70.7,All Ages,San Diego
2017,92115,294,54.4,All Ages,San Diego
2017,92116,99,35.9,All Ages,San Diego
2017,92117,153,33.5,All Ages,San Diego
2017,92118,25,15.9,All Ages,San Diego
2017,92119,65,31,All Ages,San Diego
2017,92120,79,31.1,All Ages,San Diego
2017,92122,60,17.2,All Ages,San Diego
2017,92123,100,35.4,All Ages,San Diego
2017,92124,81,25.3,All Ages,San Diego
2017,92126,188,27.2,All Ages,San Diego
2017,92127,76,15.6,All Ages,San Diego
2017,92128,67,13.4,All Ages,San Diego
2017,92129,113,22.2,All Ages,San Diego
2017,92130,52,9.1,All Ages,San Diego
2017,92131,36,11.1,All Ages,San Diego
2017,92139,173,49.7,All Ages,San Diego
2017,92154,324,37.5,All Ages,San Diego
2017,92173,174,54.3,All Ages,San Diego
2017,92201,325,47.5,All Ages,Riverside
2017,92203,64,22.3,All Ages,Riverside
2017,92211,57,46.3,All Ages,Riverside
2017,92220,207,69,All Ages,Riverside
2017,92223,241,47.3,All Ages,Riverside
2017,92225,129,56.1,All Ages,Riverside
2017,92227,313,104.7,All Ages,Imperial
2017,92230,49,160.4,All Ages,Riverside
2017,92231,185,44.2,All Ages,Imperial
2017,92233,41,65.8,All Ages,Imperial
2017,92234,176,34.7,All Ages,Riverside
2017,92236,211,44.6,All Ages,Riverside
2017,92240,216,56.4,All Ages,Riverside
2017,92241,40,56.7,All Ages,Riverside
2017,92243,408,77.7,All Ages,Imperial
2017,92249,50,58.3,All Ages,Imperial
2017,92250,61,73.9,All Ages,Imperial
2017,92251,150,72.3,All Ages,Imperial
2017,92252,47,53.8,All Ages,San Bernardino
2017,92253,78,24.3,All Ages,Riverside
2017,92254,31,19.6,All Ages,Riverside
2017,92256,30,94.1,All Ages,San Bernardino
2017,92257,15,89.9,All Ages,Imperial
2017,92260,48,22.1,All Ages,Riverside
2017,92262,118,44.7,All Ages,Riverside
2017,92264,19,18.2,All Ages,Riverside
2017,92270,25,24.2,All Ages,Riverside
2017,92274,64,21.4,All Ages,Riverside
2017,92276,27,42.3,All Ages,Riverside
2017,92277,101,47.6,All Ages,San Bernardino
2017,92281,39,126.9,All Ages,Imperial
2017,92284,111,45.3,All Ages,San Bernardino
2017,92301,277,70.7,All Ages,San Bernardino
2017,92307,257,68.7,All Ages,San Bernardino
2017,92308,242,63.6,All Ages,San Bernardino
2017,92311,483,147.3,All Ages,San Bernardino
2017,92313,37,32.7,All Ages,San Bernardino
2017,92314,51,47.5,All Ages,San Bernardino
2017,92315,35,75.4,All Ages,San Bernardino
2017,92316,191,57,All Ages,San Bernardino
2017,92320,31,41.5,All Ages,Riverside
2017,92324,394,63.3,All Ages,San Bernardino
2017,92325,59,74.4,All Ages,San Bernardino
2017,92335,518,46.7,All Ages,San Bernardino
2017,92336,291,29.9,All Ages,San Bernardino
2017,92337,144,34.5,All Ages,San Bernardino
2017,92342,31,57,All Ages,San Bernardino
2017,92344,96,43.9,All Ages,San Bernardino
2017,92345,394,47.4,All Ages,San Bernardino
2017,92346,209,36.9,All Ages,San Bernardino
2017,92352,23,25.6,All Ages,San Bernardino
2017,92354,71,34.1,All Ages,San Bernardino
2017,92356,32,57.4,All Ages,San Bernardino
2017,92359,37,46.6,All Ages,San Bernardino
2017,92363,38,84.2,All Ages,San Bernardino
2017,92371,55,33.2,All Ages,San Bernardino
2017,92372,15,35.1,All Ages,San Bernardino
2017,92373,94,31.6,All Ages,San Bernardino
2017,92374,202,47.1,All Ages,San Bernardino
2017,92376,501,59.3,All Ages,San Bernardino
2017,92377,73,35.1,All Ages,San Bernardino
2017,92382,33,72.1,All Ages,San Bernardino
2017,92386,19,103.3,All Ages,San Bernardino
2017,92392,413,69.2,All Ages,San Bernardino
2017,92394,274,67.6,All Ages,San Bernardino
2017,92395,383,85.1,All Ages,San Bernardino
2017,92397,17,30.6,All Ages,San Bernardino
2017,92399,166,31.1,All Ages,San Bernardino
2017,92401,41,234,All Ages,San Bernardino
2017,92404,623,100,All Ages,San Bernardino
2017,92405,293,88.2,All Ages,San Bernardino
2017,92407,319,49.9,All Ages,San Bernardino
2017,92408,79,46.5,All Ages,San Bernardino
2017,92410,477,86.9,All Ages,San Bernardino
2017,92411,311,111.1,All Ages,San Bernardino
2017,92501,147,65.8,All Ages,Riverside
2017,92503,530,56.1,All Ages,Riverside
2017,92504,280,49.3,All Ages,Riverside
2017,92505,284,56.4,All Ages,Riverside
2017,92506,190,46.8,All Ages,Riverside
2017,92507,259,50.9,All Ages,Riverside
2017,92508,72,19.9,All Ages,Riverside
2017,92509,359,43.3,All Ages,Riverside
2017,92530,296,52.9,All Ages,Riverside
2017,92532,76,30,All Ages,Riverside
2017,92536,16,46.2,All Ages,Riverside
2017,92543,294,91.5,All Ages,Riverside
2017,92544,289,62.5,All Ages,Riverside
2017,92545,189,49.1,All Ages,Riverside
2017,92548,36,50.8,All Ages,Riverside
2017,92551,237,72.3,All Ages,Riverside
2017,92553,498,63.5,All Ages,Riverside
2017,92555,209,47.1,All Ages,Riverside
2017,92557,269,52.2,All Ages,Riverside
2017,92562,213,34.4,All Ages,Riverside
2017,92563,225,32.7,All Ages,Riverside
2017,92567,33,30.7,All Ages,Riverside
2017,92570,286,46.7,All Ages,Riverside
2017,92571,307,55.4,All Ages,Riverside
2017,92582,93,48.8,All Ages,Riverside
2017,92583,210,64.6,All Ages,Riverside
2017,92584,173,36.1,All Ages,Riverside
2017,92585,71,32,All Ages,Riverside
2017,92586,101,69.5,All Ages,Riverside
2017,92587,75,45.2,All Ages,Riverside
2017,92590,19,45.9,All Ages,Riverside
2017,92591,128,27.9,All Ages,Riverside
2017,92592,216,27.2,All Ages,Riverside
2017,92595,137,39.6,All Ages,Riverside
2017,92596,82,29.8,All Ages,Riverside
2017,92602,32,12.1,All Ages,Orange
2017,92603,19,9.5,All Ages,Orange
2017,92604,57,23.4,All Ages,Orange
2017,92606,43,18.5,All Ages,Orange
2017,92610,16,15,All Ages,Orange
2017,92612,43,17.4,All Ages,Orange
2017,92614,40,18.3,All Ages,Orange
2017,92617,14,27.8,All Ages,Orange
2017,92618,72,23.6,All Ages,Orange
2017,92620,70,14.6,All Ages,Orange
2017,92626,136,27.4,All Ages,Orange
2017,92627,199,30.6,All Ages,Orange
2017,92629,48,20.9,All Ages,Orange
2017,92630,123,19.9,All Ages,Orange
2017,92637,35,19.8,All Ages,Orange
2017,92646,145,27.9,All Ages,Orange
2017,92647,205,35.6,All Ages,Orange
2017,92648,104,23.3,All Ages,Orange
2017,92649,69,22.5,All Ages,Orange
2017,92651,48,22.8,All Ages,Orange
2017,92653,70,25.5,All Ages,Orange
2017,92655,40,47.7,All Ages,Orange
2017,92656,100,19.7,All Ages,Orange
2017,92657,12,10.9,All Ages,Orange
2017,92660,48,14.3,All Ages,Orange
2017,92663,40,24.1,All Ages,Orange
2017,92672,66,19.1,All Ages,Orange
2017,92673,28,9,All Ages,Orange
2017,92675,55,14.8,All Ages,Orange
2017,92677,85,13.6,All Ages,Orange
2017,92679,45,15.8,All Ages,Orange
2017,92683,263,29.2,All Ages,Orange
2017,92688,63,13.3,All Ages,Orange
2017,92691,98,21.6,All Ages,Orange
2017,92692,71,15.9,All Ages,Orange
2017,92694,38,14.8,All Ages,Orange
2017,92701,271,47.9,All Ages,Orange
2017,92703,316,41.4,All Ages,Orange
2017,92704,363,38.4,All Ages,Orange
2017,92705,101,24.5,All Ages,Orange
2017,92706,150,35.4,All Ages,Orange
2017,92707,305,44,All Ages,Orange
2017,92708,121,23.2,All Ages,Orange
2017,92780,196,34.1,All Ages,Orange
2017,92782,59,20.8,All Ages,Orange
2017,92801,322,47,All Ages,Orange
2017,92802,199,41.7,All Ages,Orange
2017,92804,358,40.1,All Ages,Orange
2017,92805,396,50.2,All Ages,Orange
2017,92806,175,42.9,All Ages,Orange
2017,92807,104,31.1,All Ages,Orange
2017,92808,35,20.2,All Ages,Orange
2017,92821,97,25.7,All Ages,Orange
2017,92831,122,37,All Ages,Orange
2017,92832,89,33.1,All Ages,Orange
2017,92833,163,30.8,All Ages,Orange
2017,92835,77,35.7,All Ages,Orange
2017,92840,197,36,All Ages,Orange
2017,92841,94,28.4,All Ages,Orange
2017,92843,202,43,All Ages,Orange
2017,92844,71,30.6,All Ages,Orange
2017,92845,34,21.4,All Ages,Orange
2017,92860,57,23.7,All Ages,Riverside
2017,92865,69,36.1,All Ages,Orange
2017,92866,46,30.7,All Ages,Orange
2017,92867,116,26.4,All Ages,Orange
2017,92868,94,39.6,All Ages,Orange
2017,92869,111,30.3,All Ages,Orange
2017,92870,147,28.7,All Ages,Orange
2017,92879,169,34.8,All Ages,Riverside
2017,92880,170,22.1,All Ages,Riverside
2017,92881,61,20.5,All Ages,Riverside
2017,92882,244,34.1,All Ages,Riverside
2017,92883,64,19.1,All Ages,Riverside
2017,92886,79,17.5,All Ages,Orange
2017,92887,32,17.8,All Ages,Orange
2017,93001,146,44.5,All Ages,Ventura
2017,93003,169,37,All Ages,Ventura
2017,93004,66,22.4,All Ages,Ventura
2017,93010,107,25.1,All Ages,Ventura
2017,93012,63,19.2,All Ages,Ventura
2017,93013,29,18.9,All Ages,Santa Barbara
2017,93015,52,28.5,All Ages,Ventura
2017,93021,107,28.5,All Ages,Ventura
2017,93022,26,66.2,All Ages,Ventura
2017,93023,90,46.4,All Ages,Ventura
2017,93030,348,57.1,All Ages,Ventura
2017,93033,324,36.2,All Ages,Ventura
2017,93035,80,28.2,All Ages,Ventura
2017,93036,162,33,All Ages,Ventura
2017,93040,22,109.5,All Ages,Ventura
2017,93041,115,48.5,All Ages,Ventura
2017,93060,126,35.3,All Ages,Ventura
2017,93063,253,46.2,All Ages,Ventura
2017,93065,272,38.8,All Ages,Ventura
2017,93101,119,43.2,All Ages,Santa Barbara
2017,93103,67,34.7,All Ages,Santa Barbara
2017,93105,47,17.7,All Ages,Santa Barbara
2017,93110,33,22.3,All Ages,Santa Barbara
2017,93111,52,26.3,All Ages,Santa Barbara
2017,93117,122,26.8,All Ages,Santa Barbara
2017,93202,39,135.7,All Ages,Kings
2017,93203,83,32.3,All Ages,Kern
2017,93204,63,43.6,All Ages,Kings
2017,93205,17,136.5,All Ages,Kern
2017,93210,97,56.9,All Ages,Fresno
2017,93212,113,51.7,All Ages,Kings
2017,93215,240,42.8,All Ages,Kern
2017,93219,60,54.1,All Ages,Tulare
2017,93221,54,36.3,All Ages,Tulare
2017,93223,62,49.3,All Ages,Tulare
2017,93225,23,33.7,All Ages,Kern
2017,93230,587,82.2,All Ages,Kings
2017,93234,21,22.1,All Ages,Fresno
2017,93235,21,40,All Ages,Tulare
2017,93239,15,65.9,All Ages,Kings
2017,93240,32,62.8,All Ages,Kern
2017,93241,79,46.2,All Ages,Kern
2017,93242,16,41.2,All Ages,Fresno
2017,93245,239,57.3,All Ages,Kings
2017,93247,84,42.1,All Ages,Tulare
2017,93250,74,44.9,All Ages,Kern
2017,93256,35,44.6,All Ages,Tulare
2017,93257,417,48.2,All Ages,Tulare
2017,93263,80,33.5,All Ages,Kern
2017,93265,17,36.3,All Ages,Tulare
2017,93267,23,32,All Ages,Tulare
2017,93268,56,29.9,All Ages,Kern
2017,93270,38,61.8,All Ages,Tulare
2017,93274,413,53.9,All Ages,Tulare
2017,93277,211,41.4,All Ages,Tulare
2017,93280,105,35.4,All Ages,Kern
2017,93285,13,76.5,All Ages,Kern
2017,93286,26,25.2,All Ages,Tulare
2017,93291,205,31.8,All Ages,Tulare
2017,93292,115,28.8,All Ages,Tulare
2017,93301,227,183.7,All Ages,Kern
2017,93304,459,85.2,All Ages,Kern
2017,93305,373,87.3,All Ages,Kern
2017,93306,398,54.6,All Ages,Kern
2017,93307,598,61.6,All Ages,Kern
2017,93308,331,60.9,All Ages,Kern
2017,93309,394,64.9,All Ages,Kern
2017,93311,172,35.1,All Ages,Kern
2017,93312,149,25.5,All Ages,Kern
2017,93313,229,42.7,All Ages,Kern
2017,93314,43,14.1,All Ages,Kern
2017,93401,70,27.4,All Ages,San Luis Obispo
2017,93402,43,34.1,All Ages,San Luis Obispo
2017,93405,46,21.6,All Ages,San Luis Obispo
2017,93420,92,36.5,All Ages,San Luis Obispo
2017,93422,91,29.2,All Ages,San Luis Obispo
2017,93427,18,31.3,All Ages,Santa Barbara
2017,93433,49,39,All Ages,San Luis Obispo
2017,93434,43,48.3,All Ages,Santa Barbara
2017,93436,213,36.5,All Ages,Santa Barbara
2017,93442,26,28.5,All Ages,San Luis Obispo
2017,93444,48,26.3,All Ages,San Luis Obispo
2017,93445,34,48.9,All Ages,San Luis Obispo
2017,93446,149,34.5,All Ages,San Luis Obispo
2017,93451,19,44.4,All Ages,San Luis Obispo
2017,93454,225,57.5,All Ages,Santa Barbara
2017,93455,115,28.3,All Ages,Santa Barbara
2017,93458,248,36.5,All Ages,Santa Barbara
2017,93460,20,33.9,All Ages,Santa Barbara
2017,93461,12,64.1,All Ages,San Luis Obispo
2017,93463,24,32.7,All Ages,Santa Barbara
2017,93465,34,34.2,All Ages,San Luis Obispo
2017,93501,46,79.4,All Ages,Kern
2017,93505,92,66.1,All Ages,Kern
2017,93510,29,50.1,All Ages,Los Angeles
2017,93514,80,68.3,All Ages,Inyo
2017,93527,17,107.8,All Ages,Kern
2017,93534,555,134.4,All Ages,Los Angeles
2017,93535,1058,134.2,All Ages,Los Angeles
2017,93536,355,49.5,All Ages,Los Angeles
2017,93543,109,83.8,All Ages,Los Angeles
2017,93546,35,36.1,All Ages,Mono
2017,93550,797,95.9,All Ages,Los Angeles
2017,93551,204,39.5,All Ages,Los Angeles
2017,93552,269,62.9,All Ages,Los Angeles
2017,93555,179,58.2,All Ages,Kern
2017,93560,93,47.6,All Ages,Kern
2017,93561,126,38.3,All Ages,Kern
2017,93591,81,110.7,All Ages,Los Angeles
2017,93602,13,61,All Ages,Fresno
2017,93609,52,85.7,All Ages,Fresno
2017,93610,121,54.6,All Ages,Madera
2017,93611,151,34.6,All Ages,Fresno
2017,93612,314,87.7,All Ages,Fresno
2017,93614,33,34.7,All Ages,Madera
2017,93615,25,38.6,All Ages,Tulare
2017,93616,40,160.3,All Ages,Fresno
2017,93618,177,52.9,All Ages,Tulare
2017,93619,101,27.3,All Ages,Fresno
2017,93620,100,89.5,All Ages,Merced
2017,93622,79,70.2,All Ages,Fresno
2017,93625,56,69.2,All Ages,Fresno
2017,93630,101,41,All Ages,Fresno
2017,93631,110,64.8,All Ages,Fresno
2017,93635,459,108.4,All Ages,Merced
2017,93636,50,47.3,All Ages,Madera
2017,93637,294,72.4,All Ages,Madera
2017,93638,427,72.3,All Ages,Madera
2017,93640,95,64.1,All Ages,Fresno
2017,93644,31,53.3,All Ages,Madera
2017,93646,72,59.9,All Ages,Fresno
2017,93647,53,37.9,All Ages,Tulare
2017,93648,234,128,All Ages,Fresno
2017,93650,47,132.2,All Ages,Fresno
2017,93654,181,55.9,All Ages,Fresno
2017,93656,53,71.1,All Ages,Fresno
2017,93657,235,59.1,All Ages,Fresno
2017,93660,21,38.3,All Ages,Fresno
2017,93662,355,109.4,All Ages,Fresno
2017,93675,19,55.6,All Ages,Fresno
2017,93701,223,169.9,All Ages,Fresno
2017,93702,577,101.6,All Ages,Fresno
2017,93703,398,108.6,All Ages,Fresno
2017,93704,208,82.7,All Ages,Fresno
2017,93705,478,115.5,All Ages,Fresno
2017,93706,487,105.1,All Ages,Fresno
2017,93710,212,78.7,All Ages,Fresno
2017,93711,177,57.9,All Ages,Fresno
2017,93720,166,37.8,All Ages,Fresno
2017,93721,51,80.7,All Ages,Fresno
2017,93722,730,83.9,All Ages,Fresno
2017,93723,62,54.6,All Ages,Fresno
2017,93725,256,85.2,All Ages,Fresno
2017,93726,460,109.2,All Ages,Fresno
2017,93727,580,69.9,All Ages,Fresno
2017,93728,151,93.8,All Ages,Fresno
2017,93730,25,20.6,All Ages,Fresno
2017,93901,197,75.8,All Ages,Monterey
2017,93905,381,53.9,All Ages,Monterey
2017,93906,339,53.7,All Ages,Monterey
2017,93907,93,43.5,All Ages,Monterey
2017,93908,19,14.9,All Ages,Monterey
2017,93923,34,48.1,All Ages,Monterey
2017,93926,39,40,All Ages,Monterey
2017,93927,84,38.2,All Ages,Monterey
2017,93930,60,36.6,All Ages,Monterey
2017,93933,121,50.6,All Ages,Monterey
2017,93940,94,32.1,All Ages,Monterey
2017,93950,34,25.1,All Ages,Monterey
2017,93955,180,49.9,All Ages,Monterey
2017,93960,81,30.1,All Ages,Monterey
2017,94002,63,23.9,All Ages,San Mateo
2017,94005,12,29,All Ages,San Mateo
2017,94010,88,21.6,All Ages,San Mateo
2017,94014,216,45.5,All Ages,San Mateo
2017,94015,244,40.2,All Ages,San Mateo
2017,94019,54,27.5,All Ages,San Mateo
2017,94022,13,5.8,All Ages,Santa Clara
2017,94024,16,6.5,All Ages,Santa Clara
2017,94025,85,20.8,All Ages,San Mateo
2017,94030,52,25.8,All Ages,San Mateo
2017,94038,12,37.1,All Ages,San Mateo
2017,94040,41,11.7,All Ages,Santa Clara
2017,94041,20,12.6,All Ages,Santa Clara
2017,94043,67,24.2,All Ages,Santa Clara
2017,94044,147,40.9,All Ages,San Mateo
2017,94061,123,31.8,All Ages,San Mateo
2017,94062,36,12.3,All Ages,San Mateo
2017,94063,210,60.3,All Ages,San Mateo
2017,94065,12,12.1,All Ages,San Mateo
2017,94066,198,45.6,All Ages,San Mateo
2017,94070,69,23.6,All Ages,San Mateo
2017,94080,272,44.1,All Ages,San Mateo
2017,94085,40,17.2,All Ages,Santa Clara
2017,94086,92,19.6,All Ages,Santa Clara
2017,94087,52,8.7,All Ages,Santa Clara
2017,94089,78,34.3,All Ages,Santa Clara
2017,94102,260,81.3,All Ages,San Francisco
2017,94103,267,80.6,All Ages,San Francisco
2017,94105,24,85.3,All Ages,San Francisco
2017,94107,90,37.9,All Ages,San Francisco
2017,94108,19,13.6,All Ages,San Francisco
2017,94109,166,41.6,All Ages,San Francisco
2017,94110,363,57,All Ages,San Francisco
2017,94111,13,23.3,All Ages,San Francisco
2017,94112,346,46,All Ages,San Francisco
2017,94114,59,28.2,All Ages,San Francisco
2017,94115,126,44.9,All Ages,San Francisco
2017,94116,85,22.9,All Ages,San Francisco
2017,94117,119,40.3,All Ages,San Francisco
2017,94118,77,21.8,All Ages,San Francisco
2017,94121,102,28.1,All Ages,San Francisco
2017,94122,99,20.4,All Ages,San Francisco
2017,94123,32,19.7,All Ages,San Francisco
2017,94124,406,105,All Ages,San Francisco
2017,94127,54,30.4,All Ages,San Francisco
2017,94130,32,158,All Ages,San Francisco
2017,94131,59,24.6,All Ages,San Francisco
2017,94132,96,39.1,All Ages,San Francisco
2017,94133,52,27.2,All Ages,San Francisco
2017,94134,232,61.7,All Ages,San Francisco
2017,94158,24,45.5,All Ages,San Francisco
2017,94303,241,48.6,All Ages,Santa Clara
2017,94306,54,19.7,All Ages,Santa Clara
2017,94401,162,46.2,All Ages,San Mateo
2017,94402,69,30.8,All Ages,San Mateo
2017,94403,121,27.6,All Ages,San Mateo
2017,94404,55,17.2,All Ages,San Mateo
2017,94501,295,49.2,All Ages,Alameda
2017,94502,32,24.8,All Ages,Alameda
2017,94503,122,56.6,All Ages,Napa
2017,94505,42,29.4,All Ages,Contra Costa
2017,94506,32,13,All Ages,Contra Costa
2017,94507,18,15.1,All Ages,Contra Costa
2017,94509,916,142.8,All Ages,Contra Costa
2017,94510,121,46.9,All Ages,Solano
2017,94511,15,112.3,All Ages,Contra Costa
2017,94513,347,52.8,All Ages,Contra Costa
2017,94515,17,24.7,All Ages,Napa
2017,94517,24,22.9,All Ages,Contra Costa
2017,94518,92,33.9,All Ages,Contra Costa
2017,94519,89,44.8,All Ages,Contra Costa
2017,94520,284,72.2,All Ages,Contra Costa
2017,94521,146,35.5,All Ages,Contra Costa
2017,94523,82,23.8,All Ages,Contra Costa
2017,94525,17,50,All Ages,Contra Costa
2017,94526,55,18.3,All Ages,Contra Costa
2017,94530,87,40.6,All Ages,Contra Costa
2017,94531,459,106,All Ages,Contra Costa
2017,94533,891,120.3,All Ages,Solano
2017,94534,204,54.5,All Ages,Solano
2017,94536,264,36.1,All Ages,Alameda
2017,94538,237,37.3,All Ages,Alameda
2017,94539,77,15.9,All Ages,Alameda
2017,94541,474,71.7,All Ages,Alameda
2017,94542,48,36.1,All Ages,Alameda
2017,94544,593,73.5,All Ages,Alameda
2017,94545,211,65.1,All Ages,Alameda
2017,94546,203,47,All Ages,Alameda
2017,94547,92,38.8,All Ages,Contra Costa
2017,94549,46,19.2,All Ages,Contra Costa
2017,94550,131,26.5,All Ages,Alameda
2017,94551,106,26.7,All Ages,Alameda
2017,94552,29,24.6,All Ages,Alameda
2017,94553,217,47.1,All Ages,Contra Costa
2017,94555,79,20.9,All Ages,Alameda
2017,94556,24,16.8,All Ages,Contra Costa
2017,94558,257,39.2,All Ages,Napa
2017,94559,92,33.5,All Ages,Napa
2017,94560,218,47.5,All Ages,Alameda
2017,94561,274,64.6,All Ages,Contra Costa
2017,94563,22,15.5,All Ages,Contra Costa
2017,94564,90,48.5,All Ages,Contra Costa
2017,94565,1130,118.8,All Ages,Contra Costa
2017,94566,99,22.9,All Ages,Alameda
2017,94568,176,29.7,All Ages,Alameda
2017,94571,61,98.2,All Ages,Solano
2017,94572,74,84.8,All Ages,Contra Costa
2017,94574,21,29.4,All Ages,Napa
2017,94577,277,59,All Ages,Alameda
2017,94578,335,79.7,All Ages,Alameda
2017,94579,96,50.4,All Ages,Alameda
2017,94580,179,59.9,All Ages,Alameda
2017,94582,90,20.4,All Ages,Contra Costa
2017,94583,85,24.3,All Ages,Contra Costa
2017,94585,285,94.4,All Ages,Solano
2017,94587,320,43.2,All Ages,Alameda
2017,94588,73,24.2,All Ages,Alameda
2017,94589,444,146.5,All Ages,Solano
2017,94590,560,153.3,All Ages,Solano
2017,94591,403,75.7,All Ages,Solano
2017,94595,28,14.8,All Ages,Contra Costa
2017,94596,43,19.4,All Ages,Contra Costa
2017,94597,58,29.4,All Ages,Contra Costa
2017,94598,60,24.9,All Ages,Contra Costa
2017,94601,520,94.3,All Ages,Alameda
2017,94602,164,52.4,All Ages,Alameda
2017,94603,649,184.4,All Ages,Alameda
2017,94605,619,150.2,All Ages,Alameda
2017,94606,239,67.4,All Ages,Alameda
2017,94607,298,111.9,All Ages,Alameda
2017,94608,260,94.4,All Ages,Alameda
2017,94609,142,78.4,All Ages,Alameda
2017,94610,100,35.3,All Ages,Alameda
2017,94611,113,33.1,All Ages,Alameda
2017,94612,145,93.2,All Ages,Alameda
2017,94618,29,19.3,All Ages,Alameda
2017,94619,147,66,All Ages,Alameda
2017,94621,495,142.4,All Ages,Alameda
2017,94702,111,73.9,All Ages,Alameda
2017,94703,97,59.3,All Ages,Alameda
2017,94704,34,58.9,All Ages,Alameda
2017,94705,34,31.5,All Ages,Alameda
2017,94706,40,20.5,All Ages,Alameda
2017,94707,12,11.7,All Ages,Alameda
2017,94708,19,21.5,All Ages,Alameda
2017,94709,21,40.2,All Ages,Alameda
2017,94710,44,61.3,All Ages,Alameda
2017,94801,419,126,All Ages,Contra Costa
2017,94803,112,49.8,All Ages,Contra Costa
2017,94804,516,125.7,All Ages,Contra Costa
2017,94805,105,74.5,All Ages,Contra Costa
2017,94806,476,76.8,All Ages,Contra Costa
2017,94901,119,29.9,All Ages,Marin
2017,94903,58,21.9,All Ages,Marin
2017,94920,22,23.8,All Ages,Marin
2017,94925,15,17.6,All Ages,Marin
2017,94928,179,41.1,All Ages,Sonoma
2017,94930,21,25.6,All Ages,Marin
2017,94931,42,50.4,All Ages,Sonoma
2017,94941,38,11.9,All Ages,Marin
2017,94945,58,36.1,All Ages,Marin
2017,94947,75,29.3,All Ages,Marin
2017,94949,58,37.3,All Ages,Marin
2017,94952,124,41.3,All Ages,Sonoma
2017,94954,132,34.4,All Ages,Sonoma
2017,94960,21,13.5,All Ages,Marin
2017,94965,26,34.6,All Ages,Marin
2017,95003,41,19.6,All Ages,Santa Cruz
2017,95006,20,26.8,All Ages,Santa Cruz
2017,95008,104,22,All Ages,Santa Clara
2017,95010,20,21.1,All Ages,Santa Cruz
2017,95012,57,47.6,All Ages,Monterey
2017,95014,61,10,All Ages,Santa Clara
2017,95018,17,23.6,All Ages,Santa Cruz
2017,95019,34,29,All Ages,Santa Cruz
2017,95020,280,42.5,All Ages,Santa Clara
2017,95023,303,58.8,All Ages,San Benito
2017,95030,17,15.1,All Ages,Santa Clara
2017,95032,46,18.3,All Ages,Santa Clara
2017,95033,22,19.3,All Ages,Santa Cruz
2017,95035,160,21.4,All Ages,Santa Clara
2017,95037,155,29.1,All Ages,Santa Clara
2017,95045,18,45.8,All Ages,San Benito
2017,95046,42,67.3,All Ages,Santa Clara
2017,95050,110,28,All Ages,Santa Clara
2017,95051,127,21.7,All Ages,Santa Clara
2017,95054,50,24.2,All Ages,Santa Clara
2017,95060,91,19.1,All Ages,Santa Cruz
2017,95062,91,27.3,All Ages,Santa Cruz
2017,95065,15,21.9,All Ages,Santa Cruz
2017,95066,32,25.5,All Ages,Santa Cruz
2017,95070,23,6.9,All Ages,Santa Clara
2017,95073,17,17.5,All Ages,Santa Cruz
2017,95076,335,38.5,All Ages,Santa Cruz
2017,95110,94,44.8,All Ages,Santa Clara
2017,95111,297,47.5,All Ages,Santa Clara
2017,95112,258,44.2,All Ages,Santa Clara
2017,95113,95,669.3,All Ages,Santa Clara
2017,95116,393,69.6,All Ages,Santa Clara
2017,95117,109,34.9,All Ages,Santa Clara
2017,95118,105,32,All Ages,Santa Clara
2017,95119,39,38.7,All Ages,Santa Clara
2017,95120,44,13.6,All Ages,Santa Clara
2017,95121,145,34.9,All Ages,Santa Clara
2017,95122,370,60.8,All Ages,Santa Clara
2017,95123,254,37.4,All Ages,Santa Clara
2017,95124,100,20.1,All Ages,Santa Clara
2017,95125,163,30.1,All Ages,Santa Clara
2017,95126,109,31.6,All Ages,Santa Clara
2017,95127,306,47.9,All Ages,Santa Clara
2017,95128,102,26.7,All Ages,Santa Clara
2017,95129,54,13.6,All Ages,Santa Clara
2017,95130,46,30.3,All Ages,Santa Clara
2017,95131,84,24.4,All Ages,Santa Clara
2017,95132,85,19.9,All Ages,Santa Clara
2017,95133,108,36.4,All Ages,Santa Clara
2017,95134,42,17.7,All Ages,Santa Clara
2017,95135,42,17.5,All Ages,Santa Clara
2017,95136,186,40,All Ages,Santa Clara
2017,95138,55,30.2,All Ages,Santa Clara
2017,95139,32,44.8,All Ages,Santa Clara
2017,95148,123,25.7,All Ages,Santa Clara
2017,95202,165,255.7,All Ages,San Joaquin
2017,95203,249,145.2,All Ages,San Joaquin
2017,95204,215,75.3,All Ages,San Joaquin
2017,95205,383,91.5,All Ages,San Joaquin
2017,95206,608,88,All Ages,San Joaquin
2017,95207,423,88.5,All Ages,San Joaquin
2017,95209,222,52.4,All Ages,San Joaquin
2017,95210,293,71.9,All Ages,San Joaquin
2017,95212,116,38.9,All Ages,San Joaquin
2017,95215,135,56.4,All Ages,San Joaquin
2017,95219,102,36.7,All Ages,San Joaquin
2017,95220,26,35.2,All Ages,San Joaquin
2017,95228,16,60.9,All Ages,Calaveras
2017,95231,38,85.8,All Ages,San Joaquin
2017,95236,13,29,All Ages,San Joaquin
2017,95237,15,54.7,All Ages,San Joaquin
2017,95240,283,58.3,All Ages,San Joaquin
2017,95242,85,32.5,All Ages,San Joaquin
2017,95246,14,83.3,All Ages,Calaveras
2017,95249,42,167.5,All Ages,Calaveras
2017,95252,61,47.4,All Ages,Calaveras
2017,95255,16,90.9,All Ages,Calaveras
2017,95258,26,82.4,All Ages,San Joaquin
2017,95301,199,49.4,All Ages,Merced
2017,95304,45,29.1,All Ages,San Joaquin
2017,95307,199,43.6,All Ages,Stanislaus
2017,95315,72,49.8,All Ages,Merced
2017,95316,30,50.4,All Ages,Stanislaus
2017,95320,46,35,All Ages,San Joaquin
2017,95322,74,76.5,All Ages,Merced
2017,95324,24,33,All Ages,Merced
2017,95326,31,29.2,All Ages,Stanislaus
2017,95327,40,44.8,All Ages,Tuolumne
2017,95328,25,55.1,All Ages,Stanislaus
2017,95329,12,51.9,All Ages,Stanislaus
2017,95330,168,71.9,All Ages,San Joaquin
2017,95333,12,32.3,All Ages,Merced
2017,95334,78,48.1,All Ages,Merced
2017,95336,361,79.5,All Ages,San Joaquin
2017,95337,250,65.9,All Ages,San Joaquin
2017,95338,52,67.2,All Ages,Mariposa
2017,95340,344,94.4,All Ages,Merced
2017,95341,278,77.5,All Ages,Merced
2017,95348,246,74.7,All Ages,Merced
2017,95350,354,71.5,All Ages,Stanislaus
2017,95351,449,92.5,All Ages,Stanislaus
2017,95354,220,87.8,All Ages,Stanislaus
2017,95355,337,58.8,All Ages,Stanislaus
2017,95356,132,39.8,All Ages,Stanislaus
2017,95357,57,40.8,All Ages,Stanislaus
2017,95358,199,61.6,All Ages,Stanislaus
2017,95360,39,30.9,All Ages,Stanislaus
2017,95361,174,53.6,All Ages,Stanislaus
2017,95363,121,44.4,All Ages,Stanislaus
2017,95365,39,89.7,All Ages,Merced
2017,95366,57,33.6,All Ages,San Joaquin
2017,95367,126,51.4,All Ages,Stanislaus
2017,95368,72,49,All Ages,Stanislaus
2017,95370,123,56.3,All Ages,Tuolumne
2017,95372,17,82.5,All Ages,Tuolumne
2017,95376,327,60.5,All Ages,San Joaquin
2017,95377,118,37.6,All Ages,San Joaquin
2017,95379,16,38.8,All Ages,Tuolumne
2017,95380,274,63.3,All Ages,Stanislaus
2017,95382,110,29.2,All Ages,Stanislaus
2017,95383,17,53.2,All Ages,Tuolumne
2017,95386,49,50.1,All Ages,Stanislaus
2017,95388,113,77.1,All Ages,Merced
2017,95391,61,35.5,All Ages,San Joaquin
2017,95401,160,43.2,All Ages,Sonoma
2017,95403,253,53.5,All Ages,Sonoma
2017,95404,151,36,All Ages,Sonoma
2017,95405,87,40.4,All Ages,Sonoma
2017,95407,272,68.3,All Ages,Sonoma
2017,95409,93,38.6,All Ages,Sonoma
2017,95422,197,108.9,All Ages,Lake
2017,95423,35,112.1,All Ages,Lake
2017,95425,27,23,All Ages,Sonoma
2017,95428,14,55.4,All Ages,Mendocino
2017,95436,16,38,All Ages,Sonoma
2017,95437,71,54.1,All Ages,Mendocino
2017,95446,28,58.9,All Ages,Sonoma
2017,95448,51,32,All Ages,Sonoma
2017,95449,25,192.8,All Ages,Mendocino
2017,95451,50,56.1,All Ages,Lake
2017,95453,64,65.7,All Ages,Lake
2017,95454,17,92.6,All Ages,Mendocino
2017,95457,36,115,All Ages,Lake
2017,95458,23,78.9,All Ages,Lake
2017,95464,18,89.6,All Ages,Lake
2017,95467,23,55,All Ages,Lake
2017,95470,23,41.7,All Ages,Mendocino
2017,95472,65,24.4,All Ages,Sonoma
2017,95476,80,23.9,All Ages,Sonoma
2017,95482,229,76.8,All Ages,Mendocino
2017,95485,14,56.9,All Ages,Lake
2017,95490,140,106.7,All Ages,Mendocino
2017,95492,85,28.9,All Ages,Sonoma
2017,95501,176,74.2,All Ages,Humboldt
2017,95503,124,56,All Ages,Humboldt
2017,95519,74,44,All Ages,Humboldt
2017,95521,129,56.5,All Ages,Humboldt
2017,95524,12,83.7,All Ages,Humboldt
2017,95531,134,61.6,All Ages,Del Norte
2017,95540,114,91.3,All Ages,Humboldt
2017,95542,24,79.4,All Ages,Humboldt
2017,95551,13,79.2,All Ages,Humboldt
2017,95560,21,164.3,All Ages,Humboldt
2017,95562,24,74.8,All Ages,Humboldt
2017,95570,16,78.9,All Ages,Humboldt
2017,95602,85,67.2,All Ages,Placer
2017,95603,124,53.4,All Ages,Placer
2017,95605,111,74.3,All Ages,Yolo
2017,95608,340,62.9,All Ages,Sacramento
2017,95610,260,57.3,All Ages,Sacramento
2017,95614,13,44.1,All Ages,El Dorado
2017,95616,99,26.5,All Ages,Yolo
2017,95618,74,29,All Ages,Yolo
2017,95619,31,80.3,All Ages,El Dorado
2017,95620,105,46.9,All Ages,Solano
2017,95621,224,53.8,All Ages,Sacramento
2017,95624,213,32.6,All Ages,Sacramento
2017,95626,31,48.9,All Ages,Sacramento
2017,95627,32,75.5,All Ages,Yolo
2017,95628,145,39.6,All Ages,Sacramento
2017,95630,184,24,All Ages,Sacramento
2017,95631,17,32.7,All Ages,Placer
2017,95632,125,40.9,All Ages,Sacramento
2017,95640,49,51.1,All Ages,Amador
2017,95642,46,75.4,All Ages,Amador
2017,95648,133,26.8,All Ages,Placer
2017,95650,28,22.9,All Ages,Placer
2017,95655,17,31.9,All Ages,Sacramento
2017,95658,15,28.8,All Ages,Placer
2017,95660,360,106.6,All Ages,Sacramento
2017,95661,126,42.4,All Ages,Placer
2017,95662,140,43.3,All Ages,Sacramento
2017,95665,21,64.1,All Ages,Amador
2017,95666,27,70.3,All Ages,Amador
2017,95667,152,48.4,All Ages,El Dorado
2017,95670,335,62.8,All Ages,Sacramento
2017,95672,15,31.8,All Ages,El Dorado
2017,95673,116,74.9,All Ages,Sacramento
2017,95677,94,42.8,All Ages,Placer
2017,95678,164,38,All Ages,Placer
2017,95682,113,42.2,All Ages,El Dorado
2017,95684,14,49.6,All Ages,El Dorado
2017,95685,16,41.4,All Ages,Amador
2017,95687,462,70.6,All Ages,Solano
2017,95688,292,80.9,All Ages,Solano
2017,95691,224,60,All Ages,Yolo
2017,95692,17,36.6,All Ages,Yuba
2017,95693,22,29.8,All Ages,Sacramento
2017,95694,51,57.5,All Ages,Yolo
2017,95695,163,40.8,All Ages,Yolo
2017,95709,20,50.2,All Ages,El Dorado
2017,95713,20,22.6,All Ages,Placer
2017,95726,43,52.2,All Ages,El Dorado
2017,95742,32,29,All Ages,Sacramento
2017,95746,54,32.3,All Ages,Placer
2017,95747,180,28.7,All Ages,Placer
2017,95757,167,35,All Ages,Sacramento
2017,95758,281,44.8,All Ages,Sacramento
2017,95762,79,21.6,All Ages,El Dorado
2017,95765,86,23,All Ages,Placer
2017,95776,98,41.8,All Ages,Yolo
2017,95811,80,99.6,All Ages,Sacramento
2017,95814,70,83.9,All Ages,Sacramento
2017,95815,384,151.6,All Ages,Sacramento
2017,95816,84,58.2,All Ages,Sacramento
2017,95817,137,96.6,All Ages,Sacramento
2017,95818,132,69.5,All Ages,Sacramento
2017,95819,35,21.4,All Ages,Sacramento
2017,95820,347,91.4,All Ages,Sacramento
2017,95821,376,122,All Ages,Sacramento
2017,95822,371,85.6,All Ages,Sacramento
2017,95823,947,119.1,All Ages,Sacramento
2017,95824,339,102.8,All Ages,Sacramento
2017,95825,391,133.3,All Ages,Sacramento
2017,95826,255,72.6,All Ages,Sacramento
2017,95827,131,62.7,All Ages,Sacramento
2017,95828,494,82.4,All Ages,Sacramento
2017,95829,120,42.2,All Ages,Sacramento
2017,95831,144,39.8,All Ages,Sacramento
2017,95832,112,85.3,All Ages,Sacramento
2017,95833,304,73.4,All Ages,Sacramento
2017,95834,215,75.1,All Ages,Sacramento
2017,95835,179,49.4,All Ages,Sacramento
2017,95838,485,120.8,All Ages,Sacramento
2017,95841,189,91.2,All Ages,Sacramento
2017,95842,297,88.2,All Ages,Sacramento
2017,95843,282,57.9,All Ages,Sacramento
2017,95864,95,49,All Ages,Sacramento
2017,95901,217,66.8,All Ages,Yuba
2017,95912,22,40.1,All Ages,Colusa
2017,95917,28,88.7,All Ages,Butte
2017,95926,179,51,All Ages,Butte
2017,95928,164,45,All Ages,Butte
2017,95932,20,28.2,All Ages,Colusa
2017,95945,109,53.2,All Ages,Nevada
2017,95946,29,37.5,All Ages,Nevada
2017,95948,56,51.9,All Ages,Butte
2017,95949,66,46.5,All Ages,Nevada
2017,95953,48,44.6,All Ages,Sutter
2017,95954,44,44.4,All Ages,Butte
2017,95959,41,27.9,All Ages,Nevada
2017,95961,101,36.1,All Ages,Yuba
2017,95963,64,41.6,All Ages,Glenn
2017,95965,89,44.2,All Ages,Butte
2017,95966,122,47.7,All Ages,Butte
2017,95969,111,49.6,All Ages,Butte
2017,95971,16,31.4,All Ages,Plumas
2017,95973,109,32.7,All Ages,Butte
2017,95988,44,50.4,All Ages,Glenn
2017,95991,163,38.8,All Ages,Sutter
2017,95993,74,21.3,All Ages,Sutter
2017,96001,140,45.5,All Ages,Shasta
2017,96002,178,57.8,All Ages,Shasta
2017,96003,130,31.7,All Ages,Shasta
2017,96007,79,36.3,All Ages,Shasta
2017,96013,15,40.1,All Ages,Shasta
2017,96019,64,69.7,All Ages,Shasta
2017,96020,22,135.8,All Ages,Plumas
2017,96021,115,70.7,All Ages,Tehama
2017,96022,59,42.8,All Ages,Shasta
2017,96035,16,43.2,All Ages,Tehama
2017,96055,19,64.1,All Ages,Tehama
2017,96064,18,48.9,All Ages,Siskiyou
2017,96067,34,62.9,All Ages,Siskiyou
2017,96080,191,70.7,All Ages,Tehama
2017,96093,33,105.1,All Ages,Trinity
2017,96094,16,30.4,All Ages,Siskiyou
2017,96097,49,53.4,All Ages,Siskiyou
2017,96101,60,148,All Ages,Modoc
2017,96122,35,114.4,All Ages,Plumas
2017,96130,89,39,All Ages,Lassen
2017,96137,20,94.6,All Ages,Lassen
2017,96150,87,27.1,All Ages,El Dorado
2017,96161,37,20.4,All Ages,Nevada
2018,90001,407,64.9,All Ages,Los Angeles
2018,90002,480,83.6,All Ages,Los Angeles
2018,90003,710,94.5,All Ages,Los Angeles
2018,90004,275,44.6,All Ages,Los Angeles
2018,90005,108,26,All Ages,Los Angeles
2018,90006,250,42,All Ages,Los Angeles
2018,90007,175,53.3,All Ages,Los Angeles
2018,90008,324,102.7,All Ages,Los Angeles
2018,90011,645,55.2,All Ages,Los Angeles
2018,90012,87,25.5,All Ages,Los Angeles
2018,90013,113,77.1,All Ages,Los Angeles
2018,90014,31,30.5,All Ages,Los Angeles
2018,90015,97,41.1,All Ages,Los Angeles
2018,90016,342,70,All Ages,Los Angeles
2018,90017,118,42.1,All Ages,Los Angeles
2018,90018,396,76.5,All Ages,Los Angeles
2018,90019,345,54,All Ages,Los Angeles
2018,90020,149,39.8,All Ages,Los Angeles
2018,90021,18,47.3,All Ages,Los Angeles
2018,90022,367,52.3,All Ages,Los Angeles
2018,90023,259,51.3,All Ages,Los Angeles
2018,90024,61,20.8,All Ages,Los Angeles
2018,90025,78,21.3,All Ages,Los Angeles
2018,90026,282,43.9,All Ages,Los Angeles
2018,90027,170,43.1,All Ages,Los Angeles
2018,90028,133,46.5,All Ages,Los Angeles
2018,90029,208,58.1,All Ages,Los Angeles
2018,90031,152,36.6,All Ages,Los Angeles
2018,90032,237,50.7,All Ages,Los Angeles
2018,90033,329,65,All Ages,Los Angeles
2018,90034,151,28,All Ages,Los Angeles
2018,90035,78,26.3,All Ages,Los Angeles
2018,90036,75,22.1,All Ages,Los Angeles
2018,90037,553,84.7,All Ages,Los Angeles
2018,90038,108,37.2,All Ages,Los Angeles
2018,90039,97,37.4,All Ages,Los Angeles
2018,90040,69,54.7,All Ages,Los Angeles
2018,90041,102,37,All Ages,Los Angeles
2018,90042,222,34.6,All Ages,Los Angeles
2018,90043,464,106.1,All Ages,Los Angeles
2018,90044,946,96.2,All Ages,Los Angeles
2018,90045,68,18,All Ages,Los Angeles
2018,90046,96,21.6,All Ages,Los Angeles
2018,90047,506,103,All Ages,Los Angeles
2018,90048,42,18.6,All Ages,Los Angeles
2018,90049,39,11.9,All Ages,Los Angeles
2018,90056,40,67.6,All Ages,Los Angeles
2018,90057,265,60.3,All Ages,Los Angeles
2018,90058,42,121.9,All Ages,Los Angeles
2018,90059,534,113,All Ages,Los Angeles
2018,90061,354,119.5,All Ages,Los Angeles
2018,90062,263,77.6,All Ages,Los Angeles
2018,90063,285,48.3,All Ages,Los Angeles
2018,90064,71,28.9,All Ages,Los Angeles
2018,90065,206,45,All Ages,Los Angeles
2018,90066,105,20.2,All Ages,Los Angeles
2018,90068,33,14.6,All Ages,Los Angeles
2018,90069,26,17.5,All Ages,Los Angeles
2018,90201,475,43.7,All Ages,Los Angeles
2018,90210,22,9.4,All Ages,Los Angeles
2018,90211,20,19.6,All Ages,Los Angeles
2018,90212,43,34.7,All Ages,Los Angeles
2018,90220,447,86.5,All Ages,Los Angeles
2018,90221,406,68.4,All Ages,Los Angeles
2018,90222,334,95.2,All Ages,Los Angeles
2018,90230,102,33.6,All Ages,Los Angeles
2018,90232,58,35.6,All Ages,Los Angeles
2018,90240,110,42.2,All Ages,Los Angeles
2018,90241,165,37.7,All Ages,Los Angeles
2018,90242,168,38.2,All Ages,Los Angeles
2018,90245,27,18.4,All Ages,Los Angeles
2018,90247,341,73,All Ages,Los Angeles
2018,90248,57,57,All Ages,Los Angeles
2018,90249,162,60.9,All Ages,Los Angeles
2018,90250,525,53.3,All Ages,Los Angeles
2018,90254,17,10.7,All Ages,Los Angeles
2018,90255,385,52.3,All Ages,Los Angeles
2018,90260,170,47.9,All Ages,Los Angeles
2018,90262,422,56.9,All Ages,Los Angeles
2018,90265,17,10.6,All Ages,Los Angeles
2018,90266,34,10.4,All Ages,Los Angeles
2018,90270,100,33.3,All Ages,Los Angeles
2018,90272,16,6.5,All Ages,Los Angeles
2018,90274,34,14.3,All Ages,Los Angeles
2018,90275,54,14.7,All Ages,Los Angeles
2018,90277,63,20.7,All Ages,Los Angeles
2018,90278,94,22.5,All Ages,Los Angeles
2018,90280,365,37.1,All Ages,Los Angeles
2018,90291,82,30.6,All Ages,Los Angeles
2018,90292,39,15.7,All Ages,Los Angeles
2018,90293,12,19.8,All Ages,Los Angeles
2018,90301,259,67.9,All Ages,Los Angeles
2018,90302,205,66.3,All Ages,Los Angeles
2018,90303,187,72.9,All Ages,Los Angeles
2018,90304,133,41.9,All Ages,Los Angeles
2018,90305,126,99.6,All Ages,Los Angeles
2018,90401,36,38.3,All Ages,Los Angeles
2018,90402,18,14.6,All Ages,Los Angeles
2018,90403,64,26.8,All Ages,Los Angeles
2018,90404,138,66.1,All Ages,Los Angeles
2018,90405,73,30.1,All Ages,Los Angeles
2018,90501,181,41.2,All Ages,Los Angeles
2018,90502,72,42.1,All Ages,Los Angeles
2018,90503,92,22.1,All Ages,Los Angeles
2018,90504,76,25,All Ages,Los Angeles
2018,90505,76,23.5,All Ages,Los Angeles
2018,90601,124,40.5,All Ages,Los Angeles
2018,90602,139,51.4,All Ages,Los Angeles
2018,90603,69,36.6,All Ages,Los Angeles
2018,90604,168,39.9,All Ages,Los Angeles
2018,90605,207,50,All Ages,Los Angeles
2018,90606,148,43.8,All Ages,Los Angeles
2018,90620,142,32,All Ages,Orange
2018,90621,130,34.7,All Ages,Orange
2018,90623,50,36.6,All Ages,Orange
2018,90630,112,24.1,All Ages,Orange
2018,90631,196,28.1,All Ages,Orange
2018,90638,114,23.8,All Ages,Los Angeles
2018,90640,303,48,All Ages,Los Angeles
2018,90650,447,40.7,All Ages,Los Angeles
2018,90660,259,40.7,All Ages,Los Angeles
2018,90670,74,46,All Ages,Los Angeles
2018,90680,138,44.4,All Ages,Orange
2018,90701,55,33.7,All Ages,Los Angeles
2018,90703,132,29.2,All Ages,Los Angeles
2018,90704,29,77.6,All Ages,Los Angeles
2018,90706,391,48.1,All Ages,Los Angeles
2018,90710,126,49.8,All Ages,Los Angeles
2018,90712,102,33.8,All Ages,Los Angeles
2018,90713,56,21.6,All Ages,Los Angeles
2018,90715,95,46.4,All Ages,Los Angeles
2018,90716,63,41.6,All Ages,Los Angeles
2018,90717,89,42.9,All Ages,Los Angeles
2018,90720,46,24,All Ages,Orange
2018,90723,243,43.8,All Ages,Los Angeles
2018,90731,448,71.2,All Ages,Los Angeles
2018,90732,54,29.9,All Ages,Los Angeles
2018,90740,52,28,All Ages,Orange
2018,90744,323,55.9,All Ages,Los Angeles
2018,90745,294,51.3,All Ages,Los Angeles
2018,90746,215,92.3,All Ages,Los Angeles
2018,90755,54,46.8,All Ages,Los Angeles
2018,90802,153,39.8,All Ages,Los Angeles
2018,90803,50,17.2,All Ages,Los Angeles
2018,90804,230,58.2,All Ages,Los Angeles
2018,90805,659,65.3,All Ages,Los Angeles
2018,90806,317,69.5,All Ages,Los Angeles
2018,90807,117,38.4,All Ages,Los Angeles
2018,90808,76,22.3,All Ages,Los Angeles
2018,90810,189,48.9,All Ages,Los Angeles
2018,90813,484,77.3,All Ages,Los Angeles
2018,90814,48,32,All Ages,Los Angeles
2018,90815,69,17.5,All Ages,Los Angeles
2018,91001,113,35.2,All Ages,Los Angeles
2018,91006,52,17.8,All Ages,Los Angeles
2018,91007,53,19.7,All Ages,Los Angeles
2018,91010,93,36.4,All Ages,Los Angeles
2018,91011,30,18.9,All Ages,Los Angeles
2018,91016,115,28.3,All Ages,Los Angeles
2018,91020,12,16.8,All Ages,Los Angeles
2018,91030,54,23.7,All Ages,Los Angeles
2018,91040,77,36.7,All Ages,Los Angeles
2018,91042,72,27.5,All Ages,Los Angeles
2018,91101,42,23.3,All Ages,Los Angeles
2018,91103,118,39.7,All Ages,Los Angeles
2018,91104,96,28,All Ages,Los Angeles
2018,91105,23,16.8,All Ages,Los Angeles
2018,91106,52,27.4,All Ages,Los Angeles
2018,91107,63,21.2,All Ages,Los Angeles
2018,91201,44,22.3,All Ages,Los Angeles
2018,91202,45,22.7,All Ages,Los Angeles
2018,91203,51,29.2,All Ages,Los Angeles
2018,91204,76,42.8,All Ages,Los Angeles
2018,91205,115,30.6,All Ages,Los Angeles
2018,91206,110,34.9,All Ages,Los Angeles
2018,91208,61,40.4,All Ages,Los Angeles
2018,91214,71,28,All Ages,Los Angeles
2018,91301,30,12,All Ages,Los Angeles
2018,91302,52,20.9,All Ages,Los Angeles
2018,91303,214,75.3,All Ages,Los Angeles
2018,91304,251,52.1,All Ages,Los Angeles
2018,91306,246,54.1,All Ages,Los Angeles
2018,91307,82,35.6,All Ages,Los Angeles
2018,91311,163,46.4,All Ages,Los Angeles
2018,91316,134,51.7,All Ages,Los Angeles
2018,91320,81,19.8,All Ages,Ventura
2018,91321,111,30.2,All Ages,Los Angeles
2018,91324,120,41.5,All Ages,Los Angeles
2018,91325,165,49.8,All Ages,Los Angeles
2018,91326,75,23.1,All Ages,Los Angeles
2018,91331,599,55.7,All Ages,Los Angeles
2018,91335,504,66.8,All Ages,Los Angeles
2018,91340,214,55.4,All Ages,Los Angeles
2018,91342,459,47.3,All Ages,Los Angeles
2018,91343,456,69.7,All Ages,Los Angeles
2018,91344,167,34.3,All Ages,Los Angeles
2018,91345,94,49.5,All Ages,Los Angeles
2018,91350,86,22.3,All Ages,Los Angeles
2018,91351,125,38.6,All Ages,Los Angeles
2018,91352,250,49,All Ages,Los Angeles
2018,91354,48,16.1,All Ages,Los Angeles
2018,91355,63,18.2,All Ages,Los Angeles
2018,91356,114,40.9,All Ages,Los Angeles
2018,91360,98,25.3,All Ages,Ventura
2018,91361,23,10.1,All Ages,Ventura
2018,91362,60,17.4,All Ages,Ventura
2018,91364,62,23.9,All Ages,Los Angeles
2018,91367,118,27.6,All Ages,Los Angeles
2018,91377,16,11.6,All Ages,Ventura
2018,91381,33,18.9,All Ages,Los Angeles
2018,91384,63,22.2,All Ages,Los Angeles
2018,91387,143,32.5,All Ages,Los Angeles
2018,91390,37,17.6,All Ages,Los Angeles
2018,91401,189,45.6,All Ages,Los Angeles
2018,91402,501,68.6,All Ages,Los Angeles
2018,91403,74,32,All Ages,Los Angeles
2018,91405,404,80.3,All Ages,Los Angeles
2018,91406,314,57.4,All Ages,Los Angeles
2018,91411,123,49.9,All Ages,Los Angeles
2018,91423,71,27.2,All Ages,Los Angeles
2018,91436,31,21.2,All Ages,Los Angeles
2018,91501,51,23.8,All Ages,Los Angeles
2018,91502,27,26.7,All Ages,Los Angeles
2018,91504,56,22.1,All Ages,Los Angeles
2018,91505,86,28.3,All Ages,Los Angeles
2018,91506,46,26.8,All Ages,Los Angeles
2018,91601,201,53.4,All Ages,Los Angeles
2018,91602,25,15.8,All Ages,Los Angeles
2018,91604,54,20.1,All Ages,Los Angeles
2018,91605,355,61,All Ages,Los Angeles
2018,91606,234,52.7,All Ages,Los Angeles
2018,91607,77,28.5,All Ages,Los Angeles
2018,91701,74,18.4,All Ages,San Bernardino
2018,91702,430,68.7,All Ages,Los Angeles
2018,91706,454,57.7,All Ages,Los Angeles
2018,91708,24,22,All Ages,San Bernardino
2018,91709,149,20.2,All Ages,San Bernardino
2018,91710,276,33.2,All Ages,San Bernardino
2018,91711,72,24.2,All Ages,Los Angeles
2018,91722,234,64.8,All Ages,Los Angeles
2018,91723,141,70.5,All Ages,Los Angeles
2018,91724,109,44,All Ages,Los Angeles
2018,91730,246,35,All Ages,San Bernardino
2018,91731,144,46.8,All Ages,Los Angeles
2018,91732,362,57.1,All Ages,Los Angeles
2018,91733,224,48.1,All Ages,Los Angeles
2018,91737,47,20.8,All Ages,San Bernardino
2018,91739,96,24.3,All Ages,San Bernardino
2018,91740,121,49.3,All Ages,Los Angeles
2018,91741,78,31,All Ages,Los Angeles
2018,91744,509,59.8,All Ages,Los Angeles
2018,91745,176,35.9,All Ages,Los Angeles
2018,91746,127,38.6,All Ages,Los Angeles
2018,91748,104,25,All Ages,Los Angeles
2018,91750,94,30.3,All Ages,Los Angeles
2018,91752,101,26.3,All Ages,Riverside
2018,91754,91,29.4,All Ages,Los Angeles
2018,91755,65,25.2,All Ages,Los Angeles
2018,91761,222,34.4,All Ages,San Bernardino
2018,91762,258,43.7,All Ages,San Bernardino
2018,91763,203,49.1,All Ages,San Bernardino
2018,91764,286,48.1,All Ages,San Bernardino
2018,91765,90,22.5,All Ages,Los Angeles
2018,91766,398,50.8,All Ages,Los Angeles
2018,91767,337,66.2,All Ages,Los Angeles
2018,91768,234,70.2,All Ages,Los Angeles
2018,91770,205,34.1,All Ages,Los Angeles
2018,91773,147,47.1,All Ages,Los Angeles
2018,91775,48,22.5,All Ages,Los Angeles
2018,91776,122,32.1,All Ages,Los Angeles
2018,91780,80,26.4,All Ages,Los Angeles
2018,91784,48,20.6,All Ages,San Bernardino
2018,91786,249,45.4,All Ages,San Bernardino
2018,91789,80,22.2,All Ages,Los Angeles
2018,91790,222,46.4,All Ages,Los Angeles
2018,91791,126,38.8,All Ages,Los Angeles
2018,91792,124,43.4,All Ages,Los Angeles
2018,91801,163,32.6,All Ages,Los Angeles
2018,91803,117,40.3,All Ages,Los Angeles
2018,91901,26,17.6,All Ages,San Diego
2018,91902,41,27.2,All Ages,San Diego
2018,91906,18,52.1,All Ages,San Diego
2018,91910,352,45.9,All Ages,San Diego
2018,91911,385,44.5,All Ages,San Diego
2018,91913,128,25.1,All Ages,San Diego
2018,91914,29,16.7,All Ages,San Diego
2018,91915,49,15.3,All Ages,San Diego
2018,91932,133,48.3,All Ages,San Diego
2018,91935,17,20.8,All Ages,San Diego
2018,91941,80,27,All Ages,San Diego
2018,91942,122,31.8,All Ages,San Diego
2018,91945,136,52.2,All Ages,San Diego
2018,91950,388,66.1,All Ages,San Diego
2018,91977,318,52.1,All Ages,San Diego
2018,91978,28,30.2,All Ages,San Diego
2018,92007,17,18.7,All Ages,San Diego
2018,92008,40,13.9,All Ages,San Diego
2018,92009,37,8.2,All Ages,San Diego
2018,92010,30,21.9,All Ages,San Diego
2018,92011,23,11,All Ages,San Diego
2018,92014,15,12.7,All Ages,San Diego
2018,92019,103,25.1,All Ages,San Diego
2018,92020,251,40.9,All Ages,San Diego
2018,92021,289,42.9,All Ages,San Diego
2018,92024,76,15.7,All Ages,San Diego
2018,92025,131,25.2,All Ages,San Diego
2018,92026,108,20.3,All Ages,San Diego
2018,92027,132,22.6,All Ages,San Diego
2018,92028,97,22.1,All Ages,San Diego
2018,92029,31,16.1,All Ages,San Diego
2018,92037,38,10,All Ages,San Diego
2018,92040,114,28.2,All Ages,San Diego
2018,92054,106,22,All Ages,San Diego
2018,92056,107,21,All Ages,San Diego
2018,92057,116,20.1,All Ages,San Diego
2018,92058,90,30.8,All Ages,San Diego
2018,92064,97,21.7,All Ages,San Diego
2018,92065,81,22.9,All Ages,San Diego
2018,92069,102,18.8,All Ages,San Diego
2018,92071,140,25.7,All Ages,San Diego
2018,92075,13,13.2,All Ages,San Diego
2018,92078,72,15.5,All Ages,San Diego
2018,92081,50,18.3,All Ages,San Diego
2018,92082,34,17.9,All Ages,San Diego
2018,92083,127,29.2,All Ages,San Diego
2018,92084,106,20.8,All Ages,San Diego
2018,92101,190,50.9,All Ages,San Diego
2018,92102,230,50,All Ages,San Diego
2018,92103,84,29.4,All Ages,San Diego
2018,92104,127,28.5,All Ages,San Diego
2018,92105,380,50.1,All Ages,San Diego
2018,92106,21,10.6,All Ages,San Diego
2018,92107,55,23.3,All Ages,San Diego
2018,92108,50,29.2,All Ages,San Diego
2018,92109,68,21.2,All Ages,San Diego
2018,92110,68,32.3,All Ages,San Diego
2018,92111,180,39.5,All Ages,San Diego
2018,92113,399,72.9,All Ages,San Diego
2018,92114,434,66.4,All Ages,San Diego
2018,92115,237,44.2,All Ages,San Diego
2018,92116,91,32.3,All Ages,San Diego
2018,92117,111,25,All Ages,San Diego
2018,92118,29,14,All Ages,San Diego
2018,92119,48,23.6,All Ages,San Diego
2018,92120,100,37.9,All Ages,San Diego
2018,92122,61,15.3,All Ages,San Diego
2018,92123,103,36.7,All Ages,San Diego
2018,92124,70,23.5,All Ages,San Diego
2018,92126,164,23.3,All Ages,San Diego
2018,92127,80,15.4,All Ages,San Diego
2018,92128,81,16.2,All Ages,San Diego
2018,92129,76,14,All Ages,San Diego
2018,92130,46,8.3,All Ages,San Diego
2018,92131,35,10.1,All Ages,San Diego
2018,92139,142,39.7,All Ages,San Diego
2018,92154,290,34.4,All Ages,San Diego
2018,92173,125,40.9,All Ages,San Diego
2018,92201,258,39.1,All Ages,Riverside
2018,92203,60,19.6,All Ages,Riverside
2018,92211,37,26.3,All Ages,Riverside
2018,92220,193,68.2,All Ages,Riverside
2018,92223,172,32.3,All Ages,Riverside
2018,92225,117,52.9,All Ages,Riverside
2018,92227,320,112.1,All Ages,Imperial
2018,92230,29,97.9,All Ages,Riverside
2018,92231,128,30.4,All Ages,Imperial
2018,92233,28,44.6,All Ages,Imperial
2018,92234,141,28,All Ages,Riverside
2018,92236,197,41.9,All Ages,Riverside
2018,92240,197,52.6,All Ages,Riverside
2018,92241,25,32.1,All Ages,Riverside
2018,92243,358,67.2,All Ages,Imperial
2018,92249,39,47.1,All Ages,Imperial
2018,92250,46,55.7,All Ages,Imperial
2018,92251,153,72.8,All Ages,Imperial
2018,92252,56,70.8,All Ages,San Bernardino
2018,92253,63,21,All Ages,Riverside
2018,92254,26,16.1,All Ages,Riverside
2018,92257,15,76.9,All Ages,Imperial
2018,92260,43,19.4,All Ages,Riverside
2018,92262,76,30.8,All Ages,Riverside
2018,92264,35,33,All Ages,Riverside
2018,92270,17,12.6,All Ages,Riverside
2018,92274,61,20.5,All Ages,Riverside
2018,92276,24,35.7,All Ages,Riverside
2018,92277,91,36.1,All Ages,San Bernardino
2018,92281,30,101.8,All Ages,Imperial
2018,92284,137,57.3,All Ages,San Bernardino
2018,92301,295,80.7,All Ages,San Bernardino
2018,92307,310,83.4,All Ages,San Bernardino
2018,92308,210,54.4,All Ages,San Bernardino
2018,92311,370,113.9,All Ages,San Bernardino
2018,92313,51,44.2,All Ages,San Bernardino
2018,92314,47,42,All Ages,San Bernardino
2018,92315,42,85.1,All Ages,San Bernardino
2018,92316,157,47.5,All Ages,San Bernardino
2018,92320,22,27.4,All Ages,Riverside
2018,92324,323,52.6,All Ages,San Bernardino
2018,92325,51,69.5,All Ages,San Bernardino
2018,92335,452,41.4,All Ages,San Bernardino
2018,92336,288,27.7,All Ages,San Bernardino
2018,92337,110,27,All Ages,San Bernardino
2018,92342,14,25.8,All Ages,San Bernardino
2018,92344,79,34.6,All Ages,San Bernardino
2018,92345,363,43.5,All Ages,San Bernardino
2018,92346,255,45.2,All Ages,San Bernardino
2018,92352,19,30.2,All Ages,San Bernardino
2018,92354,47,20.4,All Ages,San Bernardino
2018,92356,19,31.3,All Ages,San Bernardino
2018,92359,20,25.2,All Ages,San Bernardino
2018,92363,36,75.8,All Ages,San Bernardino
2018,92371,47,26.5,All Ages,San Bernardino
2018,92372,16,29.7,All Ages,San Bernardino
2018,92373,61,20.5,All Ages,San Bernardino
2018,92374,135,33.3,All Ages,San Bernardino
2018,92376,468,55.7,All Ages,San Bernardino
2018,92377,71,34.4,All Ages,San Bernardino
2018,92382,24,49.8,All Ages,San Bernardino
2018,92386,13,65.6,All Ages,San Bernardino
2018,92392,404,68.2,All Ages,San Bernardino
2018,92394,250,62.1,All Ages,San Bernardino
2018,92395,364,81.1,All Ages,San Bernardino
2018,92399,134,24.8,All Ages,San Bernardino
2018,92401,51,294.2,All Ages,San Bernardino
2018,92404,579,90.1,All Ages,San Bernardino
2018,92405,324,106,All Ages,San Bernardino
2018,92407,361,56.8,All Ages,San Bernardino
2018,92408,69,43.5,All Ages,San Bernardino
2018,92410,470,89.9,All Ages,San Bernardino
2018,92411,256,94.8,All Ages,San Bernardino
2018,92501,151,70.3,All Ages,Riverside
2018,92503,423,44.2,All Ages,Riverside
2018,92504,232,41.1,All Ages,Riverside
2018,92505,217,41.6,All Ages,Riverside
2018,92506,157,36.1,All Ages,Riverside
2018,92507,231,44,All Ages,Riverside
2018,92508,94,26.7,All Ages,Riverside
2018,92509,324,39.7,All Ages,Riverside
2018,92530,280,47.2,All Ages,Riverside
2018,92532,83,31.9,All Ages,Riverside
2018,92536,12,35.4,All Ages,Riverside
2018,92539,22,57.5,All Ages,Riverside
2018,92543,251,78.4,All Ages,Riverside
2018,92544,205,43.7,All Ages,Riverside
2018,92545,216,55.4,All Ages,Riverside
2018,92548,25,35.1,All Ages,Riverside
2018,92551,196,56.5,All Ages,Riverside
2018,92553,454,59.5,All Ages,Riverside
2018,92555,213,49.3,All Ages,Riverside
2018,92557,206,40.1,All Ages,Riverside
2018,92562,207,33.1,All Ages,Riverside
2018,92563,218,30.7,All Ages,Riverside
2018,92567,25,24,All Ages,Riverside
2018,92570,283,46.9,All Ages,Riverside
2018,92571,260,42.2,All Ages,Riverside
2018,92582,93,50.1,All Ages,Riverside
2018,92583,229,70.1,All Ages,Riverside
2018,92584,166,33.3,All Ages,Riverside
2018,92585,82,36.4,All Ages,Riverside
2018,92586,88,67.2,All Ages,Riverside
2018,92587,45,26.9,All Ages,Riverside
2018,92591,105,22.9,All Ages,Riverside
2018,92592,197,25.1,All Ages,Riverside
2018,92595,134,38.6,All Ages,Riverside
2018,92596,80,25.1,All Ages,Riverside
2018,92602,33,13.7,All Ages,Orange
2018,92603,23,11,All Ages,Orange
2018,92604,61,23.8,All Ages,Orange
2018,92606,50,22.3,All Ages,Orange
2018,92612,34,13.2,All Ages,Orange
2018,92614,46,17.5,All Ages,Orange
2018,92617,12,25.2,All Ages,Orange
2018,92618,68,19,All Ages,Orange
2018,92620,70,13.5,All Ages,Orange
2018,92624,15,20.2,All Ages,Orange
2018,92625,13,10.8,All Ages,Orange
2018,92626,116,23.8,All Ages,Orange
2018,92627,221,33.6,All Ages,Orange
2018,92629,41,17,All Ages,Orange
2018,92630,110,16.9,All Ages,Orange
2018,92637,50,80.1,All Ages,Orange
2018,92646,124,23.6,All Ages,Orange
2018,92647,167,28,All Ages,Orange
2018,92648,82,19.9,All Ages,Orange
2018,92649,59,18.4,All Ages,Orange
2018,92651,36,16.5,All Ages,Orange
2018,92653,50,17.8,All Ages,Orange
2018,92655,32,42.8,All Ages,Orange
2018,92656,73,14,All Ages,Orange
2018,92657,12,10.1,All Ages,Orange
2018,92660,51,16.3,All Ages,Orange
2018,92663,41,19.2,All Ages,Orange
2018,92672,49,12.7,All Ages,Orange
2018,92673,35,12.6,All Ages,Orange
2018,92675,56,16.1,All Ages,Orange
2018,92677,102,16.9,All Ages,Orange
2018,92679,30,9.4,All Ages,Orange
2018,92683,259,28.6,All Ages,Orange
2018,92688,49,10.4,All Ages,Orange
2018,92691,86,18.2,All Ages,Orange
2018,92692,88,20.5,All Ages,Orange
2018,92694,30,12.9,All Ages,Orange
2018,92701,231,40,All Ages,Orange
2018,92703,262,35.4,All Ages,Orange
2018,92704,285,30.6,All Ages,Orange
2018,92705,114,27.9,All Ages,Orange
2018,92706,141,37.4,All Ages,Orange
2018,92707,203,29.9,All Ages,Orange
2018,92708,108,21.4,All Ages,Orange
2018,92780,182,31.1,All Ages,Orange
2018,92782,45,16.2,All Ages,Orange
2018,92801,254,37.8,All Ages,Orange
2018,92802,200,43,All Ages,Orange
2018,92804,373,41,All Ages,Orange
2018,92805,363,45.4,All Ages,Orange
2018,92806,143,35.1,All Ages,Orange
2018,92807,79,24.2,All Ages,Orange
2018,92808,20,11.1,All Ages,Orange
2018,92821,59,14.7,All Ages,Orange
2018,92831,146,41.8,All Ages,Orange
2018,92832,99,36.7,All Ages,Orange
2018,92833,140,26,All Ages,Orange
2018,92835,53,25.3,All Ages,Orange
2018,92840,180,32.2,All Ages,Orange
2018,92841,76,23.7,All Ages,Orange
2018,92843,193,39.5,All Ages,Orange
2018,92844,62,26.2,All Ages,Orange
2018,92845,26,17.1,All Ages,Orange
2018,92860,54,21.3,All Ages,Riverside
2018,92865,67,33.7,All Ages,Orange
2018,92866,43,28.8,All Ages,Orange
2018,92867,92,20.7,All Ages,Orange
2018,92868,87,37,All Ages,Orange
2018,92869,84,22.2,All Ages,Orange
2018,92870,140,26.3,All Ages,Orange
2018,92879,166,34.2,All Ages,Riverside
2018,92880,172,20.6,All Ages,Riverside
2018,92881,47,15.1,All Ages,Riverside
2018,92882,228,31.8,All Ages,Riverside
2018,92883,70,21.1,All Ages,Riverside
2018,92886,85,18.5,All Ages,Orange
2018,92887,29,17.9,All Ages,Orange
2018,93001,120,37.2,All Ages,Ventura
2018,93003,152,32.8,All Ages,Ventura
2018,93004,70,24.9,All Ages,Ventura
2018,93010,88,21.7,All Ages,Ventura
2018,93012,63,17.1,All Ages,Ventura
2018,93013,31,20.8,All Ages,Santa Barbara
2018,93015,48,25,All Ages,Ventura
2018,93021,84,23.2,All Ages,Ventura
2018,93022,26,65.9,All Ages,Ventura
2018,93023,41,20.7,All Ages,Ventura
2018,93030,296,47.6,All Ages,Ventura
2018,93033,259,28.7,All Ages,Ventura
2018,93035,71,25.9,All Ages,Ventura
2018,93036,168,33.4,All Ages,Ventura
2018,93041,77,34.2,All Ages,Ventura
2018,93060,118,33.6,All Ages,Ventura
2018,93063,207,37.9,All Ages,Ventura
2018,93065,235,33.1,All Ages,Ventura
2018,93101,86,27.1,All Ages,Santa Barbara
2018,93103,66,37,All Ages,Santa Barbara
2018,93105,46,21.8,All Ages,Santa Barbara
2018,93108,12,13,All Ages,Santa Barbara
2018,93109,22,19.8,All Ages,Santa Barbara
2018,93110,30,20.7,All Ages,Santa Barbara
2018,93111,44,26.3,All Ages,Santa Barbara
2018,93117,87,20.9,All Ages,Santa Barbara
2018,93202,43,123.9,All Ages,Kings
2018,93203,72,30.2,All Ages,Kern
2018,93204,42,28.6,All Ages,Kings
2018,93205,16,102,All Ages,Kern
2018,93210,49,28.5,All Ages,Fresno
2018,93212,66,31.7,All Ages,Kings
2018,93215,262,47.3,All Ages,Kern
2018,93219,51,45,All Ages,Tulare
2018,93221,48,31.7,All Ages,Tulare
2018,93223,50,39.7,All Ages,Tulare
2018,93225,15,25.4,All Ages,Kern
2018,93230,477,68.3,All Ages,Kings
2018,93234,28,32.9,All Ages,Fresno
2018,93235,16,26.6,All Ages,Tulare
2018,93239,12,52.4,All Ages,Kings
2018,93240,39,91,All Ages,Kern
2018,93241,77,40.3,All Ages,Kern
2018,93242,13,38.4,All Ages,Fresno
2018,93245,177,43.8,All Ages,Kings
2018,93247,65,33.2,All Ages,Tulare
2018,93250,51,32.5,All Ages,Kern
2018,93256,17,18.9,All Ages,Tulare
2018,93257,331,39.4,All Ages,Tulare
2018,93263,60,24.3,All Ages,Kern
2018,93267,20,26.4,All Ages,Tulare
2018,93268,25,13.6,All Ages,Kern
2018,93270,12,19.4,All Ages,Tulare
2018,93274,227,28.5,All Ages,Tulare
2018,93277,124,24.8,All Ages,Tulare
2018,93280,85,26.9,All Ages,Kern
2018,93286,22,20.2,All Ages,Tulare
2018,93291,168,26.4,All Ages,Tulare
2018,93292,120,28.7,All Ages,Tulare
2018,93301,213,164,All Ages,Kern
2018,93304,430,79.5,All Ages,Kern
2018,93305,386,98.1,All Ages,Kern
2018,93306,348,49,All Ages,Kern
2018,93307,546,57,All Ages,Kern
2018,93308,285,51.9,All Ages,Kern
2018,93309,254,42.9,All Ages,Kern
2018,93311,93,18.7,All Ages,Kern
2018,93312,136,22.2,All Ages,Kern
2018,93313,195,35.1,All Ages,Kern
2018,93314,40,13.1,All Ages,Kern
2018,93401,60,24.9,All Ages,San Luis Obispo
2018,93402,57,49.2,All Ages,San Luis Obispo
2018,93405,35,17.5,All Ages,San Luis Obispo
2018,93420,79,30.8,All Ages,San Luis Obispo
2018,93422,60,19,All Ages,San Luis Obispo
2018,93433,37,27.1,All Ages,San Luis Obispo
2018,93434,33,40.4,All Ages,Santa Barbara
2018,93436,196,34.9,All Ages,Santa Barbara
2018,93442,24,20.5,All Ages,San Luis Obispo
2018,93444,52,27.9,All Ages,San Luis Obispo
2018,93445,36,52.4,All Ages,San Luis Obispo
2018,93446,119,26.6,All Ages,San Luis Obispo
2018,93451,13,29,All Ages,San Luis Obispo
2018,93453,14,50,All Ages,San Luis Obispo
2018,93454,150,38.8,All Ages,Santa Barbara
2018,93455,119,29.8,All Ages,Santa Barbara
2018,93458,210,31.9,All Ages,Santa Barbara
2018,93463,15,17.7,All Ages,Santa Barbara
2018,93465,28,31.9,All Ages,San Luis Obispo
2018,93501,62,107.9,All Ages,Kern
2018,93505,94,66.9,All Ages,Kern
2018,93510,27,42,All Ages,Los Angeles
2018,93514,44,34.6,All Ages,Inyo
2018,93516,20,95.5,All Ages,Kern
2018,93527,13,69.9,All Ages,Kern
2018,93534,498,119.8,All Ages,Los Angeles
2018,93535,857,108.7,All Ages,Los Angeles
2018,93536,304,41.7,All Ages,Los Angeles
2018,93543,66,52.7,All Ages,Los Angeles
2018,93546,60,57.9,All Ages,Mono
2018,93550,723,88.5,All Ages,Los Angeles
2018,93551,212,40.9,All Ages,Los Angeles
2018,93552,240,58.4,All Ages,Los Angeles
2018,93555,164,52.5,All Ages,Kern
2018,93560,103,50.9,All Ages,Kern
2018,93561,96,30.2,All Ages,Kern
2018,93591,59,68.2,All Ages,Los Angeles
2018,93609,45,72.8,All Ages,Fresno
2018,93610,75,35.7,All Ages,Madera
2018,93611,117,27.1,All Ages,Fresno
2018,93612,268,75.2,All Ages,Fresno
2018,93614,35,39.4,All Ages,Madera
2018,93615,26,33.5,All Ages,Tulare
2018,93616,29,112.2,All Ages,Fresno
2018,93618,162,46.4,All Ages,Tulare
2018,93619,98,25.5,All Ages,Fresno
2018,93620,82,74.1,All Ages,Merced
2018,93622,58,54.6,All Ages,Fresno
2018,93625,51,64.7,All Ages,Fresno
2018,93630,82,36.5,All Ages,Fresno
2018,93631,93,53.1,All Ages,Fresno
2018,93635,386,88.9,All Ages,Merced
2018,93636,37,36.1,All Ages,Madera
2018,93637,254,63.3,All Ages,Madera
2018,93638,366,59.6,All Ages,Madera
2018,93640,73,48.7,All Ages,Fresno
2018,93644,29,53.9,All Ages,Madera
2018,93646,79,66.8,All Ages,Fresno
2018,93647,64,48.2,All Ages,Tulare
2018,93648,175,93.6,All Ages,Fresno
2018,93650,36,97.5,All Ages,Fresno
2018,93654,198,61.1,All Ages,Fresno
2018,93656,33,51.1,All Ages,Fresno
2018,93657,188,47.2,All Ages,Fresno
2018,93660,13,21.1,All Ages,Fresno
2018,93662,343,104.9,All Ages,Fresno
2018,93675,13,41.7,All Ages,Fresno
2018,93701,183,135.7,All Ages,Fresno
2018,93702,508,98,All Ages,Fresno
2018,93703,377,100.4,All Ages,Fresno
2018,93704,211,86.6,All Ages,Fresno
2018,93705,446,105,All Ages,Fresno
2018,93706,500,107.3,All Ages,Fresno
2018,93710,187,71.8,All Ages,Fresno
2018,93711,120,35.8,All Ages,Fresno
2018,93720,158,34.2,All Ages,Fresno
2018,93721,65,102.4,All Ages,Fresno
2018,93722,681,78.4,All Ages,Fresno
2018,93723,54,46.1,All Ages,Fresno
2018,93725,218,72.2,All Ages,Fresno
2018,93726,376,88.8,All Ages,Fresno
2018,93727,510,61.4,All Ages,Fresno
2018,93728,145,89.1,All Ages,Fresno
2018,93730,15,12.5,All Ages,Fresno
2018,93737,20,36.6,All Ages,Fresno
2018,93901,190,71.2,All Ages,Monterey
2018,93905,345,52.7,All Ages,Monterey
2018,93906,299,46.6,All Ages,Monterey
2018,93907,85,42.4,All Ages,Monterey
2018,93908,18,11.6,All Ages,Monterey
2018,93923,24,40.4,All Ages,Monterey
2018,93926,38,40.4,All Ages,Monterey
2018,93927,56,27.3,All Ages,Monterey
2018,93930,42,23.5,All Ages,Monterey
2018,93933,90,36.9,All Ages,Monterey
2018,93940,65,22.7,All Ages,Monterey
2018,93950,26,21.6,All Ages,Monterey
2018,93955,132,37.2,All Ages,Monterey
2018,93960,63,22.4,All Ages,Monterey
2018,94002,45,16.5,All Ages,San Mateo
2018,94005,23,58,All Ages,San Mateo
2018,94010,57,13.6,All Ages,San Mateo
2018,94014,199,41.9,All Ages,San Mateo
2018,94015,243,41.9,All Ages,San Mateo
2018,94019,48,26.1,All Ages,San Mateo
2018,94022,17,9.4,All Ages,Santa Clara
2018,94024,16,8.2,All Ages,Santa Clara
2018,94025,75,17.6,All Ages,San Mateo
2018,94030,51,23.3,All Ages,San Mateo
2018,94040,48,13.9,All Ages,Santa Clara
2018,94041,22,13.4,All Ages,Santa Clara
2018,94043,36,12.8,All Ages,Santa Clara
2018,94044,126,36.4,All Ages,San Mateo
2018,94061,87,22,All Ages,San Mateo
2018,94062,36,14.1,All Ages,San Mateo
2018,94063,208,59.5,All Ages,San Mateo
2018,94066,172,38.8,All Ages,San Mateo
2018,94070,48,17,All Ages,San Mateo
2018,94080,230,37,All Ages,San Mateo
2018,94085,36,17.2,All Ages,Santa Clara
2018,94086,78,16.1,All Ages,Santa Clara
2018,94087,60,10.8,All Ages,Santa Clara
2018,94089,56,23.8,All Ages,Santa Clara
2018,94102,229,70.1,All Ages,San Francisco
2018,94103,211,58.1,All Ages,San Francisco
2018,94105,18,18.8,All Ages,San Francisco
2018,94107,85,39.5,All Ages,San Francisco
2018,94108,23,16.5,All Ages,San Francisco
2018,94109,118,31.4,All Ages,San Francisco
2018,94110,323,52.9,All Ages,San Francisco
2018,94111,14,60.4,All Ages,San Francisco
2018,94112,289,38.6,All Ages,San Francisco
2018,94114,53,19.2,All Ages,San Francisco
2018,94115,138,47.7,All Ages,San Francisco
2018,94116,72,19.4,All Ages,San Francisco
2018,94117,103,38.7,All Ages,San Francisco
2018,94118,59,16.9,All Ages,San Francisco
2018,94121,74,21,All Ages,San Francisco
2018,94122,118,25.9,All Ages,San Francisco
2018,94123,36,20.3,All Ages,San Francisco
2018,94124,354,91.9,All Ages,San Francisco
2018,94127,46,25.9,All Ages,San Francisco
2018,94130,20,143.9,All Ages,San Francisco
2018,94131,49,20.1,All Ages,San Francisco
2018,94132,82,38,All Ages,San Francisco
2018,94133,46,18.1,All Ages,San Francisco
2018,94134,225,59.7,All Ages,San Francisco
2018,94158,27,43.2,All Ages,San Francisco
2018,94301,14,7.6,All Ages,Santa Clara
2018,94303,203,41.9,All Ages,Santa Clara
2018,94306,25,9.3,All Ages,Santa Clara
2018,94401,130,38.4,All Ages,San Mateo
2018,94402,63,27.1,All Ages,San Mateo
2018,94403,97,22.2,All Ages,San Mateo
2018,94404,48,13.6,All Ages,San Mateo
2018,94501,305,50.7,All Ages,Alameda
2018,94502,31,26.6,All Ages,Alameda
2018,94503,108,49.3,All Ages,Napa
2018,94505,48,32.1,All Ages,Contra Costa
2018,94506,36,15.2,All Ages,Contra Costa
2018,94507,28,17.1,All Ages,Contra Costa
2018,94509,766,119.2,All Ages,Contra Costa
2018,94510,97,36.9,All Ages,Solano
2018,94513,307,46.8,All Ages,Contra Costa
2018,94515,16,21,All Ages,Napa
2018,94517,24,22.2,All Ages,Contra Costa
2018,94518,96,37.3,All Ages,Contra Costa
2018,94519,89,48.4,All Ages,Contra Costa
2018,94520,256,61.4,All Ages,Contra Costa
2018,94521,150,34.5,All Ages,Contra Costa
2018,94523,90,27,All Ages,Contra Costa
2018,94525,16,48.2,All Ages,Contra Costa
2018,94526,45,15.4,All Ages,Contra Costa
2018,94530,99,43.6,All Ages,Contra Costa
2018,94531,389,88.2,All Ages,Contra Costa
2018,94533,741,94.8,All Ages,Solano
2018,94534,148,37.9,All Ages,Solano
2018,94536,190,26.1,All Ages,Alameda
2018,94538,192,30.1,All Ages,Alameda
2018,94539,72,14.6,All Ages,Alameda
2018,94541,397,60.3,All Ages,Alameda
2018,94542,41,30.3,All Ages,Alameda
2018,94544,520,66.6,All Ages,Alameda
2018,94545,215,67.4,All Ages,Alameda
2018,94546,176,43,All Ages,Alameda
2018,94547,104,44.4,All Ages,Contra Costa
2018,94549,39,14.2,All Ages,Contra Costa
2018,94550,97,20.3,All Ages,Alameda
2018,94551,90,22.6,All Ages,Alameda
2018,94552,29,23,All Ages,Alameda
2018,94553,159,34.9,All Ages,Contra Costa
2018,94555,95,25.5,All Ages,Alameda
2018,94556,22,13.6,All Ages,Contra Costa
2018,94558,249,38.2,All Ages,Napa
2018,94559,98,33.5,All Ages,Napa
2018,94560,168,36.3,All Ages,Alameda
2018,94561,222,52.2,All Ages,Contra Costa
2018,94563,21,13.9,All Ages,Contra Costa
2018,94564,98,55.3,All Ages,Contra Costa
2018,94565,989,105.1,All Ages,Contra Costa
2018,94566,95,21.4,All Ages,Alameda
2018,94568,153,25.2,All Ages,Alameda
2018,94571,41,59,All Ages,Solano
2018,94572,61,68.5,All Ages,Contra Costa
2018,94574,15,16.9,All Ages,Napa
2018,94577,231,49.7,All Ages,Alameda
2018,94578,277,68.3,All Ages,Alameda
2018,94579,65,34,All Ages,Alameda
2018,94580,176,61.2,All Ages,Alameda
2018,94582,95,22.8,All Ages,Contra Costa
2018,94583,68,18.4,All Ages,Contra Costa
2018,94585,261,90.4,All Ages,Solano
2018,94587,251,35.1,All Ages,Alameda
2018,94588,72,22.8,All Ages,Alameda
2018,94589,363,122.6,All Ages,Solano
2018,94590,511,145.9,All Ages,Solano
2018,94591,392,73.8,All Ages,Solano
2018,94595,19,13.3,All Ages,Contra Costa
2018,94596,36,18.8,All Ages,Contra Costa
2018,94597,62,27.3,All Ages,Contra Costa
2018,94598,36,12.3,All Ages,Contra Costa
2018,94601,459,84.8,All Ages,Alameda
2018,94602,164,58.7,All Ages,Alameda
2018,94603,449,126.8,All Ages,Alameda
2018,94605,493,123.3,All Ages,Alameda
2018,94606,264,73,All Ages,Alameda
2018,94607,265,99.4,All Ages,Alameda
2018,94608,214,76.8,All Ages,Alameda
2018,94609,160,80.2,All Ages,Alameda
2018,94610,112,43.7,All Ages,Alameda
2018,94611,61,16.6,All Ages,Alameda
2018,94612,118,76.9,All Ages,Alameda
2018,94618,22,16.8,All Ages,Alameda
2018,94619,138,60.1,All Ages,Alameda
2018,94621,445,126.5,All Ages,Alameda
2018,94702,95,60.9,All Ages,Alameda
2018,94703,128,68.3,All Ages,Alameda
2018,94704,37,47.3,All Ages,Alameda
2018,94705,36,34.8,All Ages,Alameda
2018,94706,45,23.5,All Ages,Alameda
2018,94707,20,17.5,All Ages,Alameda
2018,94708,13,13.9,All Ages,Alameda
2018,94709,26,49.5,All Ages,Alameda
2018,94710,46,50.4,All Ages,Alameda
2018,94801,414,120.6,All Ages,Contra Costa
2018,94803,91,40.7,All Ages,Contra Costa
2018,94804,463,111.4,All Ages,Contra Costa
2018,94805,96,69.3,All Ages,Contra Costa
2018,94806,437,68.9,All Ages,Contra Costa
2018,94901,105,26.2,All Ages,Marin
2018,94903,73,26.4,All Ages,Marin
2018,94904,20,15.4,All Ages,Marin
2018,94920,21,18.4,All Ages,Marin
2018,94925,13,15.2,All Ages,Marin
2018,94928,140,31.4,All Ages,Sonoma
2018,94930,16,17.7,All Ages,Marin
2018,94931,31,37.6,All Ages,Sonoma
2018,94939,12,16.8,All Ages,Marin
2018,94941,43,15.7,All Ages,Marin
2018,94945,56,38,All Ages,Marin
2018,94947,68,28.2,All Ages,Marin
2018,94949,53,31.4,All Ages,Marin
2018,94951,17,47.4,All Ages,Sonoma
2018,94952,109,34.8,All Ages,Sonoma
2018,94954,137,34.9,All Ages,Sonoma
2018,94960,25,17.4,All Ages,Marin
2018,94965,34,37.2,All Ages,Marin
2018,95003,49,22.2,All Ages,Santa Cruz
2018,95006,28,39,All Ages,Santa Cruz
2018,95008,131,26.9,All Ages,Santa Clara
2018,95010,20,20.1,All Ages,Santa Cruz
2018,95012,46,39.2,All Ages,Monterey
2018,95014,44,6.8,All Ages,Santa Clara
2018,95018,16,20.6,All Ages,Santa Cruz
2018,95019,38,43.7,All Ages,Santa Cruz
2018,95020,262,40.2,All Ages,Santa Clara
2018,95023,283,55,All Ages,San Benito
2018,95030,13,8,All Ages,Santa Clara
2018,95032,43,14.7,All Ages,Santa Clara
2018,95035,140,17.8,All Ages,Santa Clara
2018,95037,115,21.8,All Ages,Santa Clara
2018,95045,22,53.3,All Ages,San Benito
2018,95046,24,35.3,All Ages,Santa Clara
2018,95050,88,21.6,All Ages,Santa Clara
2018,95051,125,20.2,All Ages,Santa Clara
2018,95054,58,27.9,All Ages,Santa Clara
2018,95060,73,16.3,All Ages,Santa Cruz
2018,95062,59,16.7,All Ages,Santa Cruz
2018,95066,28,20.1,All Ages,Santa Cruz
2018,95070,33,11.9,All Ages,Santa Clara
2018,95073,20,18.9,All Ages,Santa Cruz
2018,95076,344,40.2,All Ages,Santa Cruz
2018,95110,62,28.4,All Ages,Santa Clara
2018,95111,251,40.1,All Ages,Santa Clara
2018,95112,253,44.8,All Ages,Santa Clara
2018,95113,63,311.3,All Ages,Santa Clara
2018,95116,342,60.9,All Ages,Santa Clara
2018,95117,90,29.1,All Ages,Santa Clara
2018,95118,113,35.5,All Ages,Santa Clara
2018,95119,27,22.6,All Ages,Santa Clara
2018,95120,51,14.3,All Ages,Santa Clara
2018,95121,114,30.6,All Ages,Santa Clara
2018,95122,303,50.1,All Ages,Santa Clara
2018,95123,230,33,All Ages,Santa Clara
2018,95124,100,20.2,All Ages,Santa Clara
2018,95125,114,21,All Ages,Santa Clara
2018,95126,100,30.4,All Ages,Santa Clara
2018,95127,269,43.5,All Ages,Santa Clara
2018,95128,125,32.8,All Ages,Santa Clara
2018,95129,52,14.2,All Ages,Santa Clara
2018,95130,34,25.1,All Ages,Santa Clara
2018,95131,79,25.2,All Ages,Santa Clara
2018,95132,84,20.7,All Ages,Santa Clara
2018,95133,69,23.5,All Ages,Santa Clara
2018,95134,35,12.4,All Ages,Santa Clara
2018,95135,24,10.3,All Ages,Santa Clara
2018,95136,128,28.3,All Ages,Santa Clara
2018,95138,39,20,All Ages,Santa Clara
2018,95139,12,15.5,All Ages,Santa Clara
2018,95148,115,24.7,All Ages,Santa Clara
2018,95202,130,203.5,All Ages,San Joaquin
2018,95203,202,119.1,All Ages,San Joaquin
2018,95204,200,70.1,All Ages,San Joaquin
2018,95205,328,79.2,All Ages,San Joaquin
2018,95206,539,79.8,All Ages,San Joaquin
2018,95207,401,84.7,All Ages,San Joaquin
2018,95209,227,53.9,All Ages,San Joaquin
2018,95210,310,75.6,All Ages,San Joaquin
2018,95212,98,32.7,All Ages,San Joaquin
2018,95215,99,40.4,All Ages,San Joaquin
2018,95219,123,43.2,All Ages,San Joaquin
2018,95220,23,30.1,All Ages,San Joaquin
2018,95222,12,23,All Ages,Calaveras
2018,95228,17,43.9,All Ages,Calaveras
2018,95231,41,86.1,All Ages,San Joaquin
2018,95237,12,35.1,All Ages,San Joaquin
2018,95240,252,52.6,All Ages,San Joaquin
2018,95242,72,27.9,All Ages,San Joaquin
2018,95249,23,82.9,All Ages,Calaveras
2018,95252,63,51.4,All Ages,Calaveras
2018,95255,21,165.4,All Ages,Calaveras
2018,95258,15,42.2,All Ages,San Joaquin
2018,95301,173,43.1,All Ages,Merced
2018,95304,58,33.8,All Ages,San Joaquin
2018,95307,198,44.2,All Ages,Stanislaus
2018,95315,67,45,All Ages,Merced
2018,95316,34,55.3,All Ages,Stanislaus
2018,95320,47,37.6,All Ages,San Joaquin
2018,95321,14,51.9,All Ages,Tuolumne
2018,95322,41,41.9,All Ages,Merced
2018,95324,29,40.8,All Ages,Merced
2018,95326,34,32,All Ages,Stanislaus
2018,95327,51,56.5,All Ages,Tuolumne
2018,95328,14,28.8,All Ages,Stanislaus
2018,95329,15,103,All Ages,Stanislaus
2018,95330,137,59,All Ages,San Joaquin
2018,95334,84,52.8,All Ages,Merced
2018,95336,331,73.5,All Ages,San Joaquin
2018,95337,203,51.4,All Ages,San Joaquin
2018,95338,61,73.6,All Ages,Mariposa
2018,95340,290,82.6,All Ages,Merced
2018,95341,237,66.3,All Ages,Merced
2018,95348,187,54.2,All Ages,Merced
2018,95350,328,66.5,All Ages,Stanislaus
2018,95351,387,81.5,All Ages,Stanislaus
2018,95354,199,77.2,All Ages,Stanislaus
2018,95355,309,51.5,All Ages,Stanislaus
2018,95356,152,45.5,All Ages,Stanislaus
2018,95357,60,45.7,All Ages,Stanislaus
2018,95358,174,52.7,All Ages,Stanislaus
2018,95360,49,37.8,All Ages,Stanislaus
2018,95361,176,53.7,All Ages,Stanislaus
2018,95363,113,39.3,All Ages,Stanislaus
2018,95365,30,96.5,All Ages,Merced
2018,95366,53,29.9,All Ages,San Joaquin
2018,95367,143,55.1,All Ages,Stanislaus
2018,95368,60,40.4,All Ages,Stanislaus
2018,95370,108,48.9,All Ages,Tuolumne
2018,95376,357,65.6,All Ages,San Joaquin
2018,95377,119,34.7,All Ages,San Joaquin
2018,95379,17,53.4,All Ages,Tuolumne
2018,95380,209,49.6,All Ages,Stanislaus
2018,95382,118,29.8,All Ages,Stanislaus
2018,95383,15,44.7,All Ages,Tuolumne
2018,95386,66,64.3,All Ages,Stanislaus
2018,95388,71,46.7,All Ages,Merced
2018,95391,74,50.2,All Ages,San Joaquin
2018,95401,135,36,All Ages,Sonoma
2018,95403,207,53.2,All Ages,Sonoma
2018,95404,134,35.1,All Ages,Sonoma
2018,95405,104,51.5,All Ages,Sonoma
2018,95407,206,49.6,All Ages,Sonoma
2018,95409,91,38.5,All Ages,Sonoma
2018,95422,218,129.3,All Ages,Lake
2018,95423,46,150.8,All Ages,Lake
2018,95425,34,32.5,All Ages,Sonoma
2018,95436,13,25.3,All Ages,Sonoma
2018,95437,60,43.4,All Ages,Mendocino
2018,95448,64,40.2,All Ages,Sonoma
2018,95449,12,74,All Ages,Mendocino
2018,95451,63,62.6,All Ages,Lake
2018,95453,40,39.8,All Ages,Lake
2018,95457,30,94.6,All Ages,Lake
2018,95458,18,67.2,All Ages,Lake
2018,95461,15,44.7,All Ages,Lake
2018,95464,14,65.5,All Ages,Lake
2018,95467,29,65.7,All Ages,Lake
2018,95470,30,52.5,All Ages,Mendocino
2018,95472,66,26.9,All Ages,Sonoma
2018,95476,83,24.4,All Ages,Sonoma
2018,95482,236,78.1,All Ages,Mendocino
2018,95485,16,68.3,All Ages,Lake
2018,95490,108,82.6,All Ages,Mendocino
2018,95492,107,38.8,All Ages,Sonoma
2018,95501,164,67.2,All Ages,Humboldt
2018,95503,107,46.5,All Ages,Humboldt
2018,95519,70,38.9,All Ages,Humboldt
2018,95521,88,38.6,All Ages,Humboldt
2018,95531,115,52.4,All Ages,Del Norte
2018,95540,79,59.6,All Ages,Humboldt
2018,95542,15,46.7,All Ages,Humboldt
2018,95560,14,84.6,All Ages,Humboldt
2018,95562,26,74.4,All Ages,Humboldt
2018,95602,65,50,All Ages,Placer
2018,95603,96,41,All Ages,Placer
2018,95605,91,60.5,All Ages,Yolo
2018,95608,348,65.9,All Ages,Sacramento
2018,95610,261,55.2,All Ages,Sacramento
2018,95616,106,25.4,All Ages,Yolo
2018,95618,71,26.7,All Ages,Yolo
2018,95619,26,74.5,All Ages,El Dorado
2018,95620,120,55.9,All Ages,Solano
2018,95621,209,50,All Ages,Sacramento
2018,95623,14,26.5,All Ages,El Dorado
2018,95624,222,33.6,All Ages,Sacramento
2018,95626,25,35.4,All Ages,Sacramento
2018,95627,16,45.1,All Ages,Yolo
2018,95628,151,40.2,All Ages,Sacramento
2018,95630,165,21.4,All Ages,Sacramento
2018,95631,14,22.1,All Ages,Placer
2018,95632,117,37.8,All Ages,Sacramento
2018,95640,21,19.3,All Ages,Amador
2018,95642,52,93.7,All Ages,Amador
2018,95648,139,27.3,All Ages,Placer
2018,95650,31,25.1,All Ages,Placer
2018,95655,17,30.4,All Ages,Sacramento
2018,95658,14,31.9,All Ages,Placer
2018,95660,332,102.6,All Ages,Sacramento
2018,95661,108,37.7,All Ages,Placer
2018,95662,125,34.7,All Ages,Sacramento
2018,95665,12,30.7,All Ages,Amador
2018,95666,22,49.3,All Ages,Amador
2018,95667,151,43.9,All Ages,El Dorado
2018,95670,338,64.2,All Ages,Sacramento
2018,95673,110,67.4,All Ages,Sacramento
2018,95677,92,39.6,All Ages,Placer
2018,95678,192,42,All Ages,Placer
2018,95682,94,34.6,All Ages,El Dorado
2018,95685,13,34.5,All Ages,Amador
2018,95687,383,61.5,All Ages,Solano
2018,95688,282,79.4,All Ages,Solano
2018,95691,204,53.4,All Ages,Yolo
2018,95692,18,38.4,All Ages,Yuba
2018,95693,13,18.5,All Ages,Sacramento
2018,95694,30,34.6,All Ages,Yolo
2018,95695,173,45.6,All Ages,Yolo
2018,95713,19,20.1,All Ages,Placer
2018,95722,13,34.3,All Ages,Placer
2018,95726,41,50.3,All Ages,El Dorado
2018,95742,30,29.5,All Ages,Sacramento
2018,95746,53,31.3,All Ages,Placer
2018,95747,185,29.1,All Ages,Placer
2018,95757,190,37.9,All Ages,Sacramento
2018,95758,266,41.8,All Ages,Sacramento
2018,95762,72,16.5,All Ages,El Dorado
2018,95765,84,21.1,All Ages,Placer
2018,95776,84,30.7,All Ages,Yolo
2018,95811,90,108.6,All Ages,Sacramento
2018,95814,60,91.7,All Ages,Sacramento
2018,95815,395,152.6,All Ages,Sacramento
2018,95816,73,47.7,All Ages,Sacramento
2018,95817,115,85.9,All Ages,Sacramento
2018,95818,140,67.8,All Ages,Sacramento
2018,95819,35,22.1,All Ages,Sacramento
2018,95820,327,87.6,All Ages,Sacramento
2018,95821,359,116.3,All Ages,Sacramento
2018,95822,336,77.7,All Ages,Sacramento
2018,95823,849,107,All Ages,Sacramento
2018,95824,320,98,All Ages,Sacramento
2018,95825,363,119.5,All Ages,Sacramento
2018,95826,217,61.6,All Ages,Sacramento
2018,95827,122,56.1,All Ages,Sacramento
2018,95828,431,70.4,All Ages,Sacramento
2018,95829,108,36.9,All Ages,Sacramento
2018,95831,144,39.6,All Ages,Sacramento
2018,95832,101,80.2,All Ages,Sacramento
2018,95833,285,69.9,All Ages,Sacramento
2018,95834,229,77.3,All Ages,Sacramento
2018,95835,159,40.3,All Ages,Sacramento
2018,95838,457,116.8,All Ages,Sacramento
2018,95841,195,96.3,All Ages,Sacramento
2018,95842,296,91.4,All Ages,Sacramento
2018,95843,263,53.1,All Ages,Sacramento
2018,95864,84,39.8,All Ages,Sacramento
2018,95901,176,52.6,All Ages,Yuba
2018,95912,20,39.1,All Ages,Colusa
2018,95917,21,62.6,All Ages,Butte
2018,95926,175,48.9,All Ages,Butte
2018,95928,165,44.4,All Ages,Butte
2018,95932,52,64.9,All Ages,Colusa
2018,95945,71,31.2,All Ages,Nevada
2018,95946,17,26.8,All Ages,Nevada
2018,95948,38,35,All Ages,Butte
2018,95949,41,27.7,All Ages,Nevada
2018,95953,44,38.7,All Ages,Sutter
2018,95954,43,43.5,All Ages,Butte
2018,95959,39,21.4,All Ages,Nevada
2018,95961,123,43,All Ages,Yuba
2018,95963,42,26,All Ages,Glenn
2018,95965,82,41,All Ages,Butte
2018,95966,114,40.7,All Ages,Butte
2018,95969,105,45.7,All Ages,Butte
2018,95971,23,45.3,All Ages,Plumas
2018,95973,132,37.5,All Ages,Butte
2018,95987,26,40.3,All Ages,Colusa
2018,95988,46,53.9,All Ages,Glenn
2018,95991,147,35.3,All Ages,Sutter
2018,95993,69,19.3,All Ages,Sutter
2018,96001,129,43.1,All Ages,Shasta
2018,96002,149,48.6,All Ages,Shasta
2018,96003,114,27.4,All Ages,Shasta
2018,96007,79,39,All Ages,Shasta
2018,96019,41,45.9,All Ages,Shasta
2018,96020,16,88.8,All Ages,Plumas
2018,96021,97,58,All Ages,Tehama
2018,96022,32,23,All Ages,Shasta
2018,96025,15,83.5,All Ages,Siskiyou
2018,96035,17,47.3,All Ages,Tehama
2018,96041,12,69.2,All Ages,Trinity
2018,96055,13,37.3,All Ages,Tehama
2018,96064,20,43.1,All Ages,Siskiyou
2018,96067,18,29.3,All Ages,Siskiyou
2018,96080,148,55.8,All Ages,Tehama
2018,96093,33,110.6,All Ages,Trinity
2018,96094,25,35.2,All Ages,Siskiyou
2018,96097,33,35.3,All Ages,Siskiyou
2018,96101,78,154.3,All Ages,Modoc
2018,96122,30,91.5,All Ages,Plumas
2018,96130,73,32.8,All Ages,Lassen
2018,96137,24,88.1,All Ages,Lassen
2018,96150,68,22.4,All Ages,El Dorado
2018,96161,39,20,All Ages,Nevada
2019,90001,450,71.2,All Ages,Los Angeles
2019,90002,509,90,All Ages,Los Angeles
2019,90003,761,99.2,All Ages,Los Angeles
2019,90004,268,45.9,All Ages,Los Angeles
2019,90005,144,35.9,All Ages,Los Angeles
2019,90006,285,48.7,All Ages,Los Angeles
2019,90007,189,56.4,All Ages,Los Angeles
2019,90008,315,100.2,All Ages,Los Angeles
2019,90011,654,55.9,All Ages,Los Angeles
2019,90012,97,32,All Ages,Los Angeles
2019,90013,136,73.7,All Ages,Los Angeles
2019,90014,51,63.4,All Ages,Los Angeles
2019,90015,96,36.4,All Ages,Los Angeles
2019,90016,369,75.4,All Ages,Los Angeles
2019,90017,144,52.6,All Ages,Los Angeles
2019,90018,361,70.8,All Ages,Los Angeles
2019,90019,304,48.7,All Ages,Los Angeles
2019,90020,128,31.4,All Ages,Los Angeles
2019,90021,33,78.9,All Ages,Los Angeles
2019,90022,348,50.4,All Ages,Los Angeles
2019,90023,251,49.3,All Ages,Los Angeles
2019,90024,41,12.8,All Ages,Los Angeles
2019,90025,75,18.6,All Ages,Los Angeles
2019,90026,282,44.5,All Ages,Los Angeles
2019,90027,157,42.9,All Ages,Los Angeles
2019,90028,136,42.7,All Ages,Los Angeles
2019,90029,227,62,All Ages,Los Angeles
2019,90031,187,45.1,All Ages,Los Angeles
2019,90032,246,51.5,All Ages,Los Angeles
2019,90033,350,69.9,All Ages,Los Angeles
2019,90034,149,27.9,All Ages,Los Angeles
2019,90035,75,26.2,All Ages,Los Angeles
2019,90036,51,14.3,All Ages,Los Angeles
2019,90037,561,85.6,All Ages,Los Angeles
2019,90038,174,55.9,All Ages,Los Angeles
2019,90039,92,36.5,All Ages,Los Angeles
2019,90040,76,57.6,All Ages,Los Angeles
2019,90041,86,31.2,All Ages,Los Angeles
2019,90042,251,40.3,All Ages,Los Angeles
2019,90043,462,108.5,All Ages,Los Angeles
2019,90044,1017,103.5,All Ages,Los Angeles
2019,90045,72,19.1,All Ages,Los Angeles
2019,90046,100,23.3,All Ages,Los Angeles
2019,90047,522,110.4,All Ages,Los Angeles
2019,90048,48,24.4,All Ages,Los Angeles
2019,90049,32,10.1,All Ages,Los Angeles
2019,90056,50,82.6,All Ages,Los Angeles
2019,90057,299,63,All Ages,Los Angeles
2019,90058,26,73.3,All Ages,Los Angeles
2019,90059,554,119.4,All Ages,Los Angeles
2019,90061,320,113.5,All Ages,Los Angeles
2019,90062,296,86.6,All Ages,Los Angeles
2019,90063,300,52,All Ages,Los Angeles
2019,90064,39,14.2,All Ages,Los Angeles
2019,90065,199,44.8,All Ages,Los Angeles
2019,90066,101,20.3,All Ages,Los Angeles
2019,90068,31,14.7,All Ages,Los Angeles
2019,90069,24,14,All Ages,Los Angeles
2019,90094,16,16.1,All Ages,Los Angeles
2019,90201,457,42.9,All Ages,Los Angeles
2019,90210,25,11,All Ages,Los Angeles
2019,90211,19,21.2,All Ages,Los Angeles
2019,90212,23,15.1,All Ages,Los Angeles
2019,90220,458,87.8,All Ages,Los Angeles
2019,90221,410,69.4,All Ages,Los Angeles
2019,90222,342,98.1,All Ages,Los Angeles
2019,90230,115,38,All Ages,Los Angeles
2019,90232,48,30.6,All Ages,Los Angeles
2019,90240,90,35.8,All Ages,Los Angeles
2019,90241,183,42,All Ages,Los Angeles
2019,90242,194,43.4,All Ages,Los Angeles
2019,90245,25,17,All Ages,Los Angeles
2019,90247,311,65.9,All Ages,Los Angeles
2019,90248,77,83.9,All Ages,Los Angeles
2019,90249,182,68.7,All Ages,Los Angeles
2019,90250,603,59.9,All Ages,Los Angeles
2019,90254,19,11.5,All Ages,Los Angeles
2019,90255,363,47.7,All Ages,Los Angeles
2019,90260,164,46.7,All Ages,Los Angeles
2019,90262,405,54.9,All Ages,Los Angeles
2019,90266,22,7.1,All Ages,Los Angeles
2019,90270,112,42.6,All Ages,Los Angeles
2019,90272,20,9.8,All Ages,Los Angeles
2019,90274,24,10.5,All Ages,Los Angeles
2019,90275,66,19.3,All Ages,Los Angeles
2019,90277,41,14,All Ages,Los Angeles
2019,90278,96,23.2,All Ages,Los Angeles
2019,90280,368,37.7,All Ages,Los Angeles
2019,90291,47,18.5,All Ages,Los Angeles
2019,90292,55,23.5,All Ages,Los Angeles
2019,90293,16,16.5,All Ages,Los Angeles
2019,90301,223,58.6,All Ages,Los Angeles
2019,90302,235,75.3,All Ages,Los Angeles
2019,90303,195,74.3,All Ages,Los Angeles
2019,90304,134,41.4,All Ages,Los Angeles
2019,90305,114,91.1,All Ages,Los Angeles
2019,90401,41,55.2,All Ages,Los Angeles
2019,90402,17,13.7,All Ages,Los Angeles
2019,90403,34,14.5,All Ages,Los Angeles
2019,90404,97,47.1,All Ages,Los Angeles
2019,90405,52,19,All Ages,Los Angeles
2019,90501,196,45.5,All Ages,Los Angeles
2019,90502,82,42.2,All Ages,Los Angeles
2019,90503,100,23.7,All Ages,Los Angeles
2019,90504,100,33.3,All Ages,Los Angeles
2019,90505,77,23.2,All Ages,Los Angeles
2019,90601,117,37.9,All Ages,Los Angeles
2019,90602,137,50.6,All Ages,Los Angeles
2019,90603,37,19.6,All Ages,Los Angeles
2019,90604,148,37.6,All Ages,Los Angeles
2019,90605,177,42.1,All Ages,Los Angeles
2019,90606,164,50.8,All Ages,Los Angeles
2019,90620,162,37.6,All Ages,Orange
2019,90621,119,32.6,All Ages,Orange
2019,90623,40,26.9,All Ages,Orange
2019,90630,111,22.8,All Ages,Orange
2019,90631,208,29.9,All Ages,Orange
2019,90638,124,26.7,All Ages,Los Angeles
2019,90640,291,46.6,All Ages,Los Angeles
2019,90650,493,45.8,All Ages,Los Angeles
2019,90660,279,45.1,All Ages,Los Angeles
2019,90670,69,41.6,All Ages,Los Angeles
2019,90680,132,40.7,All Ages,Orange
2019,90701,49,30.1,All Ages,Los Angeles
2019,90703,131,30.1,All Ages,Los Angeles
2019,90704,22,59.5,All Ages,Los Angeles
2019,90706,377,47.4,All Ages,Los Angeles
2019,90710,132,53.5,All Ages,Los Angeles
2019,90712,236,84.4,All Ages,Los Angeles
2019,90713,46,17.1,All Ages,Los Angeles
2019,90715,88,43.3,All Ages,Los Angeles
2019,90716,72,48.3,All Ages,Los Angeles
2019,90717,100,48.4,All Ages,Los Angeles
2019,90720,41,23.2,All Ages,Orange
2019,90723,291,50.7,All Ages,Los Angeles
2019,90731,382,61.2,All Ages,Los Angeles
2019,90732,58,28.2,All Ages,Los Angeles
2019,90740,37,19.4,All Ages,Orange
2019,90744,291,51.7,All Ages,Los Angeles
2019,90745,323,57,All Ages,Los Angeles
2019,90746,188,77.4,All Ages,Los Angeles
2019,90755,36,32.2,All Ages,Los Angeles
2019,90802,176,44.8,All Ages,Los Angeles
2019,90803,43,12.9,All Ages,Los Angeles
2019,90804,220,54.2,All Ages,Los Angeles
2019,90805,672,69.8,All Ages,Los Angeles
2019,90806,337,75.9,All Ages,Los Angeles
2019,90807,109,36.4,All Ages,Los Angeles
2019,90808,59,17.5,All Ages,Los Angeles
2019,90810,193,50.2,All Ages,Los Angeles
2019,90813,465,75.6,All Ages,Los Angeles
2019,90814,54,36.2,All Ages,Los Angeles
2019,90815,81,22.5,All Ages,Los Angeles
2019,91001,119,36.6,All Ages,Los Angeles
2019,91006,63,21.2,All Ages,Los Angeles
2019,91007,50,18.4,All Ages,Los Angeles
2019,91010,126,52.9,All Ages,Los Angeles
2019,91011,19,9.6,All Ages,Los Angeles
2019,91016,123,31.1,All Ages,Los Angeles
2019,91020,19,25.5,All Ages,Los Angeles
2019,91024,12,9.1,All Ages,Los Angeles
2019,91030,25,10.2,All Ages,Los Angeles
2019,91040,57,27.6,All Ages,Los Angeles
2019,91042,82,31.5,All Ages,Los Angeles
2019,91101,30,15.4,All Ages,Los Angeles
2019,91103,134,45.1,All Ages,Los Angeles
2019,91104,89,25.5,All Ages,Los Angeles
2019,91105,26,21,All Ages,Los Angeles
2019,91106,40,15.9,All Ages,Los Angeles
2019,91107,68,22.2,All Ages,Los Angeles
2019,91201,47,22.6,All Ages,Los Angeles
2019,91202,61,29.5,All Ages,Los Angeles
2019,91203,54,26.1,All Ages,Los Angeles
2019,91204,73,40.5,All Ages,Los Angeles
2019,91205,149,40.1,All Ages,Los Angeles
2019,91206,89,29.5,All Ages,Los Angeles
2019,91207,23,27.6,All Ages,Los Angeles
2019,91208,28,18.4,All Ages,Los Angeles
2019,91214,71,25.6,All Ages,Los Angeles
2019,91301,31,12.4,All Ages,Los Angeles
2019,91302,38,14.8,All Ages,Los Angeles
2019,91303,181,63.3,All Ages,Los Angeles
2019,91304,268,55,All Ages,Los Angeles
2019,91306,210,45.7,All Ages,Los Angeles
2019,91307,95,40.2,All Ages,Los Angeles
2019,91311,129,36.7,All Ages,Los Angeles
2019,91316,144,56.2,All Ages,Los Angeles
2019,91320,81,19.3,All Ages,Ventura
2019,91321,90,24.2,All Ages,Los Angeles
2019,91324,133,45.5,All Ages,Los Angeles
2019,91325,135,39.5,All Ages,Los Angeles
2019,91326,63,19.7,All Ages,Los Angeles
2019,91331,597,55.5,All Ages,Los Angeles
2019,91335,452,61.2,All Ages,Los Angeles
2019,91340,215,58,All Ages,Los Angeles
2019,91342,462,46.6,All Ages,Los Angeles
2019,91343,378,60.8,All Ages,Los Angeles
2019,91344,180,37.6,All Ages,Los Angeles
2019,91345,84,44.5,All Ages,Los Angeles
2019,91350,86,22.9,All Ages,Los Angeles
2019,91351,95,28.2,All Ages,Los Angeles
2019,91352,232,46.7,All Ages,Los Angeles
2019,91354,34,10.7,All Ages,Los Angeles
2019,91355,64,18.7,All Ages,Los Angeles
2019,91356,118,42.1,All Ages,Los Angeles
2019,91360,87,21.4,All Ages,Ventura
2019,91361,32,16.5,All Ages,Ventura
2019,91362,57,18.2,All Ages,Ventura
2019,91364,71,29.6,All Ages,Los Angeles
2019,91367,112,28.6,All Ages,Los Angeles
2019,91377,19,15.4,All Ages,Ventura
2019,91381,33,17.5,All Ages,Los Angeles
2019,91384,59,19.9,All Ages,Los Angeles
2019,91387,145,33,All Ages,Los Angeles
2019,91390,38,18.4,All Ages,Los Angeles
2019,91401,178,44,All Ages,Los Angeles
2019,91402,494,67.3,All Ages,Los Angeles
2019,91403,74,28.5,All Ages,Los Angeles
2019,91405,410,82.2,All Ages,Los Angeles
2019,91406,314,56.3,All Ages,Los Angeles
2019,91411,133,52.1,All Ages,Los Angeles
2019,91423,78,28.8,All Ages,Los Angeles
2019,91436,33,23.2,All Ages,Los Angeles
2019,91501,56,28.6,All Ages,Los Angeles
2019,91502,31,31.8,All Ages,Los Angeles
2019,91504,63,26.7,All Ages,Los Angeles
2019,91505,77,25.8,All Ages,Los Angeles
2019,91506,46,28.1,All Ages,Los Angeles
2019,91601,180,45.1,All Ages,Los Angeles
2019,91602,35,24.5,All Ages,Los Angeles
2019,91604,54,20.5,All Ages,Los Angeles
2019,91605,309,53.7,All Ages,Los Angeles
2019,91606,202,44.1,All Ages,Los Angeles
2019,91607,87,30.9,All Ages,Los Angeles
2019,91701,79,20.9,All Ages,San Bernardino
2019,91702,405,63.1,All Ages,Los Angeles
2019,91706,458,59.5,All Ages,Los Angeles
2019,91708,28,24.9,All Ages,San Bernardino
2019,91709,184,22.5,All Ages,San Bernardino
2019,91710,302,37,All Ages,San Bernardino
2019,91711,70,21.7,All Ages,Los Angeles
2019,91722,228,61.9,All Ages,Los Angeles
2019,91723,134,66.1,All Ages,Los Angeles
2019,91724,146,58.3,All Ages,Los Angeles
2019,91730,234,35.1,All Ages,San Bernardino
2019,91731,139,50.3,All Ages,Los Angeles
2019,91732,324,50.8,All Ages,Los Angeles
2019,91733,241,51.3,All Ages,Los Angeles
2019,91737,61,26.6,All Ages,San Bernardino
2019,91739,95,22,All Ages,San Bernardino
2019,91740,124,50.9,All Ages,Los Angeles
2019,91741,91,38.9,All Ages,Los Angeles
2019,91744,514,59.6,All Ages,Los Angeles
2019,91745,139,28,All Ages,Los Angeles
2019,91746,140,43.3,All Ages,Los Angeles
2019,91748,108,26.6,All Ages,Los Angeles
2019,91750,81,28.3,All Ages,Los Angeles
2019,91752,125,32.6,All Ages,Riverside
2019,91754,115,38.2,All Ages,Los Angeles
2019,91755,62,23.7,All Ages,Los Angeles
2019,91761,271,41.3,All Ages,San Bernardino
2019,91762,320,52.8,All Ages,San Bernardino
2019,91763,219,53.3,All Ages,San Bernardino
2019,91764,319,55,All Ages,San Bernardino
2019,91765,88,20.7,All Ages,Los Angeles
2019,91766,435,57.2,All Ages,Los Angeles
2019,91767,337,67.2,All Ages,Los Angeles
2019,91768,201,60.4,All Ages,Los Angeles
2019,91770,175,29.3,All Ages,Los Angeles
2019,91773,104,34.4,All Ages,Los Angeles
2019,91775,38,17.6,All Ages,Los Angeles
2019,91776,123,35.2,All Ages,Los Angeles
2019,91780,71,23.3,All Ages,Los Angeles
2019,91784,43,17.9,All Ages,San Bernardino
2019,91786,245,44.6,All Ages,San Bernardino
2019,91789,83,21.6,All Ages,Los Angeles
2019,91790,211,44.5,All Ages,Los Angeles
2019,91791,134,40.7,All Ages,Los Angeles
2019,91792,115,40.5,All Ages,Los Angeles
2019,91801,151,28.8,All Ages,Los Angeles
2019,91803,96,36.4,All Ages,Los Angeles
2019,91901,35,22.9,All Ages,San Diego
2019,91902,51,31.7,All Ages,San Diego
2019,91906,17,50.7,All Ages,San Diego
2019,91910,346,44.9,All Ages,San Diego
2019,91911,425,48.9,All Ages,San Diego
2019,91913,128,23.9,All Ages,San Diego
2019,91914,29,18.7,All Ages,San Diego
2019,91915,75,23.4,All Ages,San Diego
2019,91932,95,34.9,All Ages,San Diego
2019,91935,19,24.1,All Ages,San Diego
2019,91941,82,27.4,All Ages,San Diego
2019,91942,128,34.8,All Ages,San Diego
2019,91945,121,46.6,All Ages,San Diego
2019,91950,432,75.2,All Ages,San Diego
2019,91977,337,56.4,All Ages,San Diego
2019,91978,36,34.7,All Ages,San Diego
2019,92008,45,16.6,All Ages,San Diego
2019,92009,36,7.7,All Ages,San Diego
2019,92010,36,20.9,All Ages,San Diego
2019,92011,23,9.8,All Ages,San Diego
2019,92014,13,11.6,All Ages,San Diego
2019,92019,114,28.9,All Ages,San Diego
2019,92020,263,43.6,All Ages,San Diego
2019,92021,312,46.7,All Ages,San Diego
2019,92024,60,12.5,All Ages,San Diego
2019,92025,151,27,All Ages,San Diego
2019,92026,114,22,All Ages,San Diego
2019,92027,172,29.8,All Ages,San Diego
2019,92028,122,26.5,All Ages,San Diego
2019,92029,38,19.2,All Ages,San Diego
2019,92037,58,15.4,All Ages,San Diego
2019,92040,158,39.3,All Ages,San Diego
2019,92054,120,27.6,All Ages,San Diego
2019,92056,110,20.9,All Ages,San Diego
2019,92057,134,23.4,All Ages,San Diego
2019,92058,74,22.1,All Ages,San Diego
2019,92064,84,18.4,All Ages,San Diego
2019,92065,77,23.1,All Ages,San Diego
2019,92069,117,21.7,All Ages,San Diego
2019,92071,148,26.1,All Ages,San Diego
2019,92078,67,13.7,All Ages,San Diego
2019,92081,45,16.3,All Ages,San Diego
2019,92082,64,34.6,All Ages,San Diego
2019,92083,112,26.1,All Ages,San Diego
2019,92084,131,26,All Ages,San Diego
2019,92101,174,47.6,All Ages,San Diego
2019,92102,249,55.2,All Ages,San Diego
2019,92103,75,29.3,All Ages,San Diego
2019,92104,147,34.1,All Ages,San Diego
2019,92105,364,49.7,All Ages,San Diego
2019,92106,23,11,All Ages,San Diego
2019,92107,47,20.9,All Ages,San Diego
2019,92108,79,43.5,All Ages,San Diego
2019,92109,74,23.3,All Ages,San Diego
2019,92110,72,30,All Ages,San Diego
2019,92111,212,46.9,All Ages,San Diego
2019,92113,415,72.4,All Ages,San Diego
2019,92114,429,67.5,All Ages,San Diego
2019,92115,263,48.6,All Ages,San Diego
2019,92116,71,23,All Ages,San Diego
2019,92117,141,30.4,All Ages,San Diego
2019,92118,40,24.5,All Ages,San Diego
2019,92119,56,28.4,All Ages,San Diego
2019,92120,79,29.4,All Ages,San Diego
2019,92122,42,12.3,All Ages,San Diego
2019,92123,94,33.2,All Ages,San Diego
2019,92124,64,20.4,All Ages,San Diego
2019,92126,170,24,All Ages,San Diego
2019,92127,56,11.7,All Ages,San Diego
2019,92128,72,15.7,All Ages,San Diego
2019,92129,81,15,All Ages,San Diego
2019,92130,58,10.5,All Ages,San Diego
2019,92131,46,14,All Ages,San Diego
2019,92139,165,47.7,All Ages,San Diego
2019,92154,303,35.4,All Ages,San Diego
2019,92173,131,42.8,All Ages,San Diego
2019,92201,236,36,All Ages,Riverside
2019,92203,48,15.8,All Ages,Riverside
2019,92211,21,16.2,All Ages,Riverside
2019,92220,172,61.2,All Ages,Riverside
2019,92223,205,39,All Ages,Riverside
2019,92225,149,66.2,All Ages,Riverside
2019,92227,332,117.2,All Ages,Imperial
2019,92230,37,120.5,All Ages,Riverside
2019,92231,169,42.2,All Ages,Imperial
2019,92233,48,89.5,All Ages,Imperial
2019,92234,98,19.5,All Ages,Riverside
2019,92236,159,33.8,All Ages,Riverside
2019,92240,197,51.8,All Ages,Riverside
2019,92241,26,37.9,All Ages,Riverside
2019,92243,381,71.2,All Ages,Imperial
2019,92249,32,41.6,All Ages,Imperial
2019,92250,41,49.5,All Ages,Imperial
2019,92251,140,62.5,All Ages,Imperial
2019,92252,44,53.6,All Ages,San Bernardino
2019,92253,91,30.1,All Ages,Riverside
2019,92254,31,21.6,All Ages,Riverside
2019,92260,29,10.6,All Ages,Riverside
2019,92262,95,42.2,All Ages,Riverside
2019,92264,33,24.7,All Ages,Riverside
2019,92270,19,19.5,All Ages,Riverside
2019,92274,51,17.4,All Ages,Riverside
2019,92276,16,23.9,All Ages,Riverside
2019,92277,88,39.6,All Ages,San Bernardino
2019,92281,28,96.1,All Ages,Imperial
2019,92284,116,50.3,All Ages,San Bernardino
2019,92301,328,86.5,All Ages,San Bernardino
2019,92307,289,74.2,All Ages,San Bernardino
2019,92308,231,58.4,All Ages,San Bernardino
2019,92311,437,138.6,All Ages,San Bernardino
2019,92313,60,48.5,All Ages,San Bernardino
2019,92314,56,53.8,All Ages,San Bernardino
2019,92315,47,104,All Ages,San Bernardino
2019,92316,138,40.6,All Ages,San Bernardino
2019,92320,25,35,All Ages,Riverside
2019,92324,304,49.2,All Ages,San Bernardino
2019,92325,42,53.3,All Ages,San Bernardino
2019,92335,455,42.3,All Ages,San Bernardino
2019,92336,270,27.4,All Ages,San Bernardino
2019,92337,123,30.3,All Ages,San Bernardino
2019,92342,37,64.6,All Ages,San Bernardino
2019,92344,82,35.4,All Ages,San Bernardino
2019,92345,389,47.2,All Ages,San Bernardino
2019,92346,249,43.2,All Ages,San Bernardino
2019,92352,16,20.5,All Ages,San Bernardino
2019,92354,73,30.8,All Ages,San Bernardino
2019,92356,19,31.5,All Ages,San Bernardino
2019,92359,34,45.4,All Ages,San Bernardino
2019,92363,36,75.9,All Ages,San Bernardino
2019,92365,15,52.9,All Ages,San Bernardino
2019,92371,32,19.3,All Ages,San Bernardino
2019,92373,81,27.2,All Ages,San Bernardino
2019,92374,143,33.8,All Ages,San Bernardino
2019,92376,463,55.4,All Ages,San Bernardino
2019,92377,94,45.8,All Ages,San Bernardino
2019,92382,25,53,All Ages,San Bernardino
2019,92386,15,87.5,All Ages,San Bernardino
2019,92391,14,50.4,All Ages,San Bernardino
2019,92392,397,66.8,All Ages,San Bernardino
2019,92394,271,68.8,All Ages,San Bernardino
2019,92395,385,85.4,All Ages,San Bernardino
2019,92399,129,23.8,All Ages,San Bernardino
2019,92401,31,144.9,All Ages,San Bernardino
2019,92404,568,94.4,All Ages,San Bernardino
2019,92405,323,105.1,All Ages,San Bernardino
2019,92407,468,74,All Ages,San Bernardino
2019,92408,84,53.4,All Ages,San Bernardino
2019,92410,523,99.3,All Ages,San Bernardino
2019,92411,265,98.9,All Ages,San Bernardino
2019,92501,148,66.6,All Ages,Riverside
2019,92503,427,43.1,All Ages,Riverside
2019,92504,259,45.8,All Ages,Riverside
2019,92505,239,48.2,All Ages,Riverside
2019,92506,178,41.1,All Ages,Riverside
2019,92507,240,46.3,All Ages,Riverside
2019,92508,81,22.8,All Ages,Riverside
2019,92509,331,40.3,All Ages,Riverside
2019,92530,251,42.1,All Ages,Riverside
2019,92532,86,31.3,All Ages,Riverside
2019,92539,17,43.9,All Ages,Riverside
2019,92543,246,77.8,All Ages,Riverside
2019,92544,231,50.7,All Ages,Riverside
2019,92545,204,50.7,All Ages,Riverside
2019,92548,31,47.4,All Ages,Riverside
2019,92551,194,53.2,All Ages,Riverside
2019,92553,487,63.1,All Ages,Riverside
2019,92555,213,47.7,All Ages,Riverside
2019,92557,269,52,All Ages,Riverside
2019,92562,196,30.3,All Ages,Riverside
2019,92563,251,33.5,All Ages,Riverside
2019,92567,25,22.9,All Ages,Riverside
2019,92570,311,50.2,All Ages,Riverside
2019,92571,268,46.5,All Ages,Riverside
2019,92582,81,40.9,All Ages,Riverside
2019,92583,182,56.3,All Ages,Riverside
2019,92584,194,37.3,All Ages,Riverside
2019,92585,106,44.8,All Ages,Riverside
2019,92586,79,56.5,All Ages,Riverside
2019,92587,61,34.7,All Ages,Riverside
2019,92591,93,19.9,All Ages,Riverside
2019,92592,153,19.6,All Ages,Riverside
2019,92595,158,46,All Ages,Riverside
2019,92596,92,27.8,All Ages,Riverside
2019,92602,34,13.7,All Ages,Orange
2019,92603,15,7.4,All Ages,Orange
2019,92604,45,18.7,All Ages,Orange
2019,92606,45,19.9,All Ages,Orange
2019,92610,12,11.8,All Ages,Orange
2019,92612,40,13,All Ages,Orange
2019,92614,50,19.9,All Ages,Orange
2019,92617,16,20.6,All Ages,Orange
2019,92618,75,20.3,All Ages,Orange
2019,92620,82,15.8,All Ages,Orange
2019,92624,24,29.5,All Ages,Orange
2019,92626,97,21.1,All Ages,Orange
2019,92627,228,34.9,All Ages,Orange
2019,92629,48,17.5,All Ages,Orange
2019,92630,109,17.2,All Ages,Orange
2019,92637,36,39.6,All Ages,Orange
2019,92646,104,18.9,All Ages,Orange
2019,92647,191,32.2,All Ages,Orange
2019,92648,82,19.2,All Ages,Orange
2019,92649,56,18.9,All Ages,Orange
2019,92651,33,13.3,All Ages,Orange
2019,92653,58,21.9,All Ages,Orange
2019,92655,36,46.7,All Ages,Orange
2019,92656,86,17.6,All Ages,Orange
2019,92660,61,18.3,All Ages,Orange
2019,92663,39,21.2,All Ages,Orange
2019,92672,52,13.6,All Ages,Orange
2019,92673,41,15.4,All Ages,Orange
2019,92675,68,18.9,All Ages,Orange
2019,92677,99,15.8,All Ages,Orange
2019,92679,40,12.5,All Ages,Orange
2019,92683,245,27.2,All Ages,Orange
2019,92688,69,14.8,All Ages,Orange
2019,92691,99,21.8,All Ages,Orange
2019,92692,80,17.9,All Ages,Orange
2019,92694,40,13.7,All Ages,Orange
2019,92701,251,43.5,All Ages,Orange
2019,92703,306,42.3,All Ages,Orange
2019,92704,328,34.4,All Ages,Orange
2019,92705,138,32,All Ages,Orange
2019,92706,146,38.6,All Ages,Orange
2019,92707,241,36.8,All Ages,Orange
2019,92708,143,27.5,All Ages,Orange
2019,92780,171,29.8,All Ages,Orange
2019,92782,40,13.9,All Ages,Orange
2019,92801,237,36.1,All Ages,Orange
2019,92802,160,33.9,All Ages,Orange
2019,92804,347,38.6,All Ages,Orange
2019,92805,291,37,All Ages,Orange
2019,92806,155,38.7,All Ages,Orange
2019,92807,81,24.4,All Ages,Orange
2019,92808,24,12.6,All Ages,Orange
2019,92821,97,25.1,All Ages,Orange
2019,92831,112,33.4,All Ages,Orange
2019,92832,92,35.6,All Ages,Orange
2019,92833,153,29.2,All Ages,Orange
2019,92835,39,16.9,All Ages,Orange
2019,92840,174,30.4,All Ages,Orange
2019,92841,108,33,All Ages,Orange
2019,92843,213,44.7,All Ages,Orange
2019,92844,49,20.9,All Ages,Orange
2019,92845,27,19.5,All Ages,Orange
2019,92860,67,26.1,All Ages,Riverside
2019,92865,62,30.7,All Ages,Orange
2019,92866,39,27.1,All Ages,Orange
2019,92867,118,26.8,All Ages,Orange
2019,92868,81,33.3,All Ages,Orange
2019,92869,77,19.7,All Ages,Orange
2019,92870,141,28,All Ages,Orange
2019,92879,174,35.1,All Ages,Riverside
2019,92880,210,25.5,All Ages,Riverside
2019,92881,79,24.8,All Ages,Riverside
2019,92882,236,32.1,All Ages,Riverside
2019,92883,89,25.5,All Ages,Riverside
2019,92886,100,22.1,All Ages,Orange
2019,92887,30,18,All Ages,Orange
2019,93001,129,41,All Ages,Ventura
2019,93003,127,27.7,All Ages,Ventura
2019,93004,73,26.7,All Ages,Ventura
2019,93010,118,28,All Ages,Ventura
2019,93012,68,19.5,All Ages,Ventura
2019,93013,23,13.4,All Ages,Santa Barbara
2019,93015,36,19.3,All Ages,Ventura
2019,93021,80,21.8,All Ages,Ventura
2019,93022,24,46.8,All Ages,Ventura
2019,93023,47,23.7,All Ages,Ventura
2019,93030,265,41.2,All Ages,Ventura
2019,93033,262,30.4,All Ages,Ventura
2019,93035,77,28.9,All Ages,Ventura
2019,93036,175,35.1,All Ages,Ventura
2019,93041,74,33,All Ages,Ventura
2019,93060,136,37.7,All Ages,Ventura
2019,93063,181,34.4,All Ages,Ventura
2019,93065,214,30.5,All Ages,Ventura
2019,93101,70,23.2,All Ages,Santa Barbara
2019,93103,45,24.8,All Ages,Santa Barbara
2019,93105,63,26.7,All Ages,Santa Barbara
2019,93109,23,15.4,All Ages,Santa Barbara
2019,93110,17,9,All Ages,Santa Barbara
2019,93111,38,23.2,All Ages,Santa Barbara
2019,93117,81,17.9,All Ages,Santa Barbara
2019,93202,28,90.8,All Ages,Kings
2019,93203,88,38.8,All Ages,Kern
2019,93204,36,24.9,All Ages,Kings
2019,93210,64,37,All Ages,Fresno
2019,93212,86,39.2,All Ages,Kings
2019,93215,233,44.3,All Ages,Kern
2019,93219,49,35.5,All Ages,Tulare
2019,93221,42,27.3,All Ages,Tulare
2019,93223,31,28,All Ages,Tulare
2019,93230,424,58.1,All Ages,Kings
2019,93234,22,21.7,All Ages,Fresno
2019,93235,13,26.1,All Ages,Tulare
2019,93240,35,73.2,All Ages,Kern
2019,93241,69,34.7,All Ages,Kern
2019,93242,22,55.1,All Ages,Fresno
2019,93245,152,34.6,All Ages,Kings
2019,93247,81,40.3,All Ages,Tulare
2019,93250,70,49.4,All Ages,Kern
2019,93256,23,28.1,All Ages,Tulare
2019,93257,362,42.9,All Ages,Tulare
2019,93261,13,65.6,All Ages,Tulare
2019,93263,62,27.5,All Ages,Kern
2019,93267,23,33.8,All Ages,Tulare
2019,93268,26,13.4,All Ages,Kern
2019,93270,22,31,All Ages,Tulare
2019,93272,20,56.7,All Ages,Tulare
2019,93274,414,52.6,All Ages,Tulare
2019,93277,157,31.2,All Ages,Tulare
2019,93280,84,26.4,All Ages,Kern
2019,93283,15,123,All Ages,Kern
2019,93285,15,93.1,All Ages,Kern
2019,93286,19,18.6,All Ages,Tulare
2019,93291,198,30.8,All Ages,Tulare
2019,93292,124,29.2,All Ages,Tulare
2019,93301,205,168.8,All Ages,Kern
2019,93304,468,91.5,All Ages,Kern
2019,93305,313,80.1,All Ages,Kern
2019,93306,356,50.6,All Ages,Kern
2019,93307,557,57.6,All Ages,Kern
2019,93308,303,55.9,All Ages,Kern
2019,93309,273,46.6,All Ages,Kern
2019,93311,116,23,All Ages,Kern
2019,93312,114,19.7,All Ages,Kern
2019,93313,171,29.8,All Ages,Kern
2019,93314,40,12.3,All Ages,Kern
2019,93401,65,23.3,All Ages,San Luis Obispo
2019,93402,35,31.1,All Ages,San Luis Obispo
2019,93405,42,20.8,All Ages,San Luis Obispo
2019,93420,84,34.5,All Ages,San Luis Obispo
2019,93422,91,28.9,All Ages,San Luis Obispo
2019,93433,46,37,All Ages,San Luis Obispo
2019,93434,27,32.5,All Ages,Santa Barbara
2019,93436,250,45.4,All Ages,Santa Barbara
2019,93442,36,35.1,All Ages,San Luis Obispo
2019,93444,52,25.5,All Ages,San Luis Obispo
2019,93445,44,60,All Ages,San Luis Obispo
2019,93446,122,26.2,All Ages,San Luis Obispo
2019,93451,19,41.3,All Ages,San Luis Obispo
2019,93454,181,48.2,All Ages,Santa Barbara
2019,93455,111,28.1,All Ages,Santa Barbara
2019,93458,217,34.8,All Ages,Santa Barbara
2019,93460,12,24.6,All Ages,Santa Barbara
2019,93463,19,25.7,All Ages,Santa Barbara
2019,93465,25,23.7,All Ages,San Luis Obispo
2019,93501,50,88,All Ages,Kern
2019,93505,81,58.2,All Ages,Kern
2019,93510,24,40.5,All Ages,Los Angeles
2019,93514,66,55.4,All Ages,Inyo
2019,93516,12,61.6,All Ages,Kern
2019,93534,477,114.8,All Ages,Los Angeles
2019,93535,956,122,All Ages,Los Angeles
2019,93536,332,45.3,All Ages,Los Angeles
2019,93543,77,60.2,All Ages,Los Angeles
2019,93546,47,52.9,All Ages,Mono
2019,93550,715,86.9,All Ages,Los Angeles
2019,93551,228,44.6,All Ages,Los Angeles
2019,93552,259,59.9,All Ages,Los Angeles
2019,93555,190,60.9,All Ages,Kern
2019,93560,107,53.1,All Ages,Kern
2019,93561,123,38.6,All Ages,Kern
2019,93562,17,138.8,All Ages,San Bernardino
2019,93591,62,77.6,All Ages,Los Angeles
2019,93609,39,64.1,All Ages,Fresno
2019,93610,87,39.9,All Ages,Madera
2019,93611,134,29.4,All Ages,Fresno
2019,93612,263,74.5,All Ages,Fresno
2019,93614,39,39.1,All Ages,Madera
2019,93615,26,39.7,All Ages,Tulare
2019,93616,27,105.1,All Ages,Fresno
2019,93618,208,61.9,All Ages,Tulare
2019,93619,70,16.6,All Ages,Fresno
2019,93620,83,75.2,All Ages,Merced
2019,93622,55,55.4,All Ages,Fresno
2019,93625,46,55,All Ages,Fresno
2019,93630,94,39.9,All Ages,Fresno
2019,93631,88,50.2,All Ages,Fresno
2019,93635,369,83.9,All Ages,Merced
2019,93636,44,41.7,All Ages,Madera
2019,93637,234,56.5,All Ages,Madera
2019,93638,339,56.8,All Ages,Madera
2019,93640,72,44.3,All Ages,Fresno
2019,93644,25,37,All Ages,Madera
2019,93646,78,52.2,All Ages,Fresno
2019,93647,80,64.6,All Ages,Tulare
2019,93648,211,109.5,All Ages,Fresno
2019,93650,38,105.9,All Ages,Fresno
2019,93654,215,66.2,All Ages,Fresno
2019,93656,33,45.2,All Ages,Fresno
2019,93657,184,46.9,All Ages,Fresno
2019,93660,16,39.5,All Ages,Fresno
2019,93662,299,89.1,All Ages,Fresno
2019,93675,12,34.9,All Ages,Fresno
2019,93701,195,152.8,All Ages,Fresno
2019,93702,512,102.1,All Ages,Fresno
2019,93703,367,98.4,All Ages,Fresno
2019,93704,208,82.6,All Ages,Fresno
2019,93705,378,92,All Ages,Fresno
2019,93706,443,95.3,All Ages,Fresno
2019,93710,204,75.6,All Ages,Fresno
2019,93711,108,34.3,All Ages,Fresno
2019,93720,151,33.6,All Ages,Fresno
2019,93721,73,109.2,All Ages,Fresno
2019,93722,586,67,All Ages,Fresno
2019,93723,49,40.2,All Ages,Fresno
2019,93725,208,71,All Ages,Fresno
2019,93726,326,77.8,All Ages,Fresno
2019,93727,449,53.9,All Ages,Fresno
2019,93728,121,73.8,All Ages,Fresno
2019,93730,22,17,All Ages,Fresno
2019,93737,19,34.5,All Ages,Fresno
2019,93901,190,72.3,All Ages,Monterey
2019,93905,358,50.3,All Ages,Monterey
2019,93906,311,49.6,All Ages,Monterey
2019,93907,88,42.1,All Ages,Monterey
2019,93908,17,12.9,All Ages,Monterey
2019,93923,19,28.1,All Ages,Monterey
2019,93926,49,44,All Ages,Monterey
2019,93927,75,34.9,All Ages,Monterey
2019,93930,60,34.8,All Ages,Monterey
2019,93933,78,30.9,All Ages,Monterey
2019,93940,50,18.1,All Ages,Monterey
2019,93950,27,16.9,All Ages,Monterey
2019,93955,112,33.2,All Ages,Monterey
2019,93960,64,23.7,All Ages,Monterey
2019,94002,59,23.8,All Ages,San Mateo
2019,94005,21,49.6,All Ages,San Mateo
2019,94010,64,16,All Ages,San Mateo
2019,94014,175,35,All Ages,San Mateo
2019,94015,221,36.8,All Ages,San Mateo
2019,94019,58,30.9,All Ages,San Mateo
2019,94022,16,10.5,All Ages,Santa Clara
2019,94025,72,15.8,All Ages,San Mateo
2019,94030,56,23.7,All Ages,San Mateo
2019,94040,42,12.2,All Ages,Santa Clara
2019,94041,13,9.7,All Ages,Santa Clara
2019,94043,53,18.1,All Ages,Santa Clara
2019,94044,144,38.2,All Ages,San Mateo
2019,94061,86,23.3,All Ages,San Mateo
2019,94062,40,16.6,All Ages,San Mateo
2019,94063,207,59.3,All Ages,San Mateo
2019,94066,130,30.3,All Ages,San Mateo
2019,94070,52,17.2,All Ages,San Mateo
2019,94080,196,31.3,All Ages,San Mateo
2019,94085,43,20.2,All Ages,Santa Clara
2019,94086,65,13.4,All Ages,Santa Clara
2019,94087,38,6.8,All Ages,Santa Clara
2019,94089,35,16.8,All Ages,Santa Clara
2019,94102,228,67.1,All Ages,San Francisco
2019,94103,166,49.8,All Ages,San Francisco
2019,94105,13,8.3,All Ages,San Francisco
2019,94107,83,33.3,All Ages,San Francisco
2019,94108,20,20.6,All Ages,San Francisco
2019,94109,132,33.3,All Ages,San Francisco
2019,94110,291,45.5,All Ages,San Francisco
2019,94112,271,35.7,All Ages,San Francisco
2019,94114,47,19.3,All Ages,San Francisco
2019,94115,132,42.7,All Ages,San Francisco
2019,94116,89,23.5,All Ages,San Francisco
2019,94117,84,28.6,All Ages,San Francisco
2019,94118,61,16.3,All Ages,San Francisco
2019,94121,80,21.9,All Ages,San Francisco
2019,94122,88,20,All Ages,San Francisco
2019,94123,21,12.6,All Ages,San Francisco
2019,94124,331,82.8,All Ages,San Francisco
2019,94127,30,19.5,All Ages,San Francisco
2019,94130,34,156.4,All Ages,San Francisco
2019,94131,73,30,All Ages,San Francisco
2019,94132,93,39.5,All Ages,San Francisco
2019,94133,65,26.8,All Ages,San Francisco
2019,94134,177,49.6,All Ages,San Francisco
2019,94158,27,42.8,All Ages,San Francisco
2019,94301,15,8.4,All Ages,Santa Clara
2019,94303,206,43.9,All Ages,Santa Clara
2019,94306,25,9.5,All Ages,Santa Clara
2019,94401,136,39.3,All Ages,San Mateo
2019,94402,47,19.9,All Ages,San Mateo
2019,94403,98,22.8,All Ages,San Mateo
2019,94404,37,10.4,All Ages,San Mateo
2019,94501,265,45.6,All Ages,Alameda
2019,94502,28,24.6,All Ages,Alameda
2019,94503,97,42.1,All Ages,Napa
2019,94505,46,31.3,All Ages,Contra Costa
2019,94506,31,12.6,All Ages,Contra Costa
2019,94507,24,17.2,All Ages,Contra Costa
2019,94509,801,123.6,All Ages,Contra Costa
2019,94510,100,37,All Ages,Solano
2019,94511,17,119.9,All Ages,Contra Costa
2019,94513,315,46.4,All Ages,Contra Costa
2019,94515,15,21,All Ages,Napa
2019,94517,30,25.3,All Ages,Contra Costa
2019,94518,112,39.7,All Ages,Contra Costa
2019,94519,84,44.5,All Ages,Contra Costa
2019,94520,243,61.1,All Ages,Contra Costa
2019,94521,172,38.8,All Ages,Contra Costa
2019,94523,66,21.3,All Ages,Contra Costa
2019,94525,25,84.2,All Ages,Contra Costa
2019,94526,48,15.8,All Ages,Contra Costa
2019,94530,64,30.2,All Ages,Contra Costa
2019,94531,311,71.7,All Ages,Contra Costa
2019,94533,620,84,All Ages,Solano
2019,94534,147,36.9,All Ages,Solano
2019,94536,247,34.1,All Ages,Alameda
2019,94538,210,33,All Ages,Alameda
2019,94539,80,17.3,All Ages,Alameda
2019,94541,400,59.9,All Ages,Alameda
2019,94542,60,45.6,All Ages,Alameda
2019,94544,506,66,All Ages,Alameda
2019,94545,165,51.6,All Ages,Alameda
2019,94546,139,33.7,All Ages,Alameda
2019,94547,92,37.5,All Ages,Contra Costa
2019,94549,34,13.7,All Ages,Contra Costa
2019,94550,91,18.8,All Ages,Alameda
2019,94551,90,23.3,All Ages,Alameda
2019,94552,20,15.8,All Ages,Alameda
2019,94553,206,43.2,All Ages,Contra Costa
2019,94555,83,21.5,All Ages,Alameda
2019,94556,14,13.2,All Ages,Contra Costa
2019,94558,232,36.5,All Ages,Napa
2019,94559,116,42.6,All Ages,Napa
2019,94560,163,34.4,All Ages,Alameda
2019,94561,228,52.9,All Ages,Contra Costa
2019,94563,24,16.3,All Ages,Contra Costa
2019,94564,65,37.7,All Ages,Contra Costa
2019,94565,914,95.8,All Ages,Contra Costa
2019,94566,61,15.1,All Ages,Alameda
2019,94568,150,23.4,All Ages,Alameda
2019,94571,46,67.4,All Ages,Solano
2019,94572,55,61.7,All Ages,Contra Costa
2019,94574,12,13.5,All Ages,Napa
2019,94577,237,52,All Ages,Alameda
2019,94578,233,58.7,All Ages,Alameda
2019,94579,62,32.4,All Ages,Alameda
2019,94580,168,58,All Ages,Alameda
2019,94582,70,16,All Ages,Contra Costa
2019,94583,77,22.3,All Ages,Contra Costa
2019,94585,235,78.9,All Ages,Solano
2019,94587,284,39.3,All Ages,Alameda
2019,94588,46,14.6,All Ages,Alameda
2019,94589,346,115.4,All Ages,Solano
2019,94590,424,118.8,All Ages,Solano
2019,94591,401,76.8,All Ages,Solano
2019,94595,21,8.8,All Ages,Contra Costa
2019,94596,54,26.6,All Ages,Contra Costa
2019,94597,48,25,All Ages,Contra Costa
2019,94598,43,18.1,All Ages,Contra Costa
2019,94601,436,79.5,All Ages,Alameda
2019,94602,154,54.8,All Ages,Alameda
2019,94603,424,123.2,All Ages,Alameda
2019,94605,455,112.9,All Ages,Alameda
2019,94606,249,71.1,All Ages,Alameda
2019,94607,250,93.9,All Ages,Alameda
2019,94608,220,81.1,All Ages,Alameda
2019,94609,149,71.9,All Ages,Alameda
2019,94610,97,39,All Ages,Alameda
2019,94611,79,21.6,All Ages,Alameda
2019,94612,118,93.9,All Ages,Alameda
2019,94618,21,15.7,All Ages,Alameda
2019,94619,139,62,All Ages,Alameda
2019,94621,411,126.7,All Ages,Alameda
2019,94702,74,45.7,All Ages,Alameda
2019,94703,112,60.1,All Ages,Alameda
2019,94704,44,48.5,All Ages,Alameda
2019,94705,41,39.1,All Ages,Alameda
2019,94706,41,22.4,All Ages,Alameda
2019,94707,13,13.4,All Ages,Alameda
2019,94709,17,31.9,All Ages,Alameda
2019,94710,49,58.6,All Ages,Alameda
2019,94801,424,125,All Ages,Contra Costa
2019,94803,93,38.8,All Ages,Contra Costa
2019,94804,427,103.5,All Ages,Contra Costa
2019,94805,93,66.9,All Ages,Contra Costa
2019,94806,510,83.3,All Ages,Contra Costa
2019,94901,114,28.6,All Ages,Marin
2019,94903,58,22.3,All Ages,Marin
2019,94904,22,13.6,All Ages,Marin
2019,94925,16,19,All Ages,Marin
2019,94928,130,30.3,All Ages,Sonoma
2019,94930,14,15.3,All Ages,Marin
2019,94931,24,30.1,All Ages,Sonoma
2019,94941,37,10.9,All Ages,Marin
2019,94945,51,33.2,All Ages,Marin
2019,94947,71,31,All Ages,Marin
2019,94949,42,24.7,All Ages,Marin
2019,94951,14,46.3,All Ages,Sonoma
2019,94952,77,24.9,All Ages,Sonoma
2019,94954,124,31.9,All Ages,Sonoma
2019,94960,16,11.2,All Ages,Marin
2019,94965,49,61.1,All Ages,Marin
2019,95003,34,14.3,All Ages,Santa Cruz
2019,95006,15,17.1,All Ages,Santa Cruz
2019,95008,77,15.6,All Ages,Santa Clara
2019,95010,19,21.7,All Ages,Santa Cruz
2019,95012,56,47.7,All Ages,Monterey
2019,95014,43,7.2,All Ages,Santa Clara
2019,95018,13,21.3,All Ages,Santa Cruz
2019,95019,39,49.8,All Ages,Santa Cruz
2019,95020,289,44.2,All Ages,Santa Clara
2019,95023,306,57.3,All Ages,San Benito
2019,95032,48,15.8,All Ages,Santa Clara
2019,95033,18,15.2,All Ages,Santa Cruz
2019,95035,138,17.1,All Ages,Santa Clara
2019,95037,131,25.2,All Ages,Santa Clara
2019,95045,22,55.7,All Ages,San Benito
2019,95046,33,50.5,All Ages,Santa Clara
2019,95050,88,21.9,All Ages,Santa Clara
2019,95051,100,15.3,All Ages,Santa Clara
2019,95054,46,22.6,All Ages,Santa Clara
2019,95060,88,20.6,All Ages,Santa Cruz
2019,95062,60,16.6,All Ages,Santa Cruz
2019,95065,20,26.8,All Ages,Santa Cruz
2019,95066,20,14.4,All Ages,Santa Cruz
2019,95070,24,6.9,All Ages,Santa Clara
2019,95073,25,26.7,All Ages,Santa Cruz
2019,95076,412,46.2,All Ages,Santa Cruz
2019,95110,44,22,All Ages,Santa Clara
2019,95111,239,38.4,All Ages,Santa Clara
2019,95112,191,33.1,All Ages,Santa Clara
2019,95113,53,350.4,All Ages,Santa Clara
2019,95116,272,50,All Ages,Santa Clara
2019,95117,67,21.7,All Ages,Santa Clara
2019,95118,82,25.8,All Ages,Santa Clara
2019,95119,25,20.5,All Ages,Santa Clara
2019,95120,44,14.2,All Ages,Santa Clara
2019,95121,112,29.1,All Ages,Santa Clara
2019,95122,268,45.7,All Ages,Santa Clara
2019,95123,228,33.4,All Ages,Santa Clara
2019,95124,98,19.7,All Ages,Santa Clara
2019,95125,120,21.8,All Ages,Santa Clara
2019,95126,87,24.6,All Ages,Santa Clara
2019,95127,242,38.6,All Ages,Santa Clara
2019,95128,98,26.1,All Ages,Santa Clara
2019,95129,48,12.7,All Ages,Santa Clara
2019,95130,34,24.7,All Ages,Santa Clara
2019,95131,79,24.6,All Ages,Santa Clara
2019,95132,72,16.9,All Ages,Santa Clara
2019,95133,93,30.1,All Ages,Santa Clara
2019,95134,30,10.1,All Ages,Santa Clara
2019,95135,24,9.3,All Ages,Santa Clara
2019,95136,124,28.1,All Ages,Santa Clara
2019,95138,47,25,All Ages,Santa Clara
2019,95139,15,22.7,All Ages,Santa Clara
2019,95148,133,30.3,All Ages,Santa Clara
2019,95202,101,164.8,All Ages,San Joaquin
2019,95203,201,115.4,All Ages,San Joaquin
2019,95204,178,64.1,All Ages,San Joaquin
2019,95205,308,72.8,All Ages,San Joaquin
2019,95206,564,81.5,All Ages,San Joaquin
2019,95207,445,89.6,All Ages,San Joaquin
2019,95209,195,45.9,All Ages,San Joaquin
2019,95210,285,71,All Ages,San Joaquin
2019,95212,89,30.5,All Ages,San Joaquin
2019,95215,112,46.6,All Ages,San Joaquin
2019,95219,91,31.7,All Ages,San Joaquin
2019,95220,21,28.2,All Ages,San Joaquin
2019,95222,17,40,All Ages,Calaveras
2019,95228,22,62.3,All Ages,Calaveras
2019,95231,19,40.1,All Ages,San Joaquin
2019,95237,15,44.5,All Ages,San Joaquin
2019,95240,325,68.1,All Ages,San Joaquin
2019,95242,70,25.6,All Ages,San Joaquin
2019,95249,21,77.5,All Ages,Calaveras
2019,95252,69,54,All Ages,Calaveras
2019,95255,23,165.5,All Ages,Calaveras
2019,95258,26,71.3,All Ages,San Joaquin
2019,95301,175,45.8,All Ages,Merced
2019,95304,38,21.6,All Ages,San Joaquin
2019,95307,212,45.5,All Ages,Stanislaus
2019,95315,50,31.9,All Ages,Merced
2019,95316,42,70.6,All Ages,Stanislaus
2019,95320,48,38.1,All Ages,San Joaquin
2019,95322,47,47.6,All Ages,Merced
2019,95324,14,21.4,All Ages,Merced
2019,95326,29,28.6,All Ages,Stanislaus
2019,95327,27,39.7,All Ages,Tuolumne
2019,95328,14,29.2,All Ages,Stanislaus
2019,95330,178,67.8,All Ages,San Joaquin
2019,95333,12,33.6,All Ages,Merced
2019,95334,71,41.2,All Ages,Merced
2019,95336,269,57.8,All Ages,San Joaquin
2019,95337,221,54.7,All Ages,San Joaquin
2019,95338,43,41.5,All Ages,Mariposa
2019,95340,265,76.5,All Ages,Merced
2019,95341,275,76.1,All Ages,Merced
2019,95348,210,61.5,All Ages,Merced
2019,95350,316,65.5,All Ages,Stanislaus
2019,95351,383,79.3,All Ages,Stanislaus
2019,95354,206,79.8,All Ages,Stanislaus
2019,95355,274,46.3,All Ages,Stanislaus
2019,95356,135,41.3,All Ages,Stanislaus
2019,95357,57,37.2,All Ages,Stanislaus
2019,95358,171,49.9,All Ages,Stanislaus
2019,95360,44,35.5,All Ages,Stanislaus
2019,95361,234,72.9,All Ages,Stanislaus
2019,95363,112,39.2,All Ages,Stanislaus
2019,95365,34,106.9,All Ages,Merced
2019,95366,66,38.1,All Ages,San Joaquin
2019,95367,139,54.4,All Ages,Stanislaus
2019,95368,54,35.6,All Ages,Stanislaus
2019,95370,104,49,All Ages,Tuolumne
2019,95376,279,51.2,All Ages,San Joaquin
2019,95377,119,35.7,All Ages,San Joaquin
2019,95379,20,59,All Ages,Tuolumne
2019,95380,242,54.6,All Ages,Stanislaus
2019,95382,103,27.1,All Ages,Stanislaus
2019,95383,21,51.6,All Ages,Tuolumne
2019,95386,68,68.3,All Ages,Stanislaus
2019,95388,63,37.9,All Ages,Merced
2019,95391,72,37.3,All Ages,San Joaquin
2019,95401,127,34.7,All Ages,Sonoma
2019,95403,152,37.9,All Ages,Sonoma
2019,95404,114,30.9,All Ages,Sonoma
2019,95405,71,35.4,All Ages,Sonoma
2019,95407,204,50.7,All Ages,Sonoma
2019,95409,56,18.7,All Ages,Sonoma
2019,95422,210,125.6,All Ages,Lake
2019,95423,29,114.5,All Ages,Lake
2019,95425,25,24.6,All Ages,Sonoma
2019,95428,16,59.4,All Ages,Mendocino
2019,95436,15,32.1,All Ages,Sonoma
2019,95437,56,40.5,All Ages,Mendocino
2019,95446,17,45.4,All Ages,Sonoma
2019,95448,35,23.3,All Ages,Sonoma
2019,95451,66,71.1,All Ages,Lake
2019,95453,53,53.1,All Ages,Lake
2019,95457,44,193.1,All Ages,Lake
2019,95458,28,114.1,All Ages,Lake
2019,95464,25,119.4,All Ages,Lake
2019,95467,21,39.4,All Ages,Lake
2019,95470,20,38.7,All Ages,Mendocino
2019,95472,58,22.3,All Ages,Sonoma
2019,95476,91,25.9,All Ages,Sonoma
2019,95482,240,78.1,All Ages,Mendocino
2019,95485,13,52.8,All Ages,Lake
2019,95490,102,79,All Ages,Mendocino
2019,95492,86,30.4,All Ages,Sonoma
2019,95501,128,54.9,All Ages,Humboldt
2019,95503,84,35.5,All Ages,Humboldt
2019,95519,69,39,All Ages,Humboldt
2019,95521,80,43.1,All Ages,Humboldt
2019,95531,102,48.1,All Ages,Del Norte
2019,95540,82,62.2,All Ages,Humboldt
2019,95542,21,72.6,All Ages,Humboldt
2019,95560,19,138.3,All Ages,Humboldt
2019,95562,24,76.8,All Ages,Humboldt
2019,95602,50,35.1,All Ages,Placer
2019,95603,92,38,All Ages,Placer
2019,95605,70,44.8,All Ages,Yolo
2019,95608,381,65.4,All Ages,Sacramento
2019,95610,229,51.1,All Ages,Sacramento
2019,95616,84,14.7,All Ages,Yolo
2019,95618,51,19.5,All Ages,Yolo
2019,95619,20,58.9,All Ages,El Dorado
2019,95620,120,53.5,All Ages,Solano
2019,95621,229,55.9,All Ages,Sacramento
2019,95623,16,41.5,All Ages,El Dorado
2019,95624,221,33.1,All Ages,Sacramento
2019,95626,20,33,All Ages,Sacramento
2019,95627,13,34.2,All Ages,Yolo
2019,95628,134,34.8,All Ages,Sacramento
2019,95630,157,20.7,All Ages,Sacramento
2019,95631,13,23.2,All Ages,Placer
2019,95632,131,42.1,All Ages,Sacramento
2019,95640,40,39.4,All Ages,Amador
2019,95641,14,84.9,All Ages,Sacramento
2019,95642,62,104,All Ages,Amador
2019,95648,114,22.9,All Ages,Placer
2019,95650,27,21.4,All Ages,Placer
2019,95655,20,37.4,All Ages,Sacramento
2019,95660,244,70.1,All Ages,Sacramento
2019,95661,95,31.7,All Ages,Placer
2019,95662,129,42.4,All Ages,Sacramento
2019,95665,21,42.8,All Ages,Amador
2019,95666,16,39.4,All Ages,Amador
2019,95667,105,32.7,All Ages,El Dorado
2019,95670,338,64.3,All Ages,Sacramento
2019,95673,87,56.3,All Ages,Sacramento
2019,95677,77,33.1,All Ages,Placer
2019,95678,152,34.2,All Ages,Placer
2019,95682,107,41.3,All Ages,El Dorado
2019,95687,307,45.6,All Ages,Solano
2019,95688,218,64.1,All Ages,Solano
2019,95691,188,49.1,All Ages,Yolo
2019,95692,25,54.3,All Ages,Yuba
2019,95693,16,24.7,All Ages,Sacramento
2019,95694,34,36.3,All Ages,Yolo
2019,95695,163,43.3,All Ages,Yolo
2019,95709,21,50.8,All Ages,El Dorado
2019,95713,20,20.4,All Ages,Placer
2019,95726,45,51.5,All Ages,El Dorado
2019,95742,32,23.4,All Ages,Sacramento
2019,95746,51,34.8,All Ages,Placer
2019,95747,204,29.4,All Ages,Placer
2019,95757,217,43.6,All Ages,Sacramento
2019,95758,261,41.1,All Ages,Sacramento
2019,95762,80,19.5,All Ages,El Dorado
2019,95765,73,17.8,All Ages,Placer
2019,95776,93,36.3,All Ages,Yolo
2019,95811,75,99,All Ages,Sacramento
2019,95814,46,64.1,All Ages,Sacramento
2019,95815,372,144.8,All Ages,Sacramento
2019,95816,41,27.4,All Ages,Sacramento
2019,95817,103,75.3,All Ages,Sacramento
2019,95818,121,58.9,All Ages,Sacramento
2019,95819,27,15.9,All Ages,Sacramento
2019,95820,282,72.5,All Ages,Sacramento
2019,95821,314,98.3,All Ages,Sacramento
2019,95822,289,65.3,All Ages,Sacramento
2019,95823,777,96.6,All Ages,Sacramento
2019,95824,284,88,All Ages,Sacramento
2019,95825,312,99.5,All Ages,Sacramento
2019,95826,221,61.2,All Ages,Sacramento
2019,95827,108,49.3,All Ages,Sacramento
2019,95828,438,70.9,All Ages,Sacramento
2019,95829,99,33.5,All Ages,Sacramento
2019,95831,170,45.7,All Ages,Sacramento
2019,95832,108,77.6,All Ages,Sacramento
2019,95833,265,67.9,All Ages,Sacramento
2019,95834,191,56.5,All Ages,Sacramento
2019,95835,170,44.6,All Ages,Sacramento
2019,95838,429,107.6,All Ages,Sacramento
2019,95841,152,75.9,All Ages,Sacramento
2019,95842,301,87.9,All Ages,Sacramento
2019,95843,232,46.8,All Ages,Sacramento
2019,95864,93,45.2,All Ages,Sacramento
2019,95901,147,44,All Ages,Yuba
2019,95912,23,42.9,All Ages,Colusa
2019,95917,18,55.5,All Ages,Butte
2019,95926,209,54.3,All Ages,Butte
2019,95928,162,39.8,All Ages,Butte
2019,95932,36,45.6,All Ages,Colusa
2019,95945,84,41.6,All Ages,Nevada
2019,95946,22,31.3,All Ages,Nevada
2019,95948,40,34.7,All Ages,Butte
2019,95949,36,24.2,All Ages,Nevada
2019,95953,44,37.9,All Ages,Sutter
2019,95954,30,48.3,All Ages,Butte
2019,95959,35,24.7,All Ages,Nevada
2019,95961,136,48.4,All Ages,Yuba
2019,95963,69,42.1,All Ages,Glenn
2019,95965,64,33.5,All Ages,Butte
2019,95966,71,25.9,All Ages,Butte
2019,95969,13,25.8,All Ages,Butte
2019,95971,23,42.5,All Ages,Plumas
2019,95973,125,33.9,All Ages,Butte
2019,95987,24,33.4,All Ages,Colusa
2019,95988,30,31.3,All Ages,Glenn
2019,95991,115,27.7,All Ages,Sutter
2019,95993,92,25.6,All Ages,Sutter
2019,96001,115,39.8,All Ages,Shasta
2019,96002,137,44.2,All Ages,Shasta
2019,96003,133,32.6,All Ages,Shasta
2019,96007,95,43.1,All Ages,Shasta
2019,96019,45,49.7,All Ages,Shasta
2019,96020,16,88.6,All Ages,Plumas
2019,96021,65,40.9,All Ages,Tehama
2019,96022,39,28.5,All Ages,Shasta
2019,96035,17,48.2,All Ages,Tehama
2019,96055,18,56.8,All Ages,Tehama
2019,96064,16,37.4,All Ages,Siskiyou
2019,96067,19,41,All Ages,Siskiyou
2019,96080,165,63.8,All Ages,Tehama
2019,96088,12,48.4,All Ages,Shasta
2019,96093,18,51.4,All Ages,Trinity
2019,96094,29,50.2,All Ages,Siskiyou
2019,96097,51,60.2,All Ages,Siskiyou
2019,96101,57,130.4,All Ages,Modoc
2019,96122,26,74,All Ages,Plumas
2019,96130,67,29.8,All Ages,Lassen
2019,96150,52,16.9,All Ages,El Dorado
2019,96161,23,12.1,All Ages,Nevada
2020,90001,207,34.2,All Ages,Los Angeles
2020,90002,248,44.2,All Ages,Los Angeles
2020,90003,401,54.1,All Ages,Los Angeles
2020,90004,132,22.1,All Ages,Los Angeles
2020,90005,62,13.5,All Ages,Los Angeles
2020,90006,135,23.3,All Ages,Los Angeles
2020,90007,93,28.8,All Ages,Los Angeles
2020,90008,146,49.1,All Ages,Los Angeles
2020,90011,346,32.2,All Ages,Los Angeles
2020,90012,72,18.6,All Ages,Los Angeles
2020,90013,112,55.6,All Ages,Los Angeles
2020,90014,26,21.9,All Ages,Los Angeles
2020,90015,29,8.3,All Ages,Los Angeles
2020,90016,217,43.4,All Ages,Los Angeles
2020,90017,97,30,All Ages,Los Angeles
2020,90018,190,36.2,All Ages,Los Angeles
2020,90019,182,27.7,All Ages,Los Angeles
2020,90020,91,22.1,All Ages,Los Angeles
2020,90021,31,66,All Ages,Los Angeles
2020,90022,187,27.2,All Ages,Los Angeles
2020,90023,108,21.7,All Ages,Los Angeles
2020,90024,21,4.6,All Ages,Los Angeles
2020,90025,37,8.7,All Ages,Los Angeles
2020,90026,159,25.3,All Ages,Los Angeles
2020,90027,85,21.7,All Ages,Los Angeles
2020,90028,91,26.8,All Ages,Los Angeles
2020,90029,108,28.1,All Ages,Los Angeles
2020,90031,81,19.7,All Ages,Los Angeles
2020,90032,128,27.9,All Ages,Los Angeles
2020,90033,160,32.8,All Ages,Los Angeles
2020,90034,91,15.6,All Ages,Los Angeles
2020,90035,36,12.7,All Ages,Los Angeles
2020,90036,37,9.4,All Ages,Los Angeles
2020,90037,235,35.9,All Ages,Los Angeles
2020,90038,76,24.7,All Ages,Los Angeles
2020,90039,55,19,All Ages,Los Angeles
2020,90040,35,27.4,All Ages,Los Angeles
2020,90041,59,21.5,All Ages,Los Angeles
2020,90042,121,19.6,All Ages,Los Angeles
2020,90043,213,48.3,All Ages,Los Angeles
2020,90044,527,55.4,All Ages,Los Angeles
2020,90045,40,10.1,All Ages,Los Angeles
2020,90046,44,6.4,All Ages,Los Angeles
2020,90047,282,58.1,All Ages,Los Angeles
2020,90048,24,8.9,All Ages,Los Angeles
2020,90049,24,7.6,All Ages,Los Angeles
2020,90056,25,36,All Ages,Los Angeles
2020,90057,138,31,All Ages,Los Angeles
2020,90058,21,76.4,All Ages,Los Angeles
2020,90059,305,71.9,All Ages,Los Angeles
2020,90061,197,67.4,All Ages,Los Angeles
2020,90062,167,48.4,All Ages,Los Angeles
2020,90063,156,27.9,All Ages,Los Angeles
2020,90064,36,14.4,All Ages,Los Angeles
2020,90065,134,28.6,All Ages,Los Angeles
2020,90066,65,12.7,All Ages,Los Angeles
2020,90068,26,9.7,All Ages,Los Angeles
2020,90069,18,9.9,All Ages,Los Angeles
2020,90201,246,24.8,All Ages,Los Angeles
2020,90220,223,44.7,All Ages,Los Angeles
2020,90221,199,35.6,All Ages,Los Angeles
2020,90222,204,61,All Ages,Los Angeles
2020,90230,44,15.7,All Ages,Los Angeles
2020,90232,39,18.5,All Ages,Los Angeles
2020,90240,51,19.3,All Ages,Los Angeles
2020,90241,88,18.9,All Ages,Los Angeles
2020,90242,109,26.9,All Ages,Los Angeles
2020,90245,17,9.8,All Ages,Los Angeles
2020,90247,212,46.6,All Ages,Los Angeles
2020,90248,49,47.2,All Ages,Los Angeles
2020,90249,107,41,All Ages,Los Angeles
2020,90250,304,30.3,All Ages,Los Angeles
2020,90255,194,26,All Ages,Los Angeles
2020,90260,88,23.7,All Ages,Los Angeles
2020,90262,228,30.8,All Ages,Los Angeles
2020,90265,13,7.9,All Ages,Los Angeles
2020,90266,14,4.3,All Ages,Los Angeles
2020,90270,53,19.9,All Ages,Los Angeles
2020,90275,25,6.5,All Ages,Los Angeles
2020,90277,29,9.8,All Ages,Los Angeles
2020,90278,47,10.9,All Ages,Los Angeles
2020,90280,234,24,All Ages,Los Angeles
2020,90291,38,13.6,All Ages,Los Angeles
2020,90292,22,8.6,All Ages,Los Angeles
2020,90301,133,35,All Ages,Los Angeles
2020,90302,129,42.8,All Ages,Los Angeles
2020,90303,133,54.7,All Ages,Los Angeles
2020,90304,71,23.2,All Ages,Los Angeles
2020,90305,73,54.5,All Ages,Los Angeles
2020,90401,34,41.9,All Ages,Los Angeles
2020,90403,17,6,All Ages,Los Angeles
2020,90404,43,19.4,All Ages,Los Angeles
2020,90405,37,14.5,All Ages,Los Angeles
2020,90501,125,27.4,All Ages,Los Angeles
2020,90502,43,24.1,All Ages,Los Angeles
2020,90503,50,11.1,All Ages,Los Angeles
2020,90504,58,17.2,All Ages,Los Angeles
2020,90505,35,10.4,All Ages,Los Angeles
2020,90601,68,21.5,All Ages,Los Angeles
2020,90602,72,27.9,All Ages,Los Angeles
2020,90603,34,18.9,All Ages,Los Angeles
2020,90604,80,19.9,All Ages,Los Angeles
2020,90605,107,25.6,All Ages,Los Angeles
2020,90606,80,24.9,All Ages,Los Angeles
2020,90620,85,19.9,All Ages,Orange
2020,90621,62,16.1,All Ages,Orange
2020,90623,19,13.9,All Ages,Orange
2020,90630,51,11.1,All Ages,Orange
2020,90631,135,18.9,All Ages,Orange
2020,90638,70,14.9,All Ages,Los Angeles
2020,90640,147,23.3,All Ages,Los Angeles
2020,90650,259,23.5,All Ages,Los Angeles
2020,90660,178,28.7,All Ages,Los Angeles
2020,90670,25,15.5,All Ages,Los Angeles
2020,90680,72,22,All Ages,Orange
2020,90701,33,21,All Ages,Los Angeles
2020,90703,72,16.6,All Ages,Los Angeles
2020,90706,228,28.3,All Ages,Los Angeles
2020,90710,76,31.5,All Ages,Los Angeles
2020,90712,128,44,All Ages,Los Angeles
2020,90713,33,12.9,All Ages,Los Angeles
2020,90715,50,24.6,All Ages,Los Angeles
2020,90716,31,21.4,All Ages,Los Angeles
2020,90717,56,26.1,All Ages,Los Angeles
2020,90720,16,7.9,All Ages,Orange
2020,90723,155,27.6,All Ages,Los Angeles
2020,90731,228,37.2,All Ages,Los Angeles
2020,90732,24,11.6,All Ages,Los Angeles
2020,90740,14,4.7,All Ages,Orange
2020,90744,178,32.6,All Ages,Los Angeles
2020,90745,135,23.2,All Ages,Los Angeles
2020,90746,112,48.3,All Ages,Los Angeles
2020,90755,32,27.3,All Ages,Los Angeles
2020,90802,130,28.9,All Ages,Los Angeles
2020,90803,13,3.8,All Ages,Los Angeles
2020,90804,119,27.4,All Ages,Los Angeles
2020,90805,398,41.7,All Ages,Los Angeles
2020,90806,153,33.7,All Ages,Los Angeles
2020,90807,73,24.7,All Ages,Los Angeles
2020,90808,25,7,All Ages,Los Angeles
2020,90810,128,32.7,All Ages,Los Angeles
2020,90813,263,42.7,All Ages,Los Angeles
2020,90814,35,20.6,All Ages,Los Angeles
2020,90815,43,10.6,All Ages,Los Angeles
2020,91001,87,25.8,All Ages,Los Angeles
2020,91006,24,7.9,All Ages,Los Angeles
2020,91007,21,5.9,All Ages,Los Angeles
2020,91010,59,22.9,All Ages,Los Angeles
2020,91016,57,14.1,All Ages,Los Angeles
2020,91030,16,6.5,All Ages,Los Angeles
2020,91040,32,15.4,All Ages,Los Angeles
2020,91042,42,15.1,All Ages,Los Angeles
2020,91101,34,20.4,All Ages,Los Angeles
2020,91103,85,28.5,All Ages,Los Angeles
2020,91104,52,13.6,All Ages,Los Angeles
2020,91106,26,11.3,All Ages,Los Angeles
2020,91107,40,12.4,All Ages,Los Angeles
2020,91201,35,15.3,All Ages,Los Angeles
2020,91202,27,12.4,All Ages,Los Angeles
2020,91203,31,15.9,All Ages,Los Angeles
2020,91204,48,24.7,All Ages,Los Angeles
2020,91205,81,20.3,All Ages,Los Angeles
2020,91206,37,11,All Ages,Los Angeles
2020,91207,13,13.3,All Ages,Los Angeles
2020,91208,13,7.8,All Ages,Los Angeles
2020,91214,37,13.5,All Ages,Los Angeles
2020,91301,24,9.1,All Ages,Los Angeles
2020,91302,16,6.2,All Ages,Los Angeles
2020,91303,107,36.7,All Ages,Los Angeles
2020,91304,143,29,All Ages,Los Angeles
2020,91306,126,26.6,All Ages,Los Angeles
2020,91307,59,25.6,All Ages,Los Angeles
2020,91311,85,24.5,All Ages,Los Angeles
2020,91316,62,22.7,All Ages,Los Angeles
2020,91320,40,10.2,All Ages,Ventura
2020,91321,60,16.7,All Ages,Los Angeles
2020,91324,62,21.8,All Ages,Los Angeles
2020,91325,94,27.8,All Ages,Los Angeles
2020,91326,44,12.4,All Ages,Los Angeles
2020,91331,346,33.3,All Ages,Los Angeles
2020,91335,243,31.4,All Ages,Los Angeles
2020,91340,95,26.8,All Ages,Los Angeles
2020,91342,252,27,All Ages,Los Angeles
2020,91343,187,29.5,All Ages,Los Angeles
2020,91344,109,22,All Ages,Los Angeles
2020,91345,42,21.6,All Ages,Los Angeles
2020,91350,53,13,All Ages,Los Angeles
2020,91351,60,16.9,All Ages,Los Angeles
2020,91352,97,19.2,All Ages,Los Angeles
2020,91354,30,9.4,All Ages,Los Angeles
2020,91355,43,12.6,All Ages,Los Angeles
2020,91356,57,20.5,All Ages,Los Angeles
2020,91360,90,22.5,All Ages,Ventura
2020,91361,16,6.5,All Ages,Ventura
2020,91362,34,9.1,All Ages,Ventura
2020,91364,45,19.6,All Ages,Los Angeles
2020,91367,86,21,All Ages,Los Angeles
2020,91381,16,7.9,All Ages,Los Angeles
2020,91384,44,16.7,All Ages,Los Angeles
2020,91387,99,23.7,All Ages,Los Angeles
2020,91390,22,10.2,All Ages,Los Angeles
2020,91401,111,26.6,All Ages,Los Angeles
2020,91402,227,30.3,All Ages,Los Angeles
2020,91403,53,21.2,All Ages,Los Angeles
2020,91405,275,53.1,All Ages,Los Angeles
2020,91406,161,29.1,All Ages,Los Angeles
2020,91411,57,22.3,All Ages,Los Angeles
2020,91423,40,16.1,All Ages,Los Angeles
2020,91501,23,9.7,All Ages,Los Angeles
2020,91502,15,14.4,All Ages,Los Angeles
2020,91504,26,10.7,All Ages,Los Angeles
2020,91505,37,12.3,All Ages,Los Angeles
2020,91506,34,18.2,All Ages,Los Angeles
2020,91601,102,24.3,All Ages,Los Angeles
2020,91602,17,10.6,All Ages,Los Angeles
2020,91604,21,7.7,All Ages,Los Angeles
2020,91605,188,32,All Ages,Los Angeles
2020,91606,145,31.6,All Ages,Los Angeles
2020,91607,39,12.9,All Ages,Los Angeles
2020,91701,61,15.5,All Ages,San Bernardino
2020,91702,200,30.5,All Ages,Los Angeles
2020,91706,269,33.5,All Ages,Los Angeles
2020,91708,23,18,All Ages,San Bernardino
2020,91709,105,12.5,All Ages,San Bernardino
2020,91710,190,22.3,All Ages,San Bernardino
2020,91711,51,14.1,All Ages,Los Angeles
2020,91722,120,33.6,All Ages,Los Angeles
2020,91723,73,38.5,All Ages,Los Angeles
2020,91724,65,25.1,All Ages,Los Angeles
2020,91730,119,16.7,All Ages,San Bernardino
2020,91731,60,20.9,All Ages,Los Angeles
2020,91732,178,27.4,All Ages,Los Angeles
2020,91733,139,30.7,All Ages,Los Angeles
2020,91737,42,15,All Ages,San Bernardino
2020,91739,56,12.3,All Ages,San Bernardino
2020,91740,66,26.1,All Ages,Los Angeles
2020,91741,39,13.7,All Ages,Los Angeles
2020,91744,294,34.4,All Ages,Los Angeles
2020,91745,96,18.8,All Ages,Los Angeles
2020,91746,93,28.8,All Ages,Los Angeles
2020,91748,71,16.1,All Ages,Los Angeles
2020,91750,49,15.9,All Ages,Los Angeles
2020,91752,56,14.8,All Ages,Riverside
2020,91754,52,17.7,All Ages,Los Angeles
2020,91755,39,13.1,All Ages,Los Angeles
2020,91761,142,21.4,All Ages,San Bernardino
2020,91762,179,27.8,All Ages,San Bernardino
2020,91763,140,34.7,All Ages,San Bernardino
2020,91764,198,31,All Ages,San Bernardino
2020,91765,48,10.6,All Ages,Los Angeles
2020,91766,213,27.8,All Ages,Los Angeles
2020,91767,165,32.6,All Ages,Los Angeles
2020,91768,116,31.5,All Ages,Los Angeles
2020,91770,105,17,All Ages,Los Angeles
2020,91773,72,20,All Ages,Los Angeles
2020,91775,34,15.8,All Ages,Los Angeles
2020,91776,52,13.9,All Ages,Los Angeles
2020,91780,30,9.3,All Ages,Los Angeles
2020,91784,49,18.8,All Ages,San Bernardino
2020,91786,143,25.6,All Ages,San Bernardino
2020,91789,34,8.4,All Ages,Los Angeles
2020,91790,116,24.1,All Ages,Los Angeles
2020,91791,89,30,All Ages,Los Angeles
2020,91792,62,21.5,All Ages,Los Angeles
2020,91801,87,15.2,All Ages,Los Angeles
2020,91803,70,24,All Ages,Los Angeles
2020,91901,29,16.3,All Ages,San Diego
2020,91902,20,12.3,All Ages,San Diego
2020,91906,16,41.1,All Ages,San Diego
2020,91910,192,24.4,All Ages,San Diego
2020,91911,211,24.1,All Ages,San Diego
2020,91913,70,12.5,All Ages,San Diego
2020,91914,12,8.1,All Ages,San Diego
2020,91915,27,8,All Ages,San Diego
2020,91932,70,25.1,All Ages,San Diego
2020,91935,15,20.2,All Ages,San Diego
2020,91941,60,19.5,All Ages,San Diego
2020,91942,71,18.3,All Ages,San Diego
2020,91945,85,32.4,All Ages,San Diego
2020,91950,236,40.4,All Ages,San Diego
2020,91977,187,31.3,All Ages,San Diego
2020,91978,21,22.1,All Ages,San Diego
2020,92008,23,8.7,All Ages,San Diego
2020,92009,22,5.4,All Ages,San Diego
2020,92010,16,10.9,All Ages,San Diego
2020,92011,14,6.4,All Ages,San Diego
2020,92019,68,15.7,All Ages,San Diego
2020,92020,157,27.4,All Ages,San Diego
2020,92021,166,24.6,All Ages,San Diego
2020,92024,28,6,All Ages,San Diego
2020,92025,129,24.6,All Ages,San Diego
2020,92026,71,12.8,All Ages,San Diego
2020,92027,89,15.2,All Ages,San Diego
2020,92028,64,14.3,All Ages,San Diego
2020,92029,21,11.4,All Ages,San Diego
2020,92037,19,4.2,All Ages,San Diego
2020,92040,92,22.8,All Ages,San Diego
2020,92054,59,13.2,All Ages,San Diego
2020,92056,74,15.3,All Ages,San Diego
2020,92057,72,12.6,All Ages,San Diego
2020,92058,59,19.7,All Ages,San Diego
2020,92064,55,12.4,All Ages,San Diego
2020,92065,67,20,All Ages,San Diego
2020,92069,72,13.7,All Ages,San Diego
2020,92071,94,17,All Ages,San Diego
2020,92078,44,8.7,All Ages,San Diego
2020,92081,35,12,All Ages,San Diego
2020,92082,32,18.6,All Ages,San Diego
2020,92083,56,13,All Ages,San Diego
2020,92084,79,15.6,All Ages,San Diego
2020,92101,104,23,All Ages,San Diego
2020,92102,141,30.7,All Ages,San Diego
2020,92103,32,9.9,All Ages,San Diego
2020,92104,92,20.2,All Ages,San Diego
2020,92105,207,30.5,All Ages,San Diego
2020,92107,27,9.7,All Ages,San Diego
2020,92108,38,20.3,All Ages,San Diego
2020,92109,37,8.9,All Ages,San Diego
2020,92110,48,19.2,All Ages,San Diego
2020,92111,97,20.6,All Ages,San Diego
2020,92113,230,44.2,All Ages,San Diego
2020,92114,265,41.3,All Ages,San Diego
2020,92115,161,28.3,All Ages,San Diego
2020,92116,55,16.5,All Ages,San Diego
2020,92117,75,15.9,All Ages,San Diego
2020,92118,23,13,All Ages,San Diego
2020,92119,41,19.8,All Ages,San Diego
2020,92120,57,20.2,All Ages,San Diego
2020,92122,30,7.7,All Ages,San Diego
2020,92123,51,16.2,All Ages,San Diego
2020,92124,43,15,All Ages,San Diego
2020,92126,111,15.5,All Ages,San Diego
2020,92127,27,5.5,All Ages,San Diego
2020,92128,44,9.2,All Ages,San Diego
2020,92129,43,8.3,All Ages,San Diego
2020,92130,27,4.3,All Ages,San Diego
2020,92131,30,8.8,All Ages,San Diego
2020,92139,92,26,All Ages,San Diego
2020,92154,184,20.7,All Ages,San Diego
2020,92173,91,31,All Ages,San Diego
2020,92201,222,34.2,All Ages,Riverside
2020,92203,30,9.7,All Ages,Riverside
2020,92211,35,25.7,All Ages,Riverside
2020,92220,106,35.6,All Ages,Riverside
2020,92223,155,27.9,All Ages,Riverside
2020,92225,134,56.6,All Ages,Riverside
2020,92227,134,49.6,All Ages,Imperial
2020,92231,59,15.6,All Ages,Imperial
2020,92233,13,22.1,All Ages,Imperial
2020,92234,104,19.8,All Ages,Riverside
2020,92236,115,24.2,All Ages,Riverside
2020,92240,153,40.7,All Ages,Riverside
2020,92241,26,33.4,All Ages,Riverside
2020,92243,165,32,All Ages,Imperial
2020,92250,20,24.1,All Ages,Imperial
2020,92251,54,25.9,All Ages,Imperial
2020,92252,31,38.4,All Ages,San Bernardino
2020,92253,89,30.5,All Ages,Riverside
2020,92254,18,11.7,All Ages,Riverside
2020,92260,32,12.6,All Ages,Riverside
2020,92262,54,20.4,All Ages,Riverside
2020,92264,16,12.6,All Ages,Riverside
2020,92270,14,11.1,All Ages,Riverside
2020,92274,26,9.6,All Ages,Riverside
2020,92276,18,25.1,All Ages,Riverside
2020,92277,80,33.5,All Ages,San Bernardino
2020,92281,12,42.7,All Ages,Imperial
2020,92284,109,46.9,All Ages,San Bernardino
2020,92301,182,51.1,All Ages,San Bernardino
2020,92307,181,47.3,All Ages,San Bernardino
2020,92308,148,37.9,All Ages,San Bernardino
2020,92311,322,105,All Ages,San Bernardino
2020,92313,47,38.5,All Ages,San Bernardino
2020,92314,36,38.7,All Ages,San Bernardino
2020,92315,29,65.3,All Ages,San Bernardino
2020,92316,69,21.6,All Ages,San Bernardino
2020,92324,163,26.6,All Ages,San Bernardino
2020,92325,45,50.3,All Ages,San Bernardino
2020,92335,259,25.2,All Ages,San Bernardino
2020,92336,156,15,All Ages,San Bernardino
2020,92337,87,23.1,All Ages,San Bernardino
2020,92342,12,21.8,All Ages,San Bernardino
2020,92344,45,19.6,All Ages,San Bernardino
2020,92345,264,31.3,All Ages,San Bernardino
2020,92346,158,27.7,All Ages,San Bernardino
2020,92354,43,20.2,All Ages,San Bernardino
2020,92359,27,32.7,All Ages,San Bernardino
2020,92363,19,41.9,All Ages,San Bernardino
2020,92371,30,18.1,All Ages,San Bernardino
2020,92373,62,20,All Ages,San Bernardino
2020,92374,106,23.5,All Ages,San Bernardino
2020,92376,260,31.6,All Ages,San Bernardino
2020,92377,49,23,All Ages,San Bernardino
2020,92392,243,41.1,All Ages,San Bernardino
2020,92394,137,32,All Ages,San Bernardino
2020,92395,227,51,All Ages,San Bernardino
2020,92399,85,16.1,All Ages,San Bernardino
2020,92401,20,123.2,All Ages,San Bernardino
2020,92404,387,67.3,All Ages,San Bernardino
2020,92405,213,73.9,All Ages,San Bernardino
2020,92407,202,30,All Ages,San Bernardino
2020,92408,66,41.2,All Ages,San Bernardino
2020,92410,280,56.9,All Ages,San Bernardino
2020,92411,138,52.6,All Ages,San Bernardino
2020,92501,121,51.5,All Ages,Riverside
2020,92503,221,22.9,All Ages,Riverside
2020,92504,135,23.7,All Ages,Riverside
2020,92505,153,30.4,All Ages,Riverside
2020,92506,98,23.2,All Ages,Riverside
2020,92507,150,24.7,All Ages,Riverside
2020,92508,43,12.3,All Ages,Riverside
2020,92509,190,23.4,All Ages,Riverside
2020,92530,190,32.6,All Ages,Riverside
2020,92532,70,25.6,All Ages,Riverside
2020,92539,18,45.9,All Ages,Riverside
2020,92543,171,52.9,All Ages,Riverside
2020,92544,163,35.4,All Ages,Riverside
2020,92545,128,33.4,All Ages,Riverside
2020,92548,24,33.7,All Ages,Riverside
2020,92551,122,36.9,All Ages,Riverside
2020,92553,253,34,All Ages,Riverside
2020,92555,144,33.4,All Ages,Riverside
2020,92557,171,32.2,All Ages,Riverside
2020,92562,122,20.1,All Ages,Riverside
2020,92563,127,17,All Ages,Riverside
2020,92567,12,12.1,All Ages,Riverside
2020,92570,170,28.8,All Ages,Riverside
2020,92571,143,23.9,All Ages,Riverside
2020,92582,60,30.1,All Ages,Riverside
2020,92583,133,43.8,All Ages,Riverside
2020,92584,108,20.6,All Ages,Riverside
2020,92585,45,18.4,All Ages,Riverside
2020,92586,42,30.1,All Ages,Riverside
2020,92587,28,15.6,All Ages,Riverside
2020,92591,69,16.3,All Ages,Riverside
2020,92592,108,13.8,All Ages,Riverside
2020,92595,95,28.3,All Ages,Riverside
2020,92596,68,22.1,All Ages,Riverside
2020,92602,16,5.5,All Ages,Orange
2020,92604,37,14.7,All Ages,Orange
2020,92606,28,11.9,All Ages,Orange
2020,92612,34,11.9,All Ages,Orange
2020,92614,26,10.4,All Ages,Orange
2020,92618,60,14.8,All Ages,Orange
2020,92620,33,5.4,All Ages,Orange
2020,92624,14,17.2,All Ages,Orange
2020,92626,56,10.7,All Ages,Orange
2020,92627,115,18.7,All Ages,Orange
2020,92629,39,14.7,All Ages,Orange
2020,92630,60,9,All Ages,Orange
2020,92637,33,37.3,All Ages,Orange
2020,92646,75,14.4,All Ages,Orange
2020,92647,95,15.9,All Ages,Orange
2020,92648,47,9.9,All Ages,Orange
2020,92649,35,10.5,All Ages,Orange
2020,92651,27,11,All Ages,Orange
2020,92653,35,11.9,All Ages,Orange
2020,92655,22,25.7,All Ages,Orange
2020,92656,59,11.2,All Ages,Orange
2020,92660,31,9.2,All Ages,Orange
2020,92663,28,13.8,All Ages,Orange
2020,92672,46,12.3,All Ages,Orange
2020,92673,24,8,All Ages,Orange
2020,92675,42,10.8,All Ages,Orange
2020,92677,52,8,All Ages,Orange
2020,92679,26,8.9,All Ages,Orange
2020,92683,136,15.5,All Ages,Orange
2020,92688,37,8,All Ages,Orange
2020,92691,49,11.4,All Ages,Orange
2020,92692,42,9.8,All Ages,Orange
2020,92694,27,9,All Ages,Orange
2020,92701,142,25,All Ages,Orange
2020,92703,166,22.4,All Ages,Orange
2020,92704,204,22.3,All Ages,Orange
2020,92705,77,18.6,All Ages,Orange
2020,92706,84,22.2,All Ages,Orange
2020,92707,138,21.2,All Ages,Orange
2020,92708,70,14,All Ages,Orange
2020,92780,123,20.8,All Ages,Orange
2020,92782,26,9.8,All Ages,Orange
2020,92801,150,22.9,All Ages,Orange
2020,92802,104,23.1,All Ages,Orange
2020,92804,230,25.8,All Ages,Orange
2020,92805,140,17.2,All Ages,Orange
2020,92806,91,22.8,All Ages,Orange
2020,92807,49,15.5,All Ages,Orange
2020,92808,22,11.9,All Ages,Orange
2020,92821,53,13.4,All Ages,Orange
2020,92831,71,19.7,All Ages,Orange
2020,92832,50,17.5,All Ages,Orange
2020,92833,82,15.3,All Ages,Orange
2020,92835,29,12.6,All Ages,Orange
2020,92840,96,17.7,All Ages,Orange
2020,92841,71,22.5,All Ages,Orange
2020,92843,134,28.1,All Ages,Orange
2020,92844,34,14.6,All Ages,Orange
2020,92845,17,11.5,All Ages,Orange
2020,92860,49,19.3,All Ages,Riverside
2020,92865,23,12.4,All Ages,Orange
2020,92866,34,25.3,All Ages,Orange
2020,92867,66,15.3,All Ages,Orange
2020,92868,44,15.1,All Ages,Orange
2020,92869,51,13.7,All Ages,Orange
2020,92870,94,18.7,All Ages,Orange
2020,92879,88,17.7,All Ages,Riverside
2020,92880,101,14,All Ages,Riverside
2020,92881,54,17.4,All Ages,Riverside
2020,92882,136,19.4,All Ages,Riverside
2020,92883,45,12.2,All Ages,Riverside
2020,92886,54,11.7,All Ages,Orange
2020,92887,17,9.8,All Ages,Orange
2020,93001,68,20.2,All Ages,Ventura
2020,93003,94,19.5,All Ages,Ventura
2020,93004,26,9.1,All Ages,Ventura
2020,93010,52,12.5,All Ages,Ventura
2020,93012,34,9.2,All Ages,Ventura
2020,93013,20,10.8,All Ages,Santa Barbara
2020,93015,21,11.4,All Ages,Ventura
2020,93021,39,10.1,All Ages,Ventura
2020,93022,12,27.3,All Ages,Ventura
2020,93023,27,15.1,All Ages,Ventura
2020,93030,156,25.1,All Ages,Ventura
2020,93033,138,15.7,All Ages,Ventura
2020,93035,43,16,All Ages,Ventura
2020,93036,96,19.9,All Ages,Ventura
2020,93041,45,20.2,All Ages,Ventura
2020,93060,68,19.5,All Ages,Ventura
2020,93063,106,19.5,All Ages,Ventura
2020,93065,147,20,All Ages,Ventura
2020,93101,41,12.1,All Ages,Santa Barbara
2020,93103,23,12.2,All Ages,Santa Barbara
2020,93105,30,10.4,All Ages,Santa Barbara
2020,93110,14,8.9,All Ages,Santa Barbara
2020,93111,28,15.7,All Ages,Santa Barbara
2020,93117,54,11.1,All Ages,Santa Barbara
2020,93202,23,66.5,All Ages,Kings
2020,93203,39,16,All Ages,Kern
2020,93204,28,16.7,All Ages,Kings
2020,93210,36,18.6,All Ages,Fresno
2020,93212,62,25.4,All Ages,Kings
2020,93215,108,21.3,All Ages,Kern
2020,93219,22,15,All Ages,Tulare
2020,93221,31,21.3,All Ages,Tulare
2020,93223,19,18.7,All Ages,Tulare
2020,93230,214,30.1,All Ages,Kings
2020,93234,13,13.6,All Ages,Fresno
2020,93240,28,58.4,All Ages,Kern
2020,93241,36,21.4,All Ages,Kern
2020,93245,85,19.7,All Ages,Kings
2020,93247,38,19.1,All Ages,Tulare
2020,93250,38,25.6,All Ages,Kern
2020,93256,17,24.7,All Ages,Tulare
2020,93257,261,32.4,All Ages,Tulare
2020,93263,34,17.4,All Ages,Kern
2020,93268,16,7.7,All Ages,Kern
2020,93270,20,31.2,All Ages,Tulare
2020,93272,14,46.6,All Ages,Tulare
2020,93274,218,28.7,All Ages,Tulare
2020,93277,110,21.9,All Ages,Tulare
2020,93280,41,13.2,All Ages,Kern
2020,93286,18,18.2,All Ages,Tulare
2020,93291,109,17.1,All Ages,Tulare
2020,93292,73,17.1,All Ages,Tulare
2020,93301,120,98.8,All Ages,Kern
2020,93304,246,48,All Ages,Kern
2020,93305,210,55.6,All Ages,Kern
2020,93306,178,26.3,All Ages,Kern
2020,93307,297,31.7,All Ages,Kern
2020,93308,198,37,All Ages,Kern
2020,93309,175,29.7,All Ages,Kern
2020,93311,65,13,All Ages,Kern
2020,93312,61,10,All Ages,Kern
2020,93313,113,20.4,All Ages,Kern
2020,93314,37,11.6,All Ages,Kern
2020,93401,40,14.9,All Ages,San Luis Obispo
2020,93402,14,9.6,All Ages,San Luis Obispo
2020,93405,31,13.2,All Ages,San Luis Obispo
2020,93420,51,20.1,All Ages,San Luis Obispo
2020,93422,49,16.4,All Ages,San Luis Obispo
2020,93428,12,34.8,All Ages,San Luis Obispo
2020,93433,17,11,All Ages,San Luis Obispo
2020,93434,14,15.9,All Ages,Santa Barbara
2020,93436,132,23.6,All Ages,Santa Barbara
2020,93444,35,17.2,All Ages,San Luis Obispo
2020,93445,18,25.9,All Ages,San Luis Obispo
2020,93446,92,22.1,All Ages,San Luis Obispo
2020,93451,12,26.3,All Ages,San Luis Obispo
2020,93454,90,24.5,All Ages,Santa Barbara
2020,93455,70,18,All Ages,Santa Barbara
2020,93458,102,16.9,All Ages,Santa Barbara
2020,93463,14,15.4,All Ages,Santa Barbara
2020,93501,39,65.6,All Ages,Kern
2020,93505,73,51.3,All Ages,Kern
2020,93510,12,21,All Ages,Los Angeles
2020,93514,30,24.4,All Ages,Inyo
2020,93534,369,89.3,All Ages,Los Angeles
2020,93535,546,75.3,All Ages,Los Angeles
2020,93536,222,29.6,All Ages,Los Angeles
2020,93543,48,37.1,All Ages,Los Angeles
2020,93546,38,44.1,All Ages,Mono
2020,93550,456,58.6,All Ages,Los Angeles
2020,93551,149,27.7,All Ages,Los Angeles
2020,93552,157,38.5,All Ages,Los Angeles
2020,93555,113,35.6,All Ages,Kern
2020,93560,75,39.6,All Ages,Kern
2020,93561,84,24.3,All Ages,Kern
2020,93591,31,39.4,All Ages,Los Angeles
2020,93609,25,38.3,All Ages,Fresno
2020,93610,62,27.4,All Ages,Madera
2020,93611,76,16.5,All Ages,Fresno
2020,93612,135,37.4,All Ages,Fresno
2020,93614,16,15.3,All Ages,Madera
2020,93615,13,22.6,All Ages,Tulare
2020,93618,75,23.5,All Ages,Tulare
2020,93619,37,8.4,All Ages,Fresno
2020,93620,36,34.8,All Ages,Merced
2020,93622,32,30.1,All Ages,Fresno
2020,93625,35,42.4,All Ages,Fresno
2020,93630,46,19.9,All Ages,Fresno
2020,93631,43,24.3,All Ages,Fresno
2020,93635,213,50.7,All Ages,Merced
2020,93636,35,29.6,All Ages,Madera
2020,93637,139,35.4,All Ages,Madera
2020,93638,206,36.4,All Ages,Madera
2020,93640,39,23.9,All Ages,Fresno
2020,93646,28,23.4,All Ages,Fresno
2020,93647,21,18.7,All Ages,Tulare
2020,93648,94,49,All Ages,Fresno
2020,93650,30,82.4,All Ages,Fresno
2020,93654,111,35.2,All Ages,Fresno
2020,93656,15,22.3,All Ages,Fresno
2020,93657,101,25.8,All Ages,Fresno
2020,93662,136,41.8,All Ages,Fresno
2020,93701,89,69.7,All Ages,Fresno
2020,93702,254,52.7,All Ages,Fresno
2020,93703,177,49.5,All Ages,Fresno
2020,93704,121,43.8,All Ages,Fresno
2020,93705,189,49.3,All Ages,Fresno
2020,93706,230,52.9,All Ages,Fresno
2020,93710,118,42.1,All Ages,Fresno
2020,93711,76,22.3,All Ages,Fresno
2020,93720,83,18,All Ages,Fresno
2020,93721,45,62,All Ages,Fresno
2020,93722,321,37.2,All Ages,Fresno
2020,93723,24,20.1,All Ages,Fresno
2020,93725,85,29.1,All Ages,Fresno
2020,93726,201,48.5,All Ages,Fresno
2020,93727,297,35.5,All Ages,Fresno
2020,93728,68,41.3,All Ages,Fresno
2020,93730,14,10.7,All Ages,Fresno
2020,93901,81,32,All Ages,Monterey
2020,93905,198,30.3,All Ages,Monterey
2020,93906,165,27.7,All Ages,Monterey
2020,93907,49,24.3,All Ages,Monterey
2020,93926,25,24.5,All Ages,Monterey
2020,93927,29,16.4,All Ages,Monterey
2020,93930,22,11.4,All Ages,Monterey
2020,93933,66,26.7,All Ages,Monterey
2020,93940,46,14.8,All Ages,Monterey
2020,93950,19,14.1,All Ages,Monterey
2020,93955,85,25.1,All Ages,Monterey
2020,93960,40,13.9,All Ages,Monterey
2020,94002,23,8.1,All Ages,San Mateo
2020,94005,12,34.5,All Ages,San Mateo
2020,94010,39,10.2,All Ages,San Mateo
2020,94014,109,21.6,All Ages,San Mateo
2020,94015,127,19.4,All Ages,San Mateo
2020,94019,18,9.7,All Ages,San Mateo
2020,94025,44,10.1,All Ages,San Mateo
2020,94030,30,13.3,All Ages,San Mateo
2020,94040,16,4.5,All Ages,Santa Clara
2020,94043,26,8.6,All Ages,Santa Clara
2020,94044,72,19.5,All Ages,San Mateo
2020,94061,55,15.2,All Ages,San Mateo
2020,94062,25,8.2,All Ages,San Mateo
2020,94063,113,32.1,All Ages,San Mateo
2020,94066,72,17,All Ages,San Mateo
2020,94070,16,4.7,All Ages,San Mateo
2020,94080,105,16.4,All Ages,San Mateo
2020,94085,21,8.5,All Ages,Santa Clara
2020,94086,35,7,All Ages,Santa Clara
2020,94087,15,2.9,All Ages,Santa Clara
2020,94089,27,10.4,All Ages,Santa Clara
2020,94102,144,42.3,All Ages,San Francisco
2020,94103,85,21.3,All Ages,San Francisco
2020,94107,48,16.3,All Ages,San Francisco
2020,94108,15,13.7,All Ages,San Francisco
2020,94109,84,13.4,All Ages,San Francisco
2020,94110,164,24,All Ages,San Francisco
2020,94112,148,18.3,All Ages,San Francisco
2020,94114,22,6.2,All Ages,San Francisco
2020,94115,55,16.8,All Ages,San Francisco
2020,94116,27,6.9,All Ages,San Francisco
2020,94117,51,13.6,All Ages,San Francisco
2020,94118,26,7.4,All Ages,San Francisco
2020,94121,41,10.3,All Ages,San Francisco
2020,94122,59,12.3,All Ages,San Francisco
2020,94124,183,45.7,All Ages,San Francisco
2020,94127,13,6.6,All Ages,San Francisco
2020,94130,13,50.6,All Ages,San Francisco
2020,94131,27,9.2,All Ages,San Francisco
2020,94132,27,9.3,All Ages,San Francisco
2020,94133,56,26.1,All Ages,San Francisco
2020,94134,106,27.5,All Ages,San Francisco
2020,94303,107,23.6,All Ages,Santa Clara
2020,94306,19,6.2,All Ages,Santa Clara
2020,94401,83,23.1,All Ages,San Mateo
2020,94402,22,8.3,All Ages,San Mateo
2020,94403,52,12.1,All Ages,San Mateo
2020,94404,24,6.5,All Ages,San Mateo
2020,94501,163,26.8,All Ages,Alameda
2020,94502,19,15.4,All Ages,Alameda
2020,94503,62,27.1,All Ages,Napa
2020,94505,29,18.1,All Ages,Contra Costa
2020,94506,19,7.5,All Ages,Contra Costa
2020,94509,369,56.9,All Ages,Contra Costa
2020,94510,52,19.9,All Ages,Solano
2020,94511,14,102.5,All Ages,Contra Costa
2020,94513,145,21.5,All Ages,Contra Costa
2020,94517,22,20.3,All Ages,Contra Costa
2020,94518,67,23.4,All Ages,Contra Costa
2020,94519,34,18.6,All Ages,Contra Costa
2020,94520,111,27.8,All Ages,Contra Costa
2020,94521,82,17.8,All Ages,Contra Costa
2020,94523,46,13.3,All Ages,Contra Costa
2020,94525,13,33,All Ages,Contra Costa
2020,94526,28,9.7,All Ages,Contra Costa
2020,94530,34,16.2,All Ages,Contra Costa
2020,94531,175,38.7,All Ages,Contra Costa
2020,94533,462,62,All Ages,Solano
2020,94534,80,19.3,All Ages,Solano
2020,94536,132,17.8,All Ages,Alameda
2020,94538,94,14.3,All Ages,Alameda
2020,94539,43,8.2,All Ages,Alameda
2020,94541,243,36.5,All Ages,Alameda
2020,94542,21,18.1,All Ages,Alameda
2020,94544,233,30,All Ages,Alameda
2020,94545,108,33.5,All Ages,Alameda
2020,94546,107,26.1,All Ages,Alameda
2020,94547,42,16.5,All Ages,Contra Costa
2020,94549,28,11.7,All Ages,Contra Costa
2020,94550,38,7.9,All Ages,Alameda
2020,94551,48,12.2,All Ages,Alameda
2020,94552,15,12.7,All Ages,Alameda
2020,94553,128,25.6,All Ages,Contra Costa
2020,94555,43,11.4,All Ages,Alameda
2020,94558,161,23.6,All Ages,Napa
2020,94559,74,26,All Ages,Napa
2020,94560,102,21.7,All Ages,Alameda
2020,94561,116,27.5,All Ages,Contra Costa
2020,94563,13,10.1,All Ages,Contra Costa
2020,94564,40,22,All Ages,Contra Costa
2020,94565,473,51.5,All Ages,Contra Costa
2020,94566,55,11.7,All Ages,Alameda
2020,94568,65,10.3,All Ages,Alameda
2020,94571,23,38.4,All Ages,Solano
2020,94572,26,28.8,All Ages,Contra Costa
2020,94577,117,25.1,All Ages,Alameda
2020,94578,155,38.5,All Ages,Alameda
2020,94579,41,20.5,All Ages,Alameda
2020,94580,99,34.6,All Ages,Alameda
2020,94582,27,6,All Ages,Contra Costa
2020,94583,27,7.2,All Ages,Contra Costa
2020,94585,120,40.6,All Ages,Solano
2020,94587,154,21,All Ages,Alameda
2020,94588,25,9,All Ages,Alameda
2020,94589,167,54.3,All Ages,Solano
2020,94590,232,65.9,All Ages,Solano
2020,94591,195,36.5,All Ages,Solano
2020,94595,22,11.6,All Ages,Contra Costa
2020,94596,37,17,All Ages,Contra Costa
2020,94597,33,15.7,All Ages,Contra Costa
2020,94598,19,7.8,All Ages,Contra Costa
2020,94601,245,45.6,All Ages,Alameda
2020,94602,95,33.2,All Ages,Alameda
2020,94603,244,76.2,All Ages,Alameda
2020,94605,266,66.3,All Ages,Alameda
2020,94606,169,44.5,All Ages,Alameda
2020,94607,159,54.8,All Ages,Alameda
2020,94608,132,38.7,All Ages,Alameda
2020,94609,96,42.4,All Ages,Alameda
2020,94610,59,18.9,All Ages,Alameda
2020,94611,46,13,All Ages,Alameda
2020,94612,90,45.5,All Ages,Alameda
2020,94618,17,11.2,All Ages,Alameda
2020,94619,88,38.8,All Ages,Alameda
2020,94621,230,72.3,All Ages,Alameda
2020,94702,46,28.7,All Ages,Alameda
2020,94703,44,23.1,All Ages,Alameda
2020,94704,17,14.6,All Ages,Alameda
2020,94705,20,18.2,All Ages,Alameda
2020,94706,18,9.3,All Ages,Alameda
2020,94710,31,40,All Ages,Alameda
2020,94801,228,69.4,All Ages,Contra Costa
2020,94803,50,19.2,All Ages,Contra Costa
2020,94804,216,51.1,All Ages,Contra Costa
2020,94805,43,29.5,All Ages,Contra Costa
2020,94806,255,41.7,All Ages,Contra Costa
2020,94901,68,17.4,All Ages,Marin
2020,94903,26,9.5,All Ages,Marin
2020,94928,88,19.6,All Ages,Sonoma
2020,94931,24,26,All Ages,Sonoma
2020,94941,19,6.3,All Ages,Marin
2020,94945,26,18.1,All Ages,Marin
2020,94947,40,15.5,All Ages,Marin
2020,94949,23,14,All Ages,Marin
2020,94952,52,15.6,All Ages,Sonoma
2020,94954,82,21,All Ages,Sonoma
2020,94965,25,26.8,All Ages,Marin
2020,95003,14,5.2,All Ages,Santa Cruz
2020,95008,57,11.9,All Ages,Santa Clara
2020,95010,12,14.3,All Ages,Santa Cruz
2020,95012,28,28.2,All Ages,Monterey
2020,95014,19,3.3,All Ages,Santa Clara
2020,95019,12,16.4,All Ages,Santa Cruz
2020,95020,181,28.6,All Ages,Santa Clara
2020,95023,194,35.2,All Ages,San Benito
2020,95030,13,8.5,All Ages,Santa Clara
2020,95032,25,9.1,All Ages,Santa Clara
2020,95033,19,17.5,All Ages,Santa Cruz
2020,95035,71,8.7,All Ages,Santa Clara
2020,95037,66,12.6,All Ages,Santa Clara
2020,95045,14,30.9,All Ages,San Benito
2020,95046,20,28.9,All Ages,Santa Clara
2020,95050,43,10.1,All Ages,Santa Clara
2020,95051,56,9,All Ages,Santa Clara
2020,95054,25,12.4,All Ages,Santa Clara
2020,95060,63,11.8,All Ages,Santa Cruz
2020,95062,52,13,All Ages,Santa Cruz
2020,95070,18,7.5,All Ages,Santa Clara
2020,95073,13,14.4,All Ages,Santa Cruz
2020,95076,222,25.5,All Ages,Santa Cruz
2020,95110,47,20.2,All Ages,Santa Clara
2020,95111,155,27.3,All Ages,Santa Clara
2020,95112,143,23.5,All Ages,Santa Clara
2020,95113,35,210.3,All Ages,Santa Clara
2020,95116,181,34.2,All Ages,Santa Clara
2020,95117,52,17.2,All Ages,Santa Clara
2020,95118,63,19,All Ages,Santa Clara
2020,95119,19,15.2,All Ages,Santa Clara
2020,95120,31,7.5,All Ages,Santa Clara
2020,95121,80,22.5,All Ages,Santa Clara
2020,95122,164,28.3,All Ages,Santa Clara
2020,95123,96,14.2,All Ages,Santa Clara
2020,95124,57,11.6,All Ages,Santa Clara
2020,95125,82,15.9,All Ages,Santa Clara
2020,95126,55,14.8,All Ages,Santa Clara
2020,95127,164,27.1,All Ages,Santa Clara
2020,95128,64,17,All Ages,Santa Clara
2020,95129,26,6.5,All Ages,Santa Clara
2020,95130,13,9.3,All Ages,Santa Clara
2020,95131,44,13.6,All Ages,Santa Clara
2020,95132,40,9.9,All Ages,Santa Clara
2020,95133,47,16,All Ages,Santa Clara
2020,95134,25,9,All Ages,Santa Clara
2020,95135,13,6.5,All Ages,Santa Clara
2020,95136,58,13.7,All Ages,Santa Clara
2020,95138,22,12.8,All Ages,Santa Clara
2020,95139,13,21.4,All Ages,Santa Clara
2020,95148,84,18.5,All Ages,Santa Clara
2020,95202,91,141.1,All Ages,San Joaquin
2020,95203,137,84.9,All Ages,San Joaquin
2020,95204,148,52.6,All Ages,San Joaquin
2020,95205,233,56.2,All Ages,San Joaquin
2020,95206,315,47.9,All Ages,San Joaquin
2020,95207,316,62.9,All Ages,San Joaquin
2020,95209,127,29.7,All Ages,San Joaquin
2020,95210,208,51.4,All Ages,San Joaquin
2020,95212,90,29.8,All Ages,San Joaquin
2020,95215,73,29.7,All Ages,San Joaquin
2020,95219,69,23.8,All Ages,San Joaquin
2020,95220,21,31.8,All Ages,San Joaquin
2020,95231,14,25.6,All Ages,San Joaquin
2020,95240,169,34.7,All Ages,San Joaquin
2020,95242,54,19.5,All Ages,San Joaquin
2020,95249,18,50,All Ages,Calaveras
2020,95252,31,24,All Ages,Calaveras
2020,95258,22,62.2,All Ages,San Joaquin
2020,95301,112,27,All Ages,Merced
2020,95304,35,18.4,All Ages,San Joaquin
2020,95307,147,31.6,All Ages,Stanislaus
2020,95315,38,27.5,All Ages,Merced
2020,95320,26,19.4,All Ages,San Joaquin
2020,95322,25,25.6,All Ages,Merced
2020,95324,12,16.9,All Ages,Merced
2020,95326,23,23.2,All Ages,Stanislaus
2020,95327,16,22.8,All Ages,Tuolumne
2020,95330,131,51.1,All Ages,San Joaquin
2020,95334,31,18.1,All Ages,Merced
2020,95336,167,35.3,All Ages,San Joaquin
2020,95337,140,33.2,All Ages,San Joaquin
2020,95338,27,32.3,All Ages,Mariposa
2020,95340,184,52.2,All Ages,Merced
2020,95341,169,49.8,All Ages,Merced
2020,95348,133,37.2,All Ages,Merced
2020,95350,230,46.2,All Ages,Stanislaus
2020,95351,240,49.4,All Ages,Stanislaus
2020,95354,133,53,All Ages,Stanislaus
2020,95355,187,31,All Ages,Stanislaus
2020,95356,80,23.8,All Ages,Stanislaus
2020,95357,40,28.1,All Ages,Stanislaus
2020,95358,98,29.4,All Ages,Stanislaus
2020,95360,19,14.9,All Ages,Stanislaus
2020,95361,104,32.1,All Ages,Stanislaus
2020,95363,48,16.6,All Ages,Stanislaus
2020,95365,23,128.5,All Ages,Merced
2020,95366,33,17.7,All Ages,San Joaquin
2020,95367,78,32.2,All Ages,Stanislaus
2020,95368,63,39.3,All Ages,Stanislaus
2020,95370,77,32.5,All Ages,Tuolumne
2020,95376,178,31,All Ages,San Joaquin
2020,95377,67,20.9,All Ages,San Joaquin
2020,95379,14,39.2,All Ages,Tuolumne
2020,95380,168,37.8,All Ages,Stanislaus
2020,95382,60,15.7,All Ages,Stanislaus
2020,95386,39,39.4,All Ages,Stanislaus
2020,95388,38,23.8,All Ages,Merced
2020,95391,32,16.3,All Ages,San Joaquin
2020,95401,64,16.9,All Ages,Sonoma
2020,95403,92,21.8,All Ages,Sonoma
2020,95404,78,20.9,All Ages,Sonoma
2020,95405,38,18.7,All Ages,Sonoma
2020,95407,104,25.9,All Ages,Sonoma
2020,95409,35,14.2,All Ages,Sonoma
2020,95422,126,78.8,All Ages,Lake
2020,95423,13,53.4,All Ages,Lake
2020,95425,27,25.5,All Ages,Sonoma
2020,95437,40,29.2,All Ages,Mendocino
2020,95448,18,10.5,All Ages,Sonoma
2020,95451,35,37.3,All Ages,Lake
2020,95453,32,29.8,All Ages,Lake
2020,95457,16,59,All Ages,Lake
2020,95467,12,20.5,All Ages,Lake
2020,95470,16,29.3,All Ages,Mendocino
2020,95472,33,12.9,All Ages,Sonoma
2020,95476,39,10.6,All Ages,Sonoma
2020,95482,152,51.2,All Ages,Mendocino
2020,95490,62,46.8,All Ages,Mendocino
2020,95492,45,16.2,All Ages,Sonoma
2020,95501,108,42.9,All Ages,Humboldt
2020,95503,75,32.8,All Ages,Humboldt
2020,95519,52,29.2,All Ages,Humboldt
2020,95521,57,33.8,All Ages,Humboldt
2020,95531,89,39.1,All Ages,Del Norte
2020,95540,47,37.2,All Ages,Humboldt
2020,95542,12,42.6,All Ages,Humboldt
2020,95560,13,87,All Ages,Humboldt
2020,95602,31,20.4,All Ages,Placer
2020,95603,65,25,All Ages,Placer
2020,95605,53,35.3,All Ages,Yolo
2020,95608,246,42.2,All Ages,Sacramento
2020,95610,171,36.5,All Ages,Sacramento
2020,95616,60,14,All Ages,Yolo
2020,95618,22,7.2,All Ages,Yolo
2020,95619,14,45,All Ages,El Dorado
2020,95620,49,22.2,All Ages,Solano
2020,95621,147,33.9,All Ages,Sacramento
2020,95624,110,16.4,All Ages,Sacramento
2020,95626,17,26.3,All Ages,Sacramento
2020,95628,87,21.8,All Ages,Sacramento
2020,95630,105,13.3,All Ages,Sacramento
2020,95632,84,26.4,All Ages,Sacramento
2020,95640,22,16.9,All Ages,Amador
2020,95642,37,59,All Ages,Amador
2020,95648,79,16.8,All Ages,Placer
2020,95650,15,11.9,All Ages,Placer
2020,95658,13,22.1,All Ages,Placer
2020,95660,192,60.5,All Ages,Sacramento
2020,95661,60,20.4,All Ages,Placer
2020,95662,88,28,All Ages,Sacramento
2020,95666,12,30.8,All Ages,Amador
2020,95667,94,29.7,All Ages,El Dorado
2020,95670,229,41.7,All Ages,Sacramento
2020,95673,55,34.7,All Ages,Sacramento
2020,95677,48,17.4,All Ages,Placer
2020,95678,91,20.6,All Ages,Placer
2020,95682,64,24.4,All Ages,El Dorado
2020,95687,222,31.7,All Ages,Solano
2020,95688,146,41.5,All Ages,Solano
2020,95691,95,25,All Ages,Yolo
2020,95694,15,17.9,All Ages,Yolo
2020,95695,110,29.4,All Ages,Yolo
2020,95713,15,16.3,All Ages,Placer
2020,95726,29,33.5,All Ages,El Dorado
2020,95742,22,17.5,All Ages,Sacramento
2020,95746,14,9,All Ages,Placer
2020,95747,106,14.5,All Ages,Placer
2020,95757,100,19.4,All Ages,Sacramento
2020,95758,140,22.2,All Ages,Sacramento
2020,95762,37,8.1,All Ages,El Dorado
2020,95765,47,11.1,All Ages,Placer
2020,95776,74,28.9,All Ages,Yolo
2020,95811,35,51.6,All Ages,Sacramento
2020,95814,49,37.1,All Ages,Sacramento
2020,95815,184,74.2,All Ages,Sacramento
2020,95816,37,21.8,All Ages,Sacramento
2020,95817,70,50.6,All Ages,Sacramento
2020,95818,66,32,All Ages,Sacramento
2020,95819,17,9.2,All Ages,Sacramento
2020,95820,159,41.4,All Ages,Sacramento
2020,95821,201,61.2,All Ages,Sacramento
2020,95822,202,45.7,All Ages,Sacramento
2020,95823,412,54,All Ages,Sacramento
2020,95824,180,56.6,All Ages,Sacramento
2020,95825,194,64.3,All Ages,Sacramento
2020,95826,143,39.7,All Ages,Sacramento
2020,95827,80,36.1,All Ages,Sacramento
2020,95828,269,44.7,All Ages,Sacramento
2020,95829,56,18.6,All Ages,Sacramento
2020,95831,85,20.9,All Ages,Sacramento
2020,95832,64,51.9,All Ages,Sacramento
2020,95833,157,37.4,All Ages,Sacramento
2020,95834,109,32.8,All Ages,Sacramento
2020,95835,102,26.9,All Ages,Sacramento
2020,95838,273,68.4,All Ages,Sacramento
2020,95841,99,50.3,All Ages,Sacramento
2020,95842,153,44,All Ages,Sacramento
2020,95843,144,30,All Ages,Sacramento
2020,95864,60,26.5,All Ages,Sacramento
2020,95901,91,26.5,All Ages,Yuba
2020,95926,98,25.6,All Ages,Butte
2020,95928,108,26.5,All Ages,Butte
2020,95932,19,25.1,All Ages,Colusa
2020,95945,71,32.3,All Ages,Nevada
2020,95948,29,27.1,All Ages,Butte
2020,95949,38,28.2,All Ages,Nevada
2020,95953,18,16.1,All Ages,Sutter
2020,95954,24,37.3,All Ages,Butte
2020,95959,23,16.2,All Ages,Nevada
2020,95961,82,30,All Ages,Yuba
2020,95963,29,18.9,All Ages,Glenn
2020,95965,42,22.6,All Ages,Butte
2020,95966,52,18.1,All Ages,Butte
2020,95971,17,30.9,All Ages,Plumas
2020,95973,86,22.5,All Ages,Butte
2020,95987,18,26.5,All Ages,Colusa
2020,95988,15,18.1,All Ages,Glenn
2020,95991,108,26.3,All Ages,Sutter
2020,95993,42,11.4,All Ages,Sutter
2020,96001,78,26,All Ages,Shasta
2020,96002,71,21.7,All Ages,Shasta
2020,96003,72,17.2,All Ages,Shasta
2020,96007,59,27.2,All Ages,Shasta
2020,96019,33,35.1,All Ages,Shasta
2020,96021,53,33.1,All Ages,Tehama
2020,96022,30,22.2,All Ages,Shasta
2020,96035,21,52.6,All Ages,Tehama
2020,96080,89,32.7,All Ages,Tehama
2020,96093,13,43.8,All Ages,Trinity
2020,96094,14,21.8,All Ages,Siskiyou
2020,96097,48,63.6,All Ages,Siskiyou
2020,96101,40,87.5,All Ages,Modoc
2020,96122,23,76.7,All Ages,Plumas
2020,96130,62,28.5,All Ages,Lassen
2020,96137,13,50.1,All Ages,Lassen
2020,96150,38,12,All Ages,El Dorado
2020,96161,19,9.7,All Ages,Nevada
2021,90001,199,31.6,All Ages,Los Angeles
2021,90002,280,50.8,All Ages,Los Angeles
2021,90003,453,60.8,All Ages,Los Angeles
2021,90004,126,21.3,All Ages,Los Angeles
2021,90005,63,14.6,All Ages,Los Angeles
2021,90006,144,24.1,All Ages,Los Angeles
2021,90007,88,25,All Ages,Los Angeles
2021,90008,155,52.5,All Ages,Los Angeles
2021,90011,381,34.8,All Ages,Los Angeles
2021,90012,58,16.1,All Ages,Los Angeles
2021,90013,151,89.5,All Ages,Los Angeles
2021,90014,37,35.5,All Ages,Los Angeles
2021,90015,54,19.7,All Ages,Los Angeles
2021,90016,223,44.7,All Ages,Los Angeles
2021,90017,71,21.6,All Ages,Los Angeles
2021,90018,161,32.3,All Ages,Los Angeles
2021,90019,163,26.8,All Ages,Los Angeles
2021,90020,63,15.5,All Ages,Los Angeles
2021,90021,41,107.1,All Ages,Los Angeles
2021,90022,189,27.2,All Ages,Los Angeles
2021,90023,148,28.4,All Ages,Los Angeles
2021,90024,19,5.9,All Ages,Los Angeles
2021,90025,38,10.3,All Ages,Los Angeles
2021,90026,115,18.2,All Ages,Los Angeles
2021,90027,67,17.5,All Ages,Los Angeles
2021,90028,69,18.4,All Ages,Los Angeles
2021,90029,86,22.5,All Ages,Los Angeles
2021,90031,66,16.8,All Ages,Los Angeles
2021,90032,149,32.1,All Ages,Los Angeles
2021,90033,132,27.4,All Ages,Los Angeles
2021,90034,63,10.6,All Ages,Los Angeles
2021,90035,45,15.7,All Ages,Los Angeles
2021,90036,54,14.6,All Ages,Los Angeles
2021,90037,259,39.1,All Ages,Los Angeles
2021,90038,64,21.8,All Ages,Los Angeles
2021,90039,40,14.7,All Ages,Los Angeles
2021,90040,30,24.2,All Ages,Los Angeles
2021,90041,47,18.5,All Ages,Los Angeles
2021,90042,96,16,All Ages,Los Angeles
2021,90043,261,63.2,All Ages,Los Angeles
2021,90044,543,57.2,All Ages,Los Angeles
2021,90045,55,15.2,All Ages,Los Angeles
2021,90046,48,11.8,All Ages,Los Angeles
2021,90047,334,69.4,All Ages,Los Angeles
2021,90048,20,10,All Ages,Los Angeles
2021,90049,13,4.9,All Ages,Los Angeles
2021,90056,28,46.7,All Ages,Los Angeles
2021,90057,122,28.8,All Ages,Los Angeles
2021,90059,327,78.3,All Ages,Los Angeles
2021,90061,195,68,All Ages,Los Angeles
2021,90062,160,49.1,All Ages,Los Angeles
2021,90063,136,22.6,All Ages,Los Angeles
2021,90064,55,21.9,All Ages,Los Angeles
2021,90065,81,17.6,All Ages,Los Angeles
2021,90066,76,15.2,All Ages,Los Angeles
2021,90068,14,5.2,All Ages,Los Angeles
2021,90201,255,25.7,All Ages,Los Angeles
2021,90211,13,18.1,All Ages,Los Angeles
2021,90212,12,9.3,All Ages,Los Angeles
2021,90220,268,53.4,All Ages,Los Angeles
2021,90221,228,41.3,All Ages,Los Angeles
2021,90222,203,58.3,All Ages,Los Angeles
2021,90230,40,13.5,All Ages,Los Angeles
2021,90232,19,9.6,All Ages,Los Angeles
2021,90240,56,22.9,All Ages,Los Angeles
2021,90241,91,20.7,All Ages,Los Angeles
2021,90242,120,26.8,All Ages,Los Angeles
2021,90245,20,15.4,All Ages,Los Angeles
2021,90247,156,34.4,All Ages,Los Angeles
2021,90248,37,41,All Ages,Los Angeles
2021,90249,95,38.1,All Ages,Los Angeles
2021,90250,335,33.8,All Ages,Los Angeles
2021,90254,16,10.5,All Ages,Los Angeles
2021,90255,186,25.7,All Ages,Los Angeles
2021,90260,83,24.4,All Ages,Los Angeles
2021,90262,213,27.2,All Ages,Los Angeles
2021,90265,13,9.1,All Ages,Los Angeles
2021,90266,14,4.8,All Ages,Los Angeles
2021,90270,51,18,All Ages,Los Angeles
2021,90272,13,6.5,All Ages,Los Angeles
2021,90275,17,5.1,All Ages,Los Angeles
2021,90277,29,9.1,All Ages,Los Angeles
2021,90278,40,10.4,All Ages,Los Angeles
2021,90280,218,22.4,All Ages,Los Angeles
2021,90291,28,9.6,All Ages,Los Angeles
2021,90292,32,17.3,All Ages,Los Angeles
2021,90293,12,19,All Ages,Los Angeles
2021,90301,136,36.8,All Ages,Los Angeles
2021,90302,116,40.3,All Ages,Los Angeles
2021,90303,128,48.6,All Ages,Los Angeles
2021,90304,73,24.8,All Ages,Los Angeles
2021,90305,60,45.7,All Ages,Los Angeles
2021,90401,17,21.2,All Ages,Los Angeles
2021,90403,12,7.3,All Ages,Los Angeles
2021,90404,41,18.8,All Ages,Los Angeles
2021,90405,26,11.1,All Ages,Los Angeles
2021,90501,95,21.7,All Ages,Los Angeles
2021,90502,37,20.8,All Ages,Los Angeles
2021,90503,46,12.1,All Ages,Los Angeles
2021,90504,43,16.4,All Ages,Los Angeles
2021,90505,40,12.2,All Ages,Los Angeles
2021,90601,74,23.9,All Ages,Los Angeles
2021,90602,67,25.8,All Ages,Los Angeles
2021,90603,28,16.2,All Ages,Los Angeles
2021,90604,94,23.1,All Ages,Los Angeles
2021,90605,102,24.6,All Ages,Los Angeles
2021,90606,94,30.1,All Ages,Los Angeles
2021,90620,78,18.4,All Ages,Orange
2021,90621,62,16.4,All Ages,Orange
2021,90623,18,13.4,All Ages,Orange
2021,90630,59,14.6,All Ages,Orange
2021,90631,128,18.1,All Ages,Orange
2021,90638,58,13.2,All Ages,Los Angeles
2021,90640,142,23.3,All Ages,Los Angeles
2021,90650,209,19.7,All Ages,Los Angeles
2021,90660,131,21.9,All Ages,Los Angeles
2021,90670,31,20.5,All Ages,Los Angeles
2021,90680,85,25.5,All Ages,Orange
2021,90701,26,16.6,All Ages,Los Angeles
2021,90703,61,14.3,All Ages,Los Angeles
2021,90706,250,31.9,All Ages,Los Angeles
2021,90710,62,24.6,All Ages,Los Angeles
2021,90712,81,27.8,All Ages,Los Angeles
2021,90713,41,15.4,All Ages,Los Angeles
2021,90715,51,27.1,All Ages,Los Angeles
2021,90716,25,16.9,All Ages,Los Angeles
2021,90717,38,17.4,All Ages,Los Angeles
2021,90720,23,11.5,All Ages,Orange
2021,90723,135,24.6,All Ages,Los Angeles
2021,90731,182,30.1,All Ages,Los Angeles
2021,90732,27,13.3,All Ages,Los Angeles
2021,90740,23,10,All Ages,Orange
2021,90744,177,31.8,All Ages,Los Angeles
2021,90745,140,23.9,All Ages,Los Angeles
2021,90746,97,43.2,All Ages,Los Angeles
2021,90755,25,22.1,All Ages,Los Angeles
2021,90802,111,29.5,All Ages,Los Angeles
2021,90803,42,13.1,All Ages,Los Angeles
2021,90804,148,31.8,All Ages,Los Angeles
2021,90805,360,40.5,All Ages,Los Angeles
2021,90806,194,43.2,All Ages,Los Angeles
2021,90807,69,23.6,All Ages,Los Angeles
2021,90808,47,15.6,All Ages,Los Angeles
2021,90810,115,30.3,All Ages,Los Angeles
2021,90813,277,47.5,All Ages,Los Angeles
2021,90814,30,19.8,All Ages,Los Angeles
2021,90815,58,15.9,All Ages,Los Angeles
2021,91001,66,21.1,All Ages,Los Angeles
2021,91006,26,9.6,All Ages,Los Angeles
2021,91007,25,9.1,All Ages,Los Angeles
2021,91010,46,18.9,All Ages,Los Angeles
2021,91011,13,8.2,All Ages,Los Angeles
2021,91016,76,20.1,All Ages,Los Angeles
2021,91020,17,19,All Ages,Los Angeles
2021,91030,19,8.3,All Ages,Los Angeles
2021,91040,35,17.4,All Ages,Los Angeles
2021,91042,36,14.1,All Ages,Los Angeles
2021,91101,33,16.4,All Ages,Los Angeles
2021,91103,64,21.4,All Ages,Los Angeles
2021,91104,40,11.4,All Ages,Los Angeles
2021,91106,24,11.6,All Ages,Los Angeles
2021,91107,42,13.6,All Ages,Los Angeles
2021,91201,31,16,All Ages,Los Angeles
2021,91202,52,25.1,All Ages,Los Angeles
2021,91203,17,9,All Ages,Los Angeles
2021,91204,37,18.2,All Ages,Los Angeles
2021,91205,59,16.5,All Ages,Los Angeles
2021,91206,44,15.7,All Ages,Los Angeles
2021,91207,18,18.4,All Ages,Los Angeles
2021,91208,15,11.7,All Ages,Los Angeles
2021,91214,21,7.9,All Ages,Los Angeles
2021,91301,24,10.2,All Ages,Los Angeles
2021,91302,24,11.3,All Ages,Los Angeles
2021,91303,71,21.9,All Ages,Los Angeles
2021,91304,125,25.2,All Ages,Los Angeles
2021,91306,101,23.4,All Ages,Los Angeles
2021,91307,47,22.5,All Ages,Los Angeles
2021,91311,72,21.2,All Ages,Los Angeles
2021,91316,49,19.2,All Ages,Los Angeles
2021,91320,39,9.5,All Ages,Ventura
2021,91321,71,19.3,All Ages,Los Angeles
2021,91324,45,13.9,All Ages,Los Angeles
2021,91325,90,26.2,All Ages,Los Angeles
2021,91326,39,12,All Ages,Los Angeles
2021,91331,281,26.2,All Ages,Los Angeles
2021,91335,230,30.9,All Ages,Los Angeles
2021,91340,107,30,All Ages,Los Angeles
2021,91342,218,23,All Ages,Los Angeles
2021,91343,166,26.6,All Ages,Los Angeles
2021,91344,80,17.7,All Ages,Los Angeles
2021,91345,50,26.1,All Ages,Los Angeles
2021,91350,51,13.3,All Ages,Los Angeles
2021,91351,49,14.4,All Ages,Los Angeles
2021,91352,104,20.2,All Ages,Los Angeles
2021,91354,29,9.3,All Ages,Los Angeles
2021,91355,31,9.5,All Ages,Los Angeles
2021,91356,45,16.8,All Ages,Los Angeles
2021,91360,52,12.7,All Ages,Ventura
2021,91361,16,9.2,All Ages,Ventura
2021,91362,33,9.4,All Ages,Ventura
2021,91364,44,18.4,All Ages,Los Angeles
2021,91367,58,14.4,All Ages,Los Angeles
2021,91381,16,7.8,All Ages,Los Angeles
2021,91384,30,9.9,All Ages,Los Angeles
2021,91387,85,19.9,All Ages,Los Angeles
2021,91390,20,10.4,All Ages,Los Angeles
2021,91401,78,18.5,All Ages,Los Angeles
2021,91402,218,29.5,All Ages,Los Angeles
2021,91403,42,17.9,All Ages,Los Angeles
2021,91405,235,47.4,All Ages,Los Angeles
2021,91406,137,23,All Ages,Los Angeles
2021,91411,60,24.6,All Ages,Los Angeles
2021,91423,43,16.2,All Ages,Los Angeles
2021,91436,13,10.4,All Ages,Los Angeles
2021,91501,29,16.2,All Ages,Los Angeles
2021,91504,36,15.7,All Ages,Los Angeles
2021,91505,46,15.4,All Ages,Los Angeles
2021,91506,28,14.2,All Ages,Los Angeles
2021,91601,100,24.5,All Ages,Los Angeles
2021,91602,14,9.7,All Ages,Los Angeles
2021,91604,29,10.5,All Ages,Los Angeles
2021,91605,160,28.3,All Ages,Los Angeles
2021,91606,104,22.3,All Ages,Los Angeles
2021,91607,36,12.7,All Ages,Los Angeles
2021,91701,54,15.4,All Ages,San Bernardino
2021,91702,178,27.9,All Ages,Los Angeles
2021,91706,202,25.1,All Ages,Los Angeles
2021,91708,27,19.7,All Ages,San Bernardino
2021,91709,108,13.5,All Ages,San Bernardino
2021,91710,156,18.9,All Ages,San Bernardino
2021,91711,41,14,All Ages,Los Angeles
2021,91722,118,32.1,All Ages,Los Angeles
2021,91723,86,43.3,All Ages,Los Angeles
2021,91724,65,26,All Ages,Los Angeles
2021,91730,134,19.4,All Ages,San Bernardino
2021,91731,70,24.6,All Ages,Los Angeles
2021,91732,146,22.8,All Ages,Los Angeles
2021,91733,121,26.5,All Ages,Los Angeles
2021,91737,23,11,All Ages,San Bernardino
2021,91739,67,17.1,All Ages,San Bernardino
2021,91740,55,23.5,All Ages,Los Angeles
2021,91741,34,14.4,All Ages,Los Angeles
2021,91744,243,28.8,All Ages,Los Angeles
2021,91745,91,18.8,All Ages,Los Angeles
2021,91746,67,21.2,All Ages,Los Angeles
2021,91748,48,10.9,All Ages,Los Angeles
2021,91750,56,19.4,All Ages,Los Angeles
2021,91752,57,14.2,All Ages,Riverside
2021,91754,54,17.8,All Ages,Los Angeles
2021,91755,23,9,All Ages,Los Angeles
2021,91761,173,25.2,All Ages,San Bernardino
2021,91762,163,24.9,All Ages,San Bernardino
2021,91763,115,28.5,All Ages,San Bernardino
2021,91764,201,32.8,All Ages,San Bernardino
2021,91765,54,12.5,All Ages,Los Angeles
2021,91766,234,30.2,All Ages,Los Angeles
2021,91767,153,30.3,All Ages,Los Angeles
2021,91768,109,31.3,All Ages,Los Angeles
2021,91770,79,13.1,All Ages,Los Angeles
2021,91773,78,24.8,All Ages,Los Angeles
2021,91775,26,12.5,All Ages,Los Angeles
2021,91776,49,14.4,All Ages,Los Angeles
2021,91780,34,9.9,All Ages,Los Angeles
2021,91784,53,22.5,All Ages,San Bernardino
2021,91786,140,26.4,All Ages,San Bernardino
2021,91789,50,15.1,All Ages,Los Angeles
2021,91790,126,26.6,All Ages,Los Angeles
2021,91791,106,36.2,All Ages,Los Angeles
2021,91792,65,21.9,All Ages,Los Angeles
2021,91801,73,15.4,All Ages,Los Angeles
2021,91803,53,18.4,All Ages,Los Angeles
2021,91901,48,33,All Ages,San Diego
2021,91902,22,14.3,All Ages,San Diego
2021,91906,14,38.7,All Ages,San Diego
2021,91910,187,24.4,All Ages,San Diego
2021,91911,215,24.5,All Ages,San Diego
2021,91913,82,14.5,All Ages,San Diego
2021,91914,19,12.6,All Ages,San Diego
2021,91915,44,13.7,All Ages,San Diego
2021,91932,62,23.5,All Ages,San Diego
2021,91935,13,14,All Ages,San Diego
2021,91941,49,17.3,All Ages,San Diego
2021,91942,63,17.2,All Ages,San Diego
2021,91945,80,30.9,All Ages,San Diego
2021,91950,194,35.2,All Ages,San Diego
2021,91977,147,25.2,All Ages,San Diego
2021,91978,14,16.5,All Ages,San Diego
2021,92008,40,14.5,All Ages,San Diego
2021,92009,12,3.2,All Ages,San Diego
2021,92010,14,8.8,All Ages,San Diego
2021,92011,21,10.9,All Ages,San Diego
2021,92019,78,20,All Ages,San Diego
2021,92020,200,35.1,All Ages,San Diego
2021,92021,213,32,All Ages,San Diego
2021,92024,36,8.2,All Ages,San Diego
2021,92025,115,21.9,All Ages,San Diego
2021,92026,75,14.4,All Ages,San Diego
2021,92027,90,16,All Ages,San Diego
2021,92028,58,13.1,All Ages,San Diego
2021,92029,15,8.5,All Ages,San Diego
2021,92040,101,25.2,All Ages,San Diego
2021,92054,54,13.2,All Ages,San Diego
2021,92056,78,15.3,All Ages,San Diego
2021,92057,73,12.8,All Ages,San Diego
2021,92058,45,12.1,All Ages,San Diego
2021,92064,61,15,All Ages,San Diego
2021,92065,59,17.6,All Ages,San Diego
2021,92069,74,14.4,All Ages,San Diego
2021,92071,100,20,All Ages,San Diego
2021,92078,42,7.8,All Ages,San Diego
2021,92081,38,15.1,All Ages,San Diego
2021,92082,16,8.5,All Ages,San Diego
2021,92083,64,14.8,All Ages,San Diego
2021,92084,81,15.6,All Ages,San Diego
2021,92101,103,28.9,All Ages,San Diego
2021,92102,124,28.6,All Ages,San Diego
2021,92103,43,15.1,All Ages,San Diego
2021,92104,68,16.4,All Ages,San Diego
2021,92105,232,32.7,All Ages,San Diego
2021,92106,14,6.8,All Ages,San Diego
2021,92107,21,7.1,All Ages,San Diego
2021,92108,43,20.6,All Ages,San Diego
2021,92109,25,6,All Ages,San Diego
2021,92110,36,15.4,All Ages,San Diego
2021,92111,88,19.6,All Ages,San Diego
2021,92113,199,35.5,All Ages,San Diego
2021,92114,263,41.1,All Ages,San Diego
2021,92115,189,34.4,All Ages,San Diego
2021,92116,43,13.6,All Ages,San Diego
2021,92117,78,17.3,All Ages,San Diego
2021,92118,22,12.2,All Ages,San Diego
2021,92119,43,23.2,All Ages,San Diego
2021,92120,50,17.9,All Ages,San Diego
2021,92122,23,6.1,All Ages,San Diego
2021,92123,69,23.7,All Ages,San Diego
2021,92124,35,11.4,All Ages,San Diego
2021,92126,105,15.6,All Ages,San Diego
2021,92127,35,6.6,All Ages,San Diego
2021,92128,41,9.1,All Ages,San Diego
2021,92129,56,10.3,All Ages,San Diego
2021,92130,27,5.2,All Ages,San Diego
2021,92131,16,5.3,All Ages,San Diego
2021,92139,95,26.7,All Ages,San Diego
2021,92154,194,22.8,All Ages,San Diego
2021,92173,79,25.9,All Ages,San Diego
2021,92201,194,31.8,All Ages,Riverside
2021,92203,41,13.6,All Ages,Riverside
2021,92211,24,16,All Ages,Riverside
2021,92220,109,38.5,All Ages,Riverside
2021,92223,183,33.1,All Ages,Riverside
2021,92225,74,34.1,All Ages,Riverside
2021,92227,113,42.9,All Ages,Imperial
2021,92231,54,13.8,All Ages,Imperial
2021,92234,126,25.9,All Ages,Riverside
2021,92236,107,21.4,All Ages,Riverside
2021,92240,167,45.8,All Ages,Riverside
2021,92241,23,35.7,All Ages,Riverside
2021,92243,125,24.9,All Ages,Imperial
2021,92250,12,16,All Ages,Imperial
2021,92251,47,20.9,All Ages,Imperial
2021,92252,30,35.1,All Ages,San Bernardino
2021,92253,79,26.7,All Ages,Riverside
2021,92254,19,11.6,All Ages,Riverside
2021,92260,33,15.5,All Ages,Riverside
2021,92262,64,24.9,All Ages,Riverside
2021,92264,26,21.5,All Ages,Riverside
2021,92274,34,11.7,All Ages,Riverside
2021,92276,17,28.9,All Ages,Riverside
2021,92277,49,18.4,All Ages,San Bernardino
2021,92281,13,49.6,All Ages,Imperial
2021,92284,85,37.4,All Ages,San Bernardino
2021,92285,13,78.4,All Ages,San Bernardino
2021,92301,194,53.2,All Ages,San Bernardino
2021,92307,175,47.3,All Ages,San Bernardino
2021,92308,127,34,All Ages,San Bernardino
2021,92311,324,103.8,All Ages,San Bernardino
2021,92313,24,20,All Ages,San Bernardino
2021,92314,42,40.7,All Ages,San Bernardino
2021,92315,25,56,All Ages,San Bernardino
2021,92316,75,23.3,All Ages,San Bernardino
2021,92320,16,19.7,All Ages,Riverside
2021,92324,173,27.7,All Ages,San Bernardino
2021,92325,38,44.9,All Ages,San Bernardino
2021,92335,281,27.5,All Ages,San Bernardino
2021,92336,158,15.9,All Ages,San Bernardino
2021,92337,78,20.5,All Ages,San Bernardino
2021,92342,13,20.3,All Ages,San Bernardino
2021,92344,44,20.5,All Ages,San Bernardino
2021,92345,272,32.2,All Ages,San Bernardino
2021,92346,157,28.3,All Ages,San Bernardino
2021,92354,60,30,All Ages,San Bernardino
2021,92359,16,20.8,All Ages,San Bernardino
2021,92363,26,55.4,All Ages,San Bernardino
2021,92371,38,21.3,All Ages,San Bernardino
2021,92372,12,21.8,All Ages,San Bernardino
2021,92373,57,18.5,All Ages,San Bernardino
2021,92374,67,16,All Ages,San Bernardino
2021,92376,284,33.5,All Ages,San Bernardino
2021,92377,47,24.2,All Ages,San Bernardino
2021,92382,15,27.8,All Ages,San Bernardino
2021,92386,13,64.1,All Ages,San Bernardino
2021,92392,196,33.2,All Ages,San Bernardino
2021,92394,132,32,All Ages,San Bernardino
2021,92395,224,50.4,All Ages,San Bernardino
2021,92399,87,16.2,All Ages,San Bernardino
2021,92401,27,172.6,All Ages,San Bernardino
2021,92404,391,69.5,All Ages,San Bernardino
2021,92405,208,71.6,All Ages,San Bernardino
2021,92407,240,36.6,All Ages,San Bernardino
2021,92408,67,41.1,All Ages,San Bernardino
2021,92410,257,47.2,All Ages,San Bernardino
2021,92411,161,61.4,All Ages,San Bernardino
2021,92501,93,41,All Ages,Riverside
2021,92503,267,27.9,All Ages,Riverside
2021,92504,193,34.1,All Ages,Riverside
2021,92505,131,25.1,All Ages,Riverside
2021,92506,85,19.9,All Ages,Riverside
2021,92507,177,30.9,All Ages,Riverside
2021,92508,44,12.2,All Ages,Riverside
2021,92509,215,26.1,All Ages,Riverside
2021,92530,147,24.7,All Ages,Riverside
2021,92532,56,21.4,All Ages,Riverside
2021,92543,241,76.8,All Ages,Riverside
2021,92544,130,29.3,All Ages,Riverside
2021,92545,127,33.4,All Ages,Riverside
2021,92548,30,39.6,All Ages,Riverside
2021,92551,138,40.5,All Ages,Riverside
2021,92553,272,35.2,All Ages,Riverside
2021,92555,130,30.8,All Ages,Riverside
2021,92557,172,33,All Ages,Riverside
2021,92562,141,22.9,All Ages,Riverside
2021,92563,136,18,All Ages,Riverside
2021,92567,15,14.4,All Ages,Riverside
2021,92570,170,27.5,All Ages,Riverside
2021,92571,129,22.2,All Ages,Riverside
2021,92582,55,27.1,All Ages,Riverside
2021,92583,143,44.7,All Ages,Riverside
2021,92584,125,22,All Ages,Riverside
2021,92585,60,24.7,All Ages,Riverside
2021,92586,47,34,All Ages,Riverside
2021,92587,22,13.7,All Ages,Riverside
2021,92591,70,15.9,All Ages,Riverside
2021,92592,112,14.6,All Ages,Riverside
2021,92595,125,37.6,All Ages,Riverside
2021,92596,60,18.1,All Ages,Riverside
2021,92602,22,7.4,All Ages,Orange
2021,92604,34,14.2,All Ages,Orange
2021,92606,26,11.9,All Ages,Orange
2021,92612,35,14.2,All Ages,Orange
2021,92614,35,14.2,All Ages,Orange
2021,92618,58,12.9,All Ages,Orange
2021,92620,31,5.9,All Ages,Orange
2021,92626,92,21,All Ages,Orange
2021,92627,99,15.9,All Ages,Orange
2021,92629,26,11.6,All Ages,Orange
2021,92630,84,12.7,All Ages,Orange
2021,92646,61,12.1,All Ages,Orange
2021,92647,117,19.8,All Ages,Orange
2021,92648,47,9.3,All Ages,Orange
2021,92649,31,11.6,All Ages,Orange
2021,92651,21,11.1,All Ages,Orange
2021,92653,36,13.8,All Ages,Orange
2021,92655,15,21.1,All Ages,Orange
2021,92656,54,10.8,All Ages,Orange
2021,92660,39,12.6,All Ages,Orange
2021,92663,21,13.9,All Ages,Orange
2021,92672,36,8.9,All Ages,Orange
2021,92673,14,4.5,All Ages,Orange
2021,92675,27,8,All Ages,Orange
2021,92677,58,9.7,All Ages,Orange
2021,92679,17,6.7,All Ages,Orange
2021,92683,140,16.5,All Ages,Orange
2021,92688,37,7.9,All Ages,Orange
2021,92691,42,9.9,All Ages,Orange
2021,92692,40,9.4,All Ages,Orange
2021,92694,30,8.9,All Ages,Orange
2021,92701,102,17.7,All Ages,Orange
2021,92703,156,22.1,All Ages,Orange
2021,92704,177,19.4,All Ages,Orange
2021,92705,83,19.1,All Ages,Orange
2021,92706,75,20,All Ages,Orange
2021,92707,136,21,All Ages,Orange
2021,92708,64,14.7,All Ages,Orange
2021,92780,102,18.2,All Ages,Orange
2021,92782,37,14.1,All Ages,Orange
2021,92801,139,21,All Ages,Orange
2021,92802,115,24.8,All Ages,Orange
2021,92804,212,24.3,All Ages,Orange
2021,92805,178,21,All Ages,Orange
2021,92806,89,22.6,All Ages,Orange
2021,92807,54,17.4,All Ages,Orange
2021,92808,25,14.2,All Ages,Orange
2021,92821,35,9.1,All Ages,Orange
2021,92831,66,20.5,All Ages,Orange
2021,92832,58,20.8,All Ages,Orange
2021,92833,74,14.8,All Ages,Orange
2021,92835,44,21.1,All Ages,Orange
2021,92840,88,16.1,All Ages,Orange
2021,92841,61,19.4,All Ages,Orange
2021,92843,84,17.6,All Ages,Orange
2021,92844,34,15.3,All Ages,Orange
2021,92845,30,21.3,All Ages,Orange
2021,92860,34,14.4,All Ages,Riverside
2021,92865,37,19.1,All Ages,Orange
2021,92866,43,32.8,All Ages,Orange
2021,92867,93,22,All Ages,Orange
2021,92868,48,20.1,All Ages,Orange
2021,92869,57,16.8,All Ages,Orange
2021,92870,102,20.2,All Ages,Orange
2021,92879,106,22.9,All Ages,Riverside
2021,92880,101,12.7,All Ages,Riverside
2021,92881,36,10.7,All Ages,Riverside
2021,92882,144,20.7,All Ages,Riverside
2021,92883,64,18.7,All Ages,Riverside
2021,92886,55,13,All Ages,Orange
2021,92887,25,15.8,All Ages,Orange
2021,93001,59,18.7,All Ages,Ventura
2021,93003,87,19.4,All Ages,Ventura
2021,93004,40,15.3,All Ages,Ventura
2021,93010,56,12.3,All Ages,Ventura
2021,93012,33,10.2,All Ages,Ventura
2021,93013,23,14.7,All Ages,Santa Barbara
2021,93015,29,15.4,All Ages,Ventura
2021,93021,41,11.9,All Ages,Ventura
2021,93023,29,15.5,All Ages,Ventura
2021,93030,136,21.6,All Ages,Ventura
2021,93033,136,15.9,All Ages,Ventura
2021,93035,36,13.7,All Ages,Ventura
2021,93036,114,23.9,All Ages,Ventura
2021,93041,43,19.8,All Ages,Ventura
2021,93060,71,21.2,All Ages,Ventura
2021,93063,94,17.6,All Ages,Ventura
2021,93065,133,19.2,All Ages,Ventura
2021,93101,47,16.2,All Ages,Santa Barbara
2021,93103,20,11.4,All Ages,Santa Barbara
2021,93105,25,10.8,All Ages,Santa Barbara
2021,93110,19,10.3,All Ages,Santa Barbara
2021,93117,48,9.7,All Ages,Santa Barbara
2021,93202,30,80.2,All Ages,Kings
2021,93203,32,13.3,All Ages,Kern
2021,93204,29,20.9,All Ages,Kings
2021,93210,54,32.9,All Ages,Fresno
2021,93212,55,22.3,All Ages,Kings
2021,93215,121,21.8,All Ages,Kern
2021,93219,37,29.8,All Ages,Tulare
2021,93221,33,21.4,All Ages,Tulare
2021,93223,17,15.2,All Ages,Tulare
2021,93230,276,37.8,All Ages,Kings
2021,93234,14,14.4,All Ages,Fresno
2021,93240,15,39.1,All Ages,Kern
2021,93241,27,15.5,All Ages,Kern
2021,93245,118,27.4,All Ages,Kings
2021,93247,45,22.6,All Ages,Tulare
2021,93250,43,28.2,All Ages,Kern
2021,93256,18,21.9,All Ages,Tulare
2021,93257,288,34.3,All Ages,Tulare
2021,93261,13,50.9,All Ages,Tulare
2021,93263,28,11.5,All Ages,Kern
2021,93267,15,21.3,All Ages,Tulare
2021,93268,14,7.5,All Ages,Kern
2021,93270,21,27.3,All Ages,Tulare
2021,93274,285,36.7,All Ages,Tulare
2021,93277,100,21.3,All Ages,Tulare
2021,93280,51,15.4,All Ages,Kern
2021,93286,15,17.1,All Ages,Tulare
2021,93291,99,15.7,All Ages,Tulare
2021,93292,71,15.8,All Ages,Tulare
2021,93301,107,84.9,All Ages,Kern
2021,93304,240,47.1,All Ages,Kern
2021,93305,184,48.8,All Ages,Kern
2021,93306,183,25.8,All Ages,Kern
2021,93307,268,27.5,All Ages,Kern
2021,93308,182,33,All Ages,Kern
2021,93309,155,27.8,All Ages,Kern
2021,93311,67,12.7,All Ages,Kern
2021,93312,79,14.1,All Ages,Kern
2021,93313,115,19,All Ages,Kern
2021,93314,27,8.2,All Ages,Kern
2021,93401,41,16.5,All Ages,San Luis Obispo
2021,93402,18,14.6,All Ages,San Luis Obispo
2021,93405,34,15.1,All Ages,San Luis Obispo
2021,93420,39,15.9,All Ages,San Luis Obispo
2021,93422,33,11.2,All Ages,San Luis Obispo
2021,93433,18,13.8,All Ages,San Luis Obispo
2021,93434,12,14.3,All Ages,Santa Barbara
2021,93436,157,28.8,All Ages,Santa Barbara
2021,93444,39,19,All Ages,San Luis Obispo
2021,93445,22,31.2,All Ages,San Luis Obispo
2021,93446,77,18.8,All Ages,San Luis Obispo
2021,93454,81,22,All Ages,Santa Barbara
2021,93455,58,14.9,All Ages,Santa Barbara
2021,93458,98,14.9,All Ages,Santa Barbara
2021,93463,13,17,All Ages,Santa Barbara
2021,93465,15,15.9,All Ages,San Luis Obispo
2021,93501,35,61.6,All Ages,Kern
2021,93505,94,66.5,All Ages,Kern
2021,93514,21,18.5,All Ages,Inyo
2021,93516,16,95.9,All Ages,Kern
2021,93534,328,81.1,All Ages,Los Angeles
2021,93535,550,74.7,All Ages,Los Angeles
2021,93536,211,29.3,All Ages,Los Angeles
2021,93543,64,54.6,All Ages,Los Angeles
2021,93545,16,98.4,All Ages,Inyo
2021,93546,35,35,All Ages,Mono
2021,93550,473,62.4,All Ages,Los Angeles
2021,93551,154,30.3,All Ages,Los Angeles
2021,93552,159,39,All Ages,Los Angeles
2021,93555,115,37.9,All Ages,Kern
2021,93560,81,40.8,All Ages,Kern
2021,93561,96,30.3,All Ages,Kern
2021,93562,16,108.2,All Ages,San Bernardino
2021,93591,42,63.6,All Ages,Los Angeles
2021,93609,19,29,All Ages,Fresno
2021,93610,63,27.3,All Ages,Madera
2021,93611,75,16.7,All Ages,Fresno
2021,93612,116,32,All Ages,Fresno
2021,93614,20,24.7,All Ages,Madera
2021,93615,15,19.1,All Ages,Tulare
2021,93618,94,27.4,All Ages,Tulare
2021,93619,62,13.5,All Ages,Fresno
2021,93620,42,38.4,All Ages,Merced
2021,93622,30,24.3,All Ages,Fresno
2021,93625,36,44.2,All Ages,Fresno
2021,93630,61,26.1,All Ages,Fresno
2021,93631,54,31,All Ages,Fresno
2021,93635,190,41.6,All Ages,Merced
2021,93636,23,20.9,All Ages,Madera
2021,93637,153,38.7,All Ages,Madera
2021,93638,192,32.2,All Ages,Madera
2021,93640,40,26.2,All Ages,Fresno
2021,93644,12,24.1,All Ages,Madera
2021,93646,31,25.5,All Ages,Fresno
2021,93647,34,26.9,All Ages,Tulare
2021,93648,71,35.5,All Ages,Fresno
2021,93654,118,38,All Ages,Fresno
2021,93656,16,21.9,All Ages,Fresno
2021,93657,121,31,All Ages,Fresno
2021,93662,123,38.6,All Ages,Fresno
2021,93701,117,93.9,All Ages,Fresno
2021,93702,248,49.3,All Ages,Fresno
2021,93703,163,45.7,All Ages,Fresno
2021,93704,100,36.9,All Ages,Fresno
2021,93705,214,55,All Ages,Fresno
2021,93706,256,59.5,All Ages,Fresno
2021,93710,131,49.1,All Ages,Fresno
2021,93711,62,17.8,All Ages,Fresno
2021,93720,71,15.5,All Ages,Fresno
2021,93721,36,54.4,All Ages,Fresno
2021,93722,319,36.9,All Ages,Fresno
2021,93723,21,16.8,All Ages,Fresno
2021,93725,93,32.2,All Ages,Fresno
2021,93726,196,45.7,All Ages,Fresno
2021,93727,282,31.9,All Ages,Fresno
2021,93728,63,38.7,All Ages,Fresno
2021,93730,20,16.1,All Ages,Fresno
2021,93737,17,27.1,All Ages,Fresno
2021,93901,97,37.4,All Ages,Monterey
2021,93905,211,32.9,All Ages,Monterey
2021,93906,169,27,All Ages,Monterey
2021,93907,53,26.3,All Ages,Monterey
2021,93908,13,12,All Ages,Monterey
2021,93926,39,38.9,All Ages,Monterey
2021,93927,50,24.1,All Ages,Monterey
2021,93930,45,24.6,All Ages,Monterey
2021,93933,66,24.2,All Ages,Monterey
2021,93940,31,10.5,All Ages,Monterey
2021,93950,18,15.6,All Ages,Monterey
2021,93955,65,18.5,All Ages,Monterey
2021,93960,48,17.4,All Ages,Monterey
2021,94002,27,11,All Ages,San Mateo
2021,94005,15,38.1,All Ages,San Mateo
2021,94010,28,7.7,All Ages,San Mateo
2021,94014,82,17.1,All Ages,San Mateo
2021,94015,104,18,All Ages,San Mateo
2021,94019,24,13.8,All Ages,San Mateo
2021,94025,39,8.8,All Ages,San Mateo
2021,94030,17,8.9,All Ages,San Mateo
2021,94040,27,7.4,All Ages,Santa Clara
2021,94043,17,5.3,All Ages,Santa Clara
2021,94044,48,14.3,All Ages,San Mateo
2021,94061,42,11.8,All Ages,San Mateo
2021,94063,95,27.7,All Ages,San Mateo
2021,94066,61,14.8,All Ages,San Mateo
2021,94070,20,6.6,All Ages,San Mateo
2021,94080,117,19.6,All Ages,San Mateo
2021,94085,14,5.7,All Ages,Santa Clara
2021,94086,46,9.5,All Ages,Santa Clara
2021,94087,30,5.1,All Ages,Santa Clara
2021,94089,24,11.6,All Ages,Santa Clara
2021,94102,126,36.3,All Ages,San Francisco
2021,94103,67,16.6,All Ages,San Francisco
2021,94105,25,22,All Ages,San Francisco
2021,94107,62,23.3,All Ages,San Francisco
2021,94108,13,10.7,All Ages,San Francisco
2021,94109,96,19.3,All Ages,San Francisco
2021,94110,139,23,All Ages,San Francisco
2021,94112,144,19.5,All Ages,San Francisco
2021,94114,21,7.6,All Ages,San Francisco
2021,94115,68,26.8,All Ages,San Francisco
2021,94116,33,10.1,All Ages,San Francisco
2021,94117,47,14.8,All Ages,San Francisco
2021,94118,23,6.8,All Ages,San Francisco
2021,94121,34,9.2,All Ages,San Francisco
2021,94122,48,10.8,All Ages,San Francisco
2021,94124,198,49.7,All Ages,San Francisco
2021,94127,17,11.3,All Ages,San Francisco
2021,94131,17,7.9,All Ages,San Francisco
2021,94132,29,13.7,All Ages,San Francisco
2021,94133,38,17.2,All Ages,San Francisco
2021,94134,95,25,All Ages,San Francisco
2021,94158,21,30.1,All Ages,San Francisco
2021,94303,108,23.4,All Ages,Santa Clara
2021,94306,22,7.4,All Ages,Santa Clara
2021,94401,60,17.4,All Ages,San Mateo
2021,94402,24,9.8,All Ages,San Mateo
2021,94403,52,13.1,All Ages,San Mateo
2021,94404,26,8.2,All Ages,San Mateo
2021,94501,111,18,All Ages,Alameda
2021,94502,12,9.2,All Ages,Alameda
2021,94503,44,18.5,All Ages,Napa
2021,94505,23,16.9,All Ages,Contra Costa
2021,94506,13,5.5,All Ages,Contra Costa
2021,94509,365,56.4,All Ages,Contra Costa
2021,94510,49,18.8,All Ages,Solano
2021,94511,15,91.7,All Ages,Contra Costa
2021,94513,142,20.9,All Ages,Contra Costa
2021,94518,55,21.6,All Ages,Contra Costa
2021,94519,43,25.7,All Ages,Contra Costa
2021,94520,114,28.4,All Ages,Contra Costa
2021,94521,92,21,All Ages,Contra Costa
2021,94523,39,11.7,All Ages,Contra Costa
2021,94526,20,6.6,All Ages,Contra Costa
2021,94530,30,14,All Ages,Contra Costa
2021,94531,198,44.9,All Ages,Contra Costa
2021,94533,402,54.2,All Ages,Solano
2021,94534,76,19.3,All Ages,Solano
2021,94536,100,13.9,All Ages,Alameda
2021,94538,132,20.2,All Ages,Alameda
2021,94539,35,7.7,All Ages,Alameda
2021,94541,193,28.9,All Ages,Alameda
2021,94542,19,13.3,All Ages,Alameda
2021,94544,198,25,All Ages,Alameda
2021,94545,89,28.6,All Ages,Alameda
2021,94546,76,19.1,All Ages,Alameda
2021,94547,37,14.7,All Ages,Contra Costa
2021,94549,26,12,All Ages,Contra Costa
2021,94550,77,14.6,All Ages,Alameda
2021,94551,66,16,All Ages,Alameda
2021,94552,16,12,All Ages,Alameda
2021,94553,84,18,All Ages,Contra Costa
2021,94555,40,10.6,All Ages,Alameda
2021,94558,100,16.2,All Ages,Napa
2021,94559,39,13.9,All Ages,Napa
2021,94560,88,18.7,All Ages,Alameda
2021,94561,133,31.9,All Ages,Contra Costa
2021,94563,18,13.7,All Ages,Contra Costa
2021,94564,44,26,All Ages,Contra Costa
2021,94565,411,45.1,All Ages,Contra Costa
2021,94566,59,12.9,All Ages,Alameda
2021,94568,74,11.6,All Ages,Alameda
2021,94571,19,30.9,All Ages,Solano
2021,94572,18,22.8,All Ages,Contra Costa
2021,94577,135,27.9,All Ages,Alameda
2021,94578,123,30.8,All Ages,Alameda
2021,94579,38,19.2,All Ages,Alameda
2021,94580,74,25.6,All Ages,Alameda
2021,94582,38,9.4,All Ages,Contra Costa
2021,94583,36,11.4,All Ages,Contra Costa
2021,94585,139,48.9,All Ages,Solano
2021,94587,122,17.2,All Ages,Alameda
2021,94588,31,10.7,All Ages,Alameda
2021,94589,168,55.6,All Ages,Solano
2021,94590,219,62.2,All Ages,Solano
2021,94591,216,41.7,All Ages,Solano
2021,94595,15,12.5,All Ages,Contra Costa
2021,94596,20,9.9,All Ages,Contra Costa
2021,94597,35,16,All Ages,Contra Costa
2021,94598,23,10.1,All Ages,Contra Costa
2021,94601,227,42.1,All Ages,Alameda
2021,94602,92,30,All Ages,Alameda
2021,94603,219,68.2,All Ages,Alameda
2021,94605,255,63.5,All Ages,Alameda
2021,94606,144,39.2,All Ages,Alameda
2021,94607,152,54.2,All Ages,Alameda
2021,94608,103,34.6,All Ages,Alameda
2021,94609,87,39.7,All Ages,Alameda
2021,94610,55,18.2,All Ages,Alameda
2021,94611,44,12.4,All Ages,Alameda
2021,94612,72,39.5,All Ages,Alameda
2021,94619,92,39.3,All Ages,Alameda
2021,94621,216,66.5,All Ages,Alameda
2021,94702,36,26.9,All Ages,Alameda
2021,94703,38,17.3,All Ages,Alameda
2021,94704,22,17,All Ages,Alameda
2021,94706,20,10,All Ages,Alameda
2021,94710,22,25,All Ages,Alameda
2021,94801,206,63.9,All Ages,Contra Costa
2021,94803,65,27.2,All Ages,Contra Costa
2021,94804,216,52.6,All Ages,Contra Costa
2021,94805,44,29.6,All Ages,Contra Costa
2021,94806,241,39.7,All Ages,Contra Costa
2021,94901,67,17,All Ages,Marin
2021,94903,30,12,All Ages,Marin
2021,94925,12,12.3,All Ages,Marin
2021,94928,70,17,All Ages,Sonoma
2021,94931,12,15.1,All Ages,Sonoma
2021,94941,24,8.3,All Ages,Marin
2021,94945,23,15.2,All Ages,Marin
2021,94947,40,16.2,All Ages,Marin
2021,94949,29,18,All Ages,Marin
2021,94952,38,13.5,All Ages,Sonoma
2021,94954,49,13.3,All Ages,Sonoma
2021,94965,27,33.3,All Ages,Marin
2021,95003,20,10.3,All Ages,Santa Cruz
2021,95008,60,13.1,All Ages,Santa Clara
2021,95012,20,19,All Ages,Monterey
2021,95014,18,3.4,All Ages,Santa Clara
2021,95019,25,34,All Ages,Santa Cruz
2021,95020,165,25.7,All Ages,Santa Clara
2021,95023,130,24.2,All Ages,San Benito
2021,95032,22,9.2,All Ages,Santa Clara
2021,95035,80,10.2,All Ages,Santa Clara
2021,95037,95,19.7,All Ages,Santa Clara
2021,95045,13,28.6,All Ages,San Benito
2021,95050,44,11.5,All Ages,Santa Clara
2021,95051,54,8.8,All Ages,Santa Clara
2021,95054,20,8.9,All Ages,Santa Clara
2021,95060,37,9,All Ages,Santa Cruz
2021,95062,37,11.7,All Ages,Santa Cruz
2021,95070,13,4.7,All Ages,Santa Clara
2021,95076,261,30.1,All Ages,Santa Cruz
2021,95110,45,19.6,All Ages,Santa Clara
2021,95111,136,22.7,All Ages,Santa Clara
2021,95112,133,23.4,All Ages,Santa Clara
2021,95113,20,88.9,All Ages,Santa Clara
2021,95116,149,29.2,All Ages,Santa Clara
2021,95117,59,19,All Ages,Santa Clara
2021,95118,32,9.4,All Ages,Santa Clara
2021,95119,15,10.5,All Ages,Santa Clara
2021,95120,31,10.1,All Ages,Santa Clara
2021,95121,64,17.3,All Ages,Santa Clara
2021,95122,150,25.7,All Ages,Santa Clara
2021,95123,105,16,All Ages,Santa Clara
2021,95124,75,15.9,All Ages,Santa Clara
2021,95125,73,13.7,All Ages,Santa Clara
2021,95126,60,17.8,All Ages,Santa Clara
2021,95127,152,24.7,All Ages,Santa Clara
2021,95128,68,18.6,All Ages,Santa Clara
2021,95129,19,5.5,All Ages,Santa Clara
2021,95130,15,11,All Ages,Santa Clara
2021,95131,30,10,All Ages,Santa Clara
2021,95132,30,7.6,All Ages,Santa Clara
2021,95133,47,15,All Ages,Santa Clara
2021,95134,19,7,All Ages,Santa Clara
2021,95135,15,6.8,All Ages,Santa Clara
2021,95136,67,15.4,All Ages,Santa Clara
2021,95138,33,16.5,All Ages,Santa Clara
2021,95148,66,14.6,All Ages,Santa Clara
2021,95202,91,143.3,All Ages,San Joaquin
2021,95203,126,73,All Ages,San Joaquin
2021,95204,125,45.4,All Ages,San Joaquin
2021,95205,217,50.2,All Ages,San Joaquin
2021,95206,309,45.1,All Ages,San Joaquin
2021,95207,292,57.2,All Ages,San Joaquin
2021,95209,149,35.6,All Ages,San Joaquin
2021,95210,172,41.8,All Ages,San Joaquin
2021,95212,77,26.5,All Ages,San Joaquin
2021,95215,55,22.2,All Ages,San Joaquin
2021,95219,82,29.6,All Ages,San Joaquin
2021,95220,19,28.2,All Ages,San Joaquin
2021,95222,12,25.3,All Ages,Calaveras
2021,95231,16,31.3,All Ages,San Joaquin
2021,95240,160,32.9,All Ages,San Joaquin
2021,95242,50,18.7,All Ages,San Joaquin
2021,95249,24,91.5,All Ages,Calaveras
2021,95252,42,34.7,All Ages,Calaveras
2021,95258,12,32.6,All Ages,San Joaquin
2021,95301,116,27.5,All Ages,Merced
2021,95304,25,13.1,All Ages,San Joaquin
2021,95307,136,28.7,All Ages,Stanislaus
2021,95315,41,28.1,All Ages,Merced
2021,95316,14,20.6,All Ages,Stanislaus
2021,95320,33,26.4,All Ages,San Joaquin
2021,95322,39,41.1,All Ages,Merced
2021,95326,19,18.6,All Ages,Stanislaus
2021,95328,16,30.8,All Ages,Stanislaus
2021,95330,97,37.6,All Ages,San Joaquin
2021,95334,62,36.2,All Ages,Merced
2021,95336,152,33.1,All Ages,San Joaquin
2021,95337,135,29.8,All Ages,San Joaquin
2021,95338,22,25.1,All Ages,Mariposa
2021,95340,162,47.4,All Ages,Merced
2021,95341,159,42.6,All Ages,Merced
2021,95348,163,43.5,All Ages,Merced
2021,95350,195,40.7,All Ages,Stanislaus
2021,95351,247,51.8,All Ages,Stanislaus
2021,95354,117,46.7,All Ages,Stanislaus
2021,95355,172,28.9,All Ages,Stanislaus
2021,95356,79,25,All Ages,Stanislaus
2021,95357,35,24.9,All Ages,Stanislaus
2021,95358,118,35.2,All Ages,Stanislaus
2021,95360,22,17.2,All Ages,Stanislaus
2021,95361,146,44.7,All Ages,Stanislaus
2021,95363,63,22.1,All Ages,Stanislaus
2021,95365,26,114.2,All Ages,Merced
2021,95366,26,15.9,All Ages,San Joaquin
2021,95367,72,28.3,All Ages,Stanislaus
2021,95368,50,32.5,All Ages,Stanislaus
2021,95370,61,28.8,All Ages,Tuolumne
2021,95376,153,27.6,All Ages,San Joaquin
2021,95377,70,20.9,All Ages,San Joaquin
2021,95380,129,29.1,All Ages,Stanislaus
2021,95382,66,16.9,All Ages,Stanislaus
2021,95386,37,34.8,All Ages,Stanislaus
2021,95388,24,14.5,All Ages,Merced
2021,95391,38,17,All Ages,San Joaquin
2021,95401,46,12.6,All Ages,Sonoma
2021,95403,85,19.5,All Ages,Sonoma
2021,95404,46,12.2,All Ages,Sonoma
2021,95405,30,12.3,All Ages,Sonoma
2021,95407,78,18.9,All Ages,Sonoma
2021,95409,35,14.1,All Ages,Sonoma
2021,95422,121,80.6,All Ages,Lake
2021,95423,16,70,All Ages,Lake
2021,95425,19,18.8,All Ages,Sonoma
2021,95437,32,24.3,All Ages,Mendocino
2021,95448,25,17.7,All Ages,Sonoma
2021,95451,24,24,All Ages,Lake
2021,95453,31,32.9,All Ages,Lake
2021,95467,12,28.4,All Ages,Lake
2021,95472,16,5,All Ages,Sonoma
2021,95476,29,9.9,All Ages,Sonoma
2021,95482,130,45.2,All Ages,Mendocino
2021,95490,49,41.3,All Ages,Mendocino
2021,95492,45,17.3,All Ages,Sonoma
2021,95501,71,31.2,All Ages,Humboldt
2021,95503,63,31.9,All Ages,Humboldt
2021,95519,24,12.9,All Ages,Humboldt
2021,95521,49,22.4,All Ages,Humboldt
2021,95531,88,39.8,All Ages,Del Norte
2021,95540,38,29.3,All Ages,Humboldt
2021,95542,12,48.9,All Ages,Humboldt
2021,95560,16,91.9,All Ages,Humboldt
2021,95602,40,30.2,All Ages,Placer
2021,95603,70,26.5,All Ages,Placer
2021,95605,44,31.2,All Ages,Yolo
2021,95608,215,35.3,All Ages,Sacramento
2021,95610,149,32.3,All Ages,Sacramento
2021,95616,51,11.6,All Ages,Yolo
2021,95618,31,12.7,All Ages,Yolo
2021,95619,20,61.9,All Ages,El Dorado
2021,95620,75,33.5,All Ages,Solano
2021,95621,141,36.3,All Ages,Sacramento
2021,95624,118,17.9,All Ages,Sacramento
2021,95627,12,29.7,All Ages,Yolo
2021,95628,64,15.7,All Ages,Sacramento
2021,95630,102,13.3,All Ages,Sacramento
2021,95632,66,20.9,All Ages,Sacramento
2021,95640,29,29.3,All Ages,Amador
2021,95642,25,50.3,All Ages,Amador
2021,95648,94,18.9,All Ages,Placer
2021,95650,31,27.2,All Ages,Placer
2021,95658,12,23.5,All Ages,Placer
2021,95660,158,49.3,All Ages,Sacramento
2021,95661,61,20.1,All Ages,Placer
2021,95662,61,19.7,All Ages,Sacramento
2021,95666,15,44.4,All Ages,Amador
2021,95667,74,25.5,All Ages,El Dorado
2021,95670,191,35.4,All Ages,Sacramento
2021,95673,42,24.1,All Ages,Sacramento
2021,95677,47,19.3,All Ages,Placer
2021,95678,109,25.2,All Ages,Placer
2021,95682,68,26.4,All Ages,El Dorado
2021,95683,19,45.7,All Ages,Sacramento
2021,95685,13,40.6,All Ages,Amador
2021,95687,208,31,All Ages,Solano
2021,95688,125,36.2,All Ages,Solano
2021,95691,109,28.6,All Ages,Yolo
2021,95694,19,21.2,All Ages,Yolo
2021,95695,95,24.7,All Ages,Yolo
2021,95709,13,38.8,All Ages,El Dorado
2021,95713,18,23.2,All Ages,Placer
2021,95726,19,22.3,All Ages,El Dorado
2021,95742,30,21.1,All Ages,Sacramento
2021,95746,24,15.7,All Ages,Placer
2021,95747,135,18.5,All Ages,Placer
2021,95757,89,17.5,All Ages,Sacramento
2021,95758,125,19.6,All Ages,Sacramento
2021,95762,61,13.9,All Ages,El Dorado
2021,95765,52,13,All Ages,Placer
2021,95776,59,21.6,All Ages,Yolo
2021,95811,29,32.5,All Ages,Sacramento
2021,95814,30,39.2,All Ages,Sacramento
2021,95815,192,76,All Ages,Sacramento
2021,95816,30,15.7,All Ages,Sacramento
2021,95817,63,46.8,All Ages,Sacramento
2021,95818,58,28.2,All Ages,Sacramento
2021,95819,19,10.2,All Ages,Sacramento
2021,95820,170,43.2,All Ages,Sacramento
2021,95821,175,53.9,All Ages,Sacramento
2021,95822,154,36.4,All Ages,Sacramento
2021,95823,441,55.6,All Ages,Sacramento
2021,95824,203,64.9,All Ages,Sacramento
2021,95825,144,48,All Ages,Sacramento
2021,95826,122,34.1,All Ages,Sacramento
2021,95827,60,28.4,All Ages,Sacramento
2021,95828,229,37.8,All Ages,Sacramento
2021,95829,54,18.1,All Ages,Sacramento
2021,95831,85,23.3,All Ages,Sacramento
2021,95832,40,33.3,All Ages,Sacramento
2021,95833,164,38.7,All Ages,Sacramento
2021,95834,100,27.6,All Ages,Sacramento
2021,95835,82,21,All Ages,Sacramento
2021,95838,252,59,All Ages,Sacramento
2021,95841,116,58.3,All Ages,Sacramento
2021,95842,153,44.7,All Ages,Sacramento
2021,95843,139,29.3,All Ages,Sacramento
2021,95864,60,30.6,All Ages,Sacramento
2021,95901,115,34.7,All Ages,Yuba
2021,95912,14,28.1,All Ages,Colusa
2021,95926,107,30.1,All Ages,Butte
2021,95928,79,22,All Ages,Butte
2021,95932,12,15.9,All Ages,Colusa
2021,95945,70,35.2,All Ages,Nevada
2021,95948,47,44.4,All Ages,Butte
2021,95949,39,28.1,All Ages,Nevada
2021,95953,29,25.6,All Ages,Sutter
2021,95954,16,21.1,All Ages,Butte
2021,95959,17,11.5,All Ages,Nevada
2021,95961,99,31.9,All Ages,Yuba
2021,95963,40,25.8,All Ages,Glenn
2021,95965,43,23.5,All Ages,Butte
2021,95966,50,19.9,All Ages,Butte
2021,95971,16,32.5,All Ages,Plumas
2021,95973,71,20.6,All Ages,Butte
2021,95987,26,37.3,All Ages,Colusa
2021,95988,29,33.5,All Ages,Glenn
2021,95991,108,25.8,All Ages,Sutter
2021,95993,60,17.5,All Ages,Sutter
2021,96001,73,24.6,All Ages,Shasta
2021,96002,73,23.5,All Ages,Shasta
2021,96003,108,29,All Ages,Shasta
2021,96007,60,29,All Ages,Shasta
2021,96019,25,27.9,All Ages,Shasta
2021,96021,44,25.3,All Ages,Tehama
2021,96022,25,17.7,All Ages,Shasta
2021,96035,16,45.3,All Ages,Tehama
2021,96055,22,69.8,All Ages,Tehama
2021,96067,14,26.9,All Ages,Siskiyou
2021,96080,99,36.2,All Ages,Tehama
2021,96093,17,61.3,All Ages,Trinity
2021,96097,26,32,All Ages,Siskiyou
2021,96101,29,62.7,All Ages,Modoc
2021,96130,66,28.5,All Ages,Lassen
2021,96150,49,16.7,All Ages,El Dorado
2021,96161,21,9.9,All Ages,Nevada
2022,90001,320,54.5,All Ages,Los Angeles
2022,90002,346,61.2,All Ages,Los Angeles
2022,90003,588,77.2,All Ages,Los Angeles
2022,90004,152,28.6,All Ages,Los Angeles
2022,90005,105,24.4,All Ages,Los Angeles
2022,90006,207,38.1,All Ages,Los Angeles
2022,90007,116,35.9,All Ages,Los Angeles
2022,90008,193,66.1,All Ages,Los Angeles
2022,90011,517,47.9,All Ages,Los Angeles
2022,90012,101,35.8,All Ages,Los Angeles
2022,90013,116,68.9,All Ages,Los Angeles
2022,90014,37,32,All Ages,Los Angeles
2022,90015,70,25.1,All Ages,Los Angeles
2022,90016,267,58.8,All Ages,Los Angeles
2022,90017,123,44,All Ages,Los Angeles
2022,90018,212,40.8,All Ages,Los Angeles
2022,90019,207,35,All Ages,Los Angeles
2022,90020,76,22.3,All Ages,Los Angeles
2022,90021,51,73.1,All Ages,Los Angeles
2022,90022,237,36.7,All Ages,Los Angeles
2022,90023,250,52.9,All Ages,Los Angeles
2022,90024,37,11.9,All Ages,Los Angeles
2022,90025,29,7.2,All Ages,Los Angeles
2022,90026,190,32.7,All Ages,Los Angeles
2022,90027,88,24.1,All Ages,Los Angeles
2022,90028,84,30.1,All Ages,Los Angeles
2022,90029,107,34.4,All Ages,Los Angeles
2022,90031,108,28.8,All Ages,Los Angeles
2022,90032,182,43.3,All Ages,Los Angeles
2022,90033,244,52.4,All Ages,Los Angeles
2022,90034,112,21.5,All Ages,Los Angeles
2022,90035,51,17.4,All Ages,Los Angeles
2022,90036,51,15.1,All Ages,Los Angeles
2022,90037,356,55.3,All Ages,Los Angeles
2022,90038,87,33.3,All Ages,Los Angeles
2022,90039,66,25.8,All Ages,Los Angeles
2022,90040,49,39.3,All Ages,Los Angeles
2022,90041,50,21.3,All Ages,Los Angeles
2022,90042,162,29.6,All Ages,Los Angeles
2022,90043,306,70,All Ages,Los Angeles
2022,90044,697,70,All Ages,Los Angeles
2022,90045,65,18.2,All Ages,Los Angeles
2022,90046,47,13.6,All Ages,Los Angeles
2022,90047,394,79.8,All Ages,Los Angeles
2022,90048,28,13.9,All Ages,Los Angeles
2022,90049,28,8.6,All Ages,Los Angeles
2022,90056,19,24.7,All Ages,Los Angeles
2022,90057,182,42.2,All Ages,Los Angeles
2022,90058,13,32.3,All Ages,Los Angeles
2022,90059,395,90.3,All Ages,Los Angeles
2022,90061,206,75,All Ages,Los Angeles
2022,90062,208,66.3,All Ages,Los Angeles
2022,90063,192,35.4,All Ages,Los Angeles
2022,90064,47,18.9,All Ages,Los Angeles
2022,90065,95,23.2,All Ages,Los Angeles
2022,90066,105,22.7,All Ages,Los Angeles
2022,90068,12,6.3,All Ages,Los Angeles
2022,90094,13,9.9,All Ages,Los Angeles
2022,90201,339,35.2,All Ages,Los Angeles
2022,90212,15,15.6,All Ages,Los Angeles
2022,90220,299,57.4,All Ages,Los Angeles
2022,90221,307,55.1,All Ages,Los Angeles
2022,90222,220,64.9,All Ages,Los Angeles
2022,90230,68,22.3,All Ages,Los Angeles
2022,90232,39,21.2,All Ages,Los Angeles
2022,90240,77,33.5,All Ages,Los Angeles
2022,90241,101,23.5,All Ages,Los Angeles
2022,90242,121,27.9,All Ages,Los Angeles
2022,90245,25,19,All Ages,Los Angeles
2022,90247,240,52.6,All Ages,Los Angeles
2022,90248,33,36.3,All Ages,Los Angeles
2022,90249,127,48.8,All Ages,Los Angeles
2022,90250,416,42.6,All Ages,Los Angeles
2022,90255,276,38.6,All Ages,Los Angeles
2022,90260,110,32.9,All Ages,Los Angeles
2022,90262,278,41.9,All Ages,Los Angeles
2022,90266,48,15.8,All Ages,Los Angeles
2022,90270,56,21.2,All Ages,Los Angeles
2022,90272,18,10.6,All Ages,Los Angeles
2022,90274,14,7.3,All Ages,Los Angeles
2022,90275,38,11.8,All Ages,Los Angeles
2022,90277,44,16.8,All Ages,Los Angeles
2022,90278,63,16.4,All Ages,Los Angeles
2022,90280,288,29.5,All Ages,Los Angeles
2022,90291,41,15.8,All Ages,Los Angeles
2022,90292,42,18.1,All Ages,Los Angeles
2022,90301,158,44.3,All Ages,Los Angeles
2022,90302,147,52,All Ages,Los Angeles
2022,90303,102,42.7,All Ages,Los Angeles
2022,90304,113,39.9,All Ages,Los Angeles
2022,90305,80,60.2,All Ages,Los Angeles
2022,90401,21,24.8,All Ages,Los Angeles
2022,90403,25,12.5,All Ages,Los Angeles
2022,90404,41,19.1,All Ages,Los Angeles
2022,90405,36,16.3,All Ages,Los Angeles
2022,90501,102,23.9,All Ages,Los Angeles
2022,90502,48,28.1,All Ages,Los Angeles
2022,90503,67,16.4,All Ages,Los Angeles
2022,90504,63,23.2,All Ages,Los Angeles
2022,90505,64,19.4,All Ages,Los Angeles
2022,90601,88,28.8,All Ages,Los Angeles
2022,90602,90,36,All Ages,Los Angeles
2022,90603,48,26.5,All Ages,Los Angeles
2022,90604,135,33.1,All Ages,Los Angeles
2022,90605,132,34.7,All Ages,Los Angeles
2022,90606,115,34.9,All Ages,Los Angeles
2022,90620,137,33,All Ages,Orange
2022,90621,126,35.5,All Ages,Orange
2022,90623,30,25.6,All Ages,Orange
2022,90630,92,21.1,All Ages,Orange
2022,90631,174,25.5,All Ages,Orange
2022,90638,111,27,All Ages,Los Angeles
2022,90640,207,34.5,All Ages,Los Angeles
2022,90650,324,32.5,All Ages,Los Angeles
2022,90660,221,36.3,All Ages,Los Angeles
2022,90670,48,30,All Ages,Los Angeles
2022,90680,97,31.4,All Ages,Orange
2022,90701,37,27.7,All Ages,Los Angeles
2022,90703,70,18.6,All Ages,Los Angeles
2022,90704,18,49.4,All Ages,Los Angeles
2022,90706,313,39.9,All Ages,Los Angeles
2022,90710,85,33.9,All Ages,Los Angeles
2022,90712,78,25.1,All Ages,Los Angeles
2022,90713,58,23.1,All Ages,Los Angeles
2022,90715,72,37.5,All Ages,Los Angeles
2022,90716,52,36.4,All Ages,Los Angeles
2022,90717,67,35.6,All Ages,Los Angeles
2022,90720,37,20.6,All Ages,Orange
2022,90723,197,36.7,All Ages,Los Angeles
2022,90731,295,51.3,All Ages,Los Angeles
2022,90732,50,28.3,All Ages,Los Angeles
2022,90740,24,15.3,All Ages,Orange
2022,90744,220,41.1,All Ages,Los Angeles
2022,90745,183,32.9,All Ages,Los Angeles
2022,90746,122,53.3,All Ages,Los Angeles
2022,90755,22,19.4,All Ages,Los Angeles
2022,90802,142,35.4,All Ages,Los Angeles
2022,90803,67,25.2,All Ages,Los Angeles
2022,90804,153,36.6,All Ages,Los Angeles
2022,90805,505,52,All Ages,Los Angeles
2022,90806,201,48.1,All Ages,Los Angeles
2022,90807,93,32.9,All Ages,Los Angeles
2022,90808,74,23,All Ages,Los Angeles
2022,90810,120,31.5,All Ages,Los Angeles
2022,90813,389,80.1,All Ages,Los Angeles
2022,90814,32,23.7,All Ages,Los Angeles
2022,90815,72,21.2,All Ages,Los Angeles
2022,91001,87,27.3,All Ages,Los Angeles
2022,91006,48,16.4,All Ages,Los Angeles
2022,91007,45,16.6,All Ages,Los Angeles
2022,91010,85,37.5,All Ages,Los Angeles
2022,91011,13,8.1,All Ages,Los Angeles
2022,91016,122,31.6,All Ages,Los Angeles
2022,91020,13,18.4,All Ages,Los Angeles
2022,91024,12,11.6,All Ages,Los Angeles
2022,91030,21,8.7,All Ages,Los Angeles
2022,91040,38,18,All Ages,Los Angeles
2022,91042,50,20.6,All Ages,Los Angeles
2022,91101,31,14.8,All Ages,Los Angeles
2022,91103,76,28,All Ages,Los Angeles
2022,91104,73,23.7,All Ages,Los Angeles
2022,91105,18,11.8,All Ages,Los Angeles
2022,91106,32,13.8,All Ages,Los Angeles
2022,91107,44,15.1,All Ages,Los Angeles
2022,91201,45,26,All Ages,Los Angeles
2022,91202,37,21.3,All Ages,Los Angeles
2022,91203,36,24.5,All Ages,Los Angeles
2022,91204,26,15.8,All Ages,Los Angeles
2022,91205,81,25.1,All Ages,Los Angeles
2022,91206,60,19.5,All Ages,Los Angeles
2022,91207,15,16.1,All Ages,Los Angeles
2022,91208,22,15.4,All Ages,Los Angeles
2022,91214,37,14.2,All Ages,Los Angeles
2022,91301,33,14.8,All Ages,Los Angeles
2022,91302,36,15.4,All Ages,Los Angeles
2022,91303,98,32.7,All Ages,Los Angeles
2022,91304,158,32.1,All Ages,Los Angeles
2022,91306,163,33.6,All Ages,Los Angeles
2022,91307,60,24.3,All Ages,Los Angeles
2022,91311,103,30.7,All Ages,Los Angeles
2022,91316,63,24.4,All Ages,Los Angeles
2022,91320,55,13.4,All Ages,Ventura
2022,91321,78,23.8,All Ages,Los Angeles
2022,91324,62,23.6,All Ages,Los Angeles
2022,91325,114,34.7,All Ages,Los Angeles
2022,91326,53,15.6,All Ages,Los Angeles
2022,91331,431,44.2,All Ages,Los Angeles
2022,91335,282,36.6,All Ages,Los Angeles
2022,91340,165,46.2,All Ages,Los Angeles
2022,91342,384,41,All Ages,Los Angeles
2022,91343,234,37.3,All Ages,Los Angeles
2022,91344,111,22.1,All Ages,Los Angeles
2022,91345,80,44,All Ages,Los Angeles
2022,91350,63,15.2,All Ages,Los Angeles
2022,91351,70,21.2,All Ages,Los Angeles
2022,91352,145,31.7,All Ages,Los Angeles
2022,91354,37,12.2,All Ages,Los Angeles
2022,91355,69,18.7,All Ages,Los Angeles
2022,91356,87,31.5,All Ages,Los Angeles
2022,91360,76,19.9,All Ages,Ventura
2022,91361,13,6.9,All Ages,Ventura
2022,91362,40,11.9,All Ages,Ventura
2022,91364,45,19.9,All Ages,Los Angeles
2022,91367,100,23.4,All Ages,Los Angeles
2022,91377,15,11.4,All Ages,Ventura
2022,91381,19,8.8,All Ages,Los Angeles
2022,91384,46,16.9,All Ages,Los Angeles
2022,91387,81,17.1,All Ages,Los Angeles
2022,91390,33,15.9,All Ages,Los Angeles
2022,91401,109,28,All Ages,Los Angeles
2022,91402,300,43,All Ages,Los Angeles
2022,91403,62,25.9,All Ages,Los Angeles
2022,91405,248,49.1,All Ages,Los Angeles
2022,91406,120,20.4,All Ages,Los Angeles
2022,91411,75,28.7,All Ages,Los Angeles
2022,91423,43,14.5,All Ages,Los Angeles
2022,91436,17,14.4,All Ages,Los Angeles
2022,91501,45,25.4,All Ages,Los Angeles
2022,91502,21,21.6,All Ages,Los Angeles
2022,91504,39,16.4,All Ages,Los Angeles
2022,91505,64,20.2,All Ages,Los Angeles
2022,91506,51,27.6,All Ages,Los Angeles
2022,91601,98,25.8,All Ages,Los Angeles
2022,91602,18,13.6,All Ages,Los Angeles
2022,91604,28,10.8,All Ages,Los Angeles
2022,91605,205,39.1,All Ages,Los Angeles
2022,91606,132,31.3,All Ages,Los Angeles
2022,91607,60,20.1,All Ages,Los Angeles
2022,91701,76,23.4,All Ages,San Bernardino
2022,91702,277,44.5,All Ages,Los Angeles
2022,91706,318,44.3,All Ages,Los Angeles
2022,91708,38,25,All Ages,San Bernardino
2022,91709,132,18.2,All Ages,San Bernardino
2022,91710,190,23.8,All Ages,San Bernardino
2022,91711,46,15.4,All Ages,Los Angeles
2022,91722,154,42.6,All Ages,Los Angeles
2022,91723,109,57.8,All Ages,Los Angeles
2022,91724,102,38.7,All Ages,Los Angeles
2022,91730,180,26,All Ages,San Bernardino
2022,91731,99,36.8,All Ages,Los Angeles
2022,91732,191,31.5,All Ages,Los Angeles
2022,91733,173,40.4,All Ages,Los Angeles
2022,91737,34,15.2,All Ages,San Bernardino
2022,91739,80,19.2,All Ages,San Bernardino
2022,91740,99,41.4,All Ages,Los Angeles
2022,91741,57,23.9,All Ages,Los Angeles
2022,91744,352,44.5,All Ages,Los Angeles
2022,91745,121,26.6,All Ages,Los Angeles
2022,91746,79,26.2,All Ages,Los Angeles
2022,91748,81,21.1,All Ages,Los Angeles
2022,91750,79,27.1,All Ages,Los Angeles
2022,91752,75,18.8,All Ages,Riverside
2022,91754,59,22.6,All Ages,Los Angeles
2022,91755,41,15.2,All Ages,Los Angeles
2022,91761,190,29.3,All Ages,San Bernardino
2022,91762,234,36.4,All Ages,San Bernardino
2022,91763,160,41.3,All Ages,San Bernardino
2022,91764,215,35.7,All Ages,San Bernardino
2022,91765,55,14.5,All Ages,Los Angeles
2022,91766,275,38.3,All Ages,Los Angeles
2022,91767,185,36.6,All Ages,Los Angeles
2022,91768,116,34.6,All Ages,Los Angeles
2022,91770,97,17.7,All Ages,Los Angeles
2022,91773,107,35.9,All Ages,Los Angeles
2022,91775,34,16.5,All Ages,Los Angeles
2022,91776,85,26.7,All Ages,Los Angeles
2022,91780,58,18.3,All Ages,Los Angeles
2022,91784,70,29.9,All Ages,San Bernardino
2022,91786,172,29.7,All Ages,San Bernardino
2022,91789,49,14.1,All Ages,Los Angeles
2022,91790,169,39.3,All Ages,Los Angeles
2022,91791,137,46.6,All Ages,Los Angeles
2022,91792,84,29,All Ages,Los Angeles
2022,91801,124,26.2,All Ages,Los Angeles
2022,91803,67,25.3,All Ages,Los Angeles
2022,91901,43,32.6,All Ages,San Diego
2022,91902,35,21.7,All Ages,San Diego
2022,91906,25,67.7,All Ages,San Diego
2022,91910,290,39.1,All Ages,San Diego
2022,91911,334,40.3,All Ages,San Diego
2022,91913,123,20.8,All Ages,San Diego
2022,91914,35,23.4,All Ages,San Diego
2022,91915,62,18.4,All Ages,San Diego
2022,91932,80,31.7,All Ages,San Diego
2022,91935,22,29.7,All Ages,San Diego
2022,91941,87,27.8,All Ages,San Diego
2022,91942,107,29.4,All Ages,San Diego
2022,91945,126,47.4,All Ages,San Diego
2022,91950,214,37.7,All Ages,San Diego
2022,91977,246,41.9,All Ages,San Diego
2022,91978,29,33.4,All Ages,San Diego
2022,92008,48,18.7,All Ages,San Diego
2022,92009,37,9,All Ages,San Diego
2022,92010,20,11.8,All Ages,San Diego
2022,92011,25,10.5,All Ages,San Diego
2022,92019,131,32.8,All Ages,San Diego
2022,92020,293,49.1,All Ages,San Diego
2022,92021,294,45.6,All Ages,San Diego
2022,92024,77,17.9,All Ages,San Diego
2022,92025,121,23.6,All Ages,San Diego
2022,92026,94,18.4,All Ages,San Diego
2022,92027,108,18.9,All Ages,San Diego
2022,92028,92,19.4,All Ages,San Diego
2022,92029,31,16,All Ages,San Diego
2022,92036,12,36.9,All Ages,San Diego
2022,92037,48,16.5,All Ages,San Diego
2022,92040,147,37.3,All Ages,San Diego
2022,92054,79,21.8,All Ages,San Diego
2022,92056,93,18.6,All Ages,San Diego
2022,92057,99,16.8,All Ages,San Diego
2022,92058,75,17.2,All Ages,San Diego
2022,92064,64,15.3,All Ages,San Diego
2022,92065,77,23.5,All Ages,San Diego
2022,92069,99,19.9,All Ages,San Diego
2022,92071,145,26.7,All Ages,San Diego
2022,92078,60,10.7,All Ages,San Diego
2022,92081,56,21.7,All Ages,San Diego
2022,92082,37,19.5,All Ages,San Diego
2022,92083,98,24.6,All Ages,San Diego
2022,92084,86,16.6,All Ages,San Diego
2022,92101,136,34.8,All Ages,San Diego
2022,92102,154,40.1,All Ages,San Diego
2022,92103,70,27.4,All Ages,San Diego
2022,92104,120,30.1,All Ages,San Diego
2022,92105,351,51.7,All Ages,San Diego
2022,92106,25,14.6,All Ages,San Diego
2022,92107,45,23.5,All Ages,San Diego
2022,92108,66,31.3,All Ages,San Diego
2022,92109,47,17.6,All Ages,San Diego
2022,92110,47,19,All Ages,San Diego
2022,92111,138,32,All Ages,San Diego
2022,92113,263,53.3,All Ages,San Diego
2022,92114,341,54.1,All Ages,San Diego
2022,92115,254,48.6,All Ages,San Diego
2022,92116,32,11.8,All Ages,San Diego
2022,92117,103,24,All Ages,San Diego
2022,92118,38,21.5,All Ages,San Diego
2022,92119,65,33.5,All Ages,San Diego
2022,92120,59,24.6,All Ages,San Diego
2022,92122,48,16.2,All Ages,San Diego
2022,92123,111,40,All Ages,San Diego
2022,92124,51,15.4,All Ages,San Diego
2022,92126,163,24.2,All Ages,San Diego
2022,92127,63,11.9,All Ages,San Diego
2022,92128,69,15.2,All Ages,San Diego
2022,92129,83,16.6,All Ages,San Diego
2022,92130,53,9.2,All Ages,San Diego
2022,92131,42,12.3,All Ages,San Diego
2022,92139,134,40.6,All Ages,San Diego
2022,92154,274,32.7,All Ages,San Diego
2022,92173,135,44.6,All Ages,San Diego
2022,92201,231,35.4,All Ages,Riverside
2022,92203,78,25.2,All Ages,Riverside
2022,92211,37,28.3,All Ages,Riverside
2022,92220,160,54.3,All Ages,Riverside
2022,92223,220,38.3,All Ages,Riverside
2022,92225,122,85.7,All Ages,Riverside
2022,92227,156,53.6,All Ages,Imperial
2022,92230,12,39,All Ages,Riverside
2022,92231,85,21.9,All Ages,Imperial
2022,92234,139,30.6,All Ages,Riverside
2022,92236,158,33.9,All Ages,Riverside
2022,92240,209,50.8,All Ages,Riverside
2022,92241,30,49.2,All Ages,Riverside
2022,92243,161,33.4,All Ages,Imperial
2022,92249,14,16.6,All Ages,Imperial
2022,92250,20,25.9,All Ages,Imperial
2022,92251,57,21.5,All Ages,Imperial
2022,92252,32,46.5,All Ages,San Bernardino
2022,92253,56,19.7,All Ages,Riverside
2022,92254,41,26.4,All Ages,Riverside
2022,92260,40,18,All Ages,Riverside
2022,92262,79,32.8,All Ages,Riverside
2022,92264,26,27.6,All Ages,Riverside
2022,92270,19,21,All Ages,Riverside
2022,92274,52,23.8,All Ages,Riverside
2022,92276,19,29.3,All Ages,Riverside
2022,92277,82,39.4,All Ages,San Bernardino
2022,92281,23,101.1,All Ages,Imperial
2022,92284,86,38.8,All Ages,San Bernardino
2022,92301,247,58.1,All Ages,San Bernardino
2022,92307,199,51.5,All Ages,San Bernardino
2022,92308,147,38.9,All Ages,San Bernardino
2022,92311,378,113.1,All Ages,San Bernardino
2022,92313,43,34.3,All Ages,San Bernardino
2022,92314,39,39.6,All Ages,San Bernardino
2022,92315,22,49.2,All Ages,San Bernardino
2022,92316,91,28,All Ages,San Bernardino
2022,92320,18,18.7,All Ages,Riverside
2022,92324,228,37.5,All Ages,San Bernardino
2022,92325,38,42.9,All Ages,San Bernardino
2022,92335,372,38.1,All Ages,San Bernardino
2022,92336,262,25,All Ages,San Bernardino
2022,92337,107,28,All Ages,San Bernardino
2022,92342,20,36.9,All Ages,San Bernardino
2022,92344,56,23,All Ages,San Bernardino
2022,92345,369,42,All Ages,San Bernardino
2022,92346,204,35.9,All Ages,San Bernardino
2022,92354,57,28.3,All Ages,San Bernardino
2022,92356,26,52.8,All Ages,San Bernardino
2022,92359,20,26,All Ages,San Bernardino
2022,92363,22,43.9,All Ages,San Bernardino
2022,92371,51,33.6,All Ages,San Bernardino
2022,92372,12,23.3,All Ages,San Bernardino
2022,92373,76,25.5,All Ages,San Bernardino
2022,92374,113,24.8,All Ages,San Bernardino
2022,92376,342,38.1,All Ages,San Bernardino
2022,92377,70,32.8,All Ages,San Bernardino
2022,92386,13,64.4,All Ages,San Bernardino
2022,92392,321,49.4,All Ages,San Bernardino
2022,92394,240,52.1,All Ages,San Bernardino
2022,92395,318,67,All Ages,San Bernardino
2022,92399,98,18.3,All Ages,San Bernardino
2022,92401,41,204.8,All Ages,San Bernardino
2022,92404,464,73.6,All Ages,San Bernardino
2022,92405,218,71.4,All Ages,San Bernardino
2022,92407,304,46.1,All Ages,San Bernardino
2022,92408,77,52.9,All Ages,San Bernardino
2022,92410,331,63.8,All Ages,San Bernardino
2022,92411,177,64.5,All Ages,San Bernardino
2022,92501,109,49.3,All Ages,Riverside
2022,92503,362,37.9,All Ages,Riverside
2022,92504,193,36.3,All Ages,Riverside
2022,92505,184,37.8,All Ages,Riverside
2022,92506,127,30.1,All Ages,Riverside
2022,92507,242,41.4,All Ages,Riverside
2022,92508,77,23.4,All Ages,Riverside
2022,92509,271,33.2,All Ages,Riverside
2022,92530,252,41.5,All Ages,Riverside
2022,92532,71,24.8,All Ages,Riverside
2022,92536,12,52.3,All Ages,Riverside
2022,92539,23,54.7,All Ages,Riverside
2022,92543,268,79.7,All Ages,Riverside
2022,92544,218,46.5,All Ages,Riverside
2022,92545,210,54.3,All Ages,Riverside
2022,92548,30,41.6,All Ages,Riverside
2022,92551,166,47.9,All Ages,Riverside
2022,92553,374,45.5,All Ages,Riverside
2022,92555,162,35.7,All Ages,Riverside
2022,92557,202,37.2,All Ages,Riverside
2022,92561,18,44.9,All Ages,Riverside
2022,92562,216,35.8,All Ages,Riverside
2022,92563,227,29.9,All Ages,Riverside
2022,92567,20,18.8,All Ages,Riverside
2022,92570,226,37.1,All Ages,Riverside
2022,92571,198,32.1,All Ages,Riverside
2022,92582,78,34.2,All Ages,Riverside
2022,92583,169,47.1,All Ages,Riverside
2022,92584,162,25.7,All Ages,Riverside
2022,92585,98,37,All Ages,Riverside
2022,92586,63,50.8,All Ages,Riverside
2022,92587,50,29.6,All Ages,Riverside
2022,92590,16,36.1,All Ages,Riverside
2022,92591,98,24.2,All Ages,Riverside
2022,92592,156,19.7,All Ages,Riverside
2022,92595,144,43.2,All Ages,Riverside
2022,92596,106,28.3,All Ages,Riverside
2022,92602,42,13.1,All Ages,Orange
2022,92603,22,11.4,All Ages,Orange
2022,92604,36,15.1,All Ages,Orange
2022,92606,27,13.3,All Ages,Orange
2022,92612,53,24.3,All Ages,Orange
2022,92614,45,19.3,All Ages,Orange
2022,92618,100,17,All Ages,Orange
2022,92620,73,12.4,All Ages,Orange
2022,92624,19,25.1,All Ages,Orange
2022,92626,78,18.2,All Ages,Orange
2022,92627,124,21.2,All Ages,Orange
2022,92629,25,12,All Ages,Orange
2022,92630,73,12,All Ages,Orange
2022,92637,13,7.2,All Ages,Orange
2022,92646,91,18.8,All Ages,Orange
2022,92647,150,26.8,All Ages,Orange
2022,92648,65,16.7,All Ages,Orange
2022,92649,45,18.9,All Ages,Orange
2022,92651,30,18.1,All Ages,Orange
2022,92653,48,18,All Ages,Orange
2022,92655,18,21,All Ages,Orange
2022,92656,61,11.7,All Ages,Orange
2022,92660,28,9.6,All Ages,Orange
2022,92663,28,21.6,All Ages,Orange
2022,92672,43,10.6,All Ages,Orange
2022,92673,33,12,All Ages,Orange
2022,92675,41,12.2,All Ages,Orange
2022,92677,81,14.7,All Ages,Orange
2022,92679,18,5.7,All Ages,Orange
2022,92683,194,22.9,All Ages,Orange
2022,92688,57,13.5,All Ages,Orange
2022,92691,72,17,All Ages,Orange
2022,92692,35,9.3,All Ages,Orange
2022,92694,47,13.9,All Ages,Orange
2022,92701,192,35,All Ages,Orange
2022,92703,193,28.9,All Ages,Orange
2022,92704,259,30.4,All Ages,Orange
2022,92705,126,29.3,All Ages,Orange
2022,92706,109,30.6,All Ages,Orange
2022,92707,201,34.2,All Ages,Orange
2022,92708,104,23.6,All Ages,Orange
2022,92780,135,25.6,All Ages,Orange
2022,92782,31,11,All Ages,Orange
2022,92801,245,41.8,All Ages,Orange
2022,92802,145,34.5,All Ages,Orange
2022,92804,308,34.5,All Ages,Orange
2022,92805,247,31.8,All Ages,Orange
2022,92806,132,34,All Ages,Orange
2022,92807,78,24.5,All Ages,Orange
2022,92808,30,16.7,All Ages,Orange
2022,92821,61,16.3,All Ages,Orange
2022,92831,97,26.3,All Ages,Orange
2022,92832,63,24.3,All Ages,Orange
2022,92833,119,23.2,All Ages,Orange
2022,92835,41,17.9,All Ages,Orange
2022,92840,144,26.8,All Ages,Orange
2022,92841,112,34.2,All Ages,Orange
2022,92843,174,37.4,All Ages,Orange
2022,92844,49,22.3,All Ages,Orange
2022,92845,34,24.2,All Ages,Orange
2022,92860,69,29.3,All Ages,Riverside
2022,92865,41,21.7,All Ages,Orange
2022,92866,39,28,All Ages,Orange
2022,92867,104,25.6,All Ages,Orange
2022,92868,97,40.5,All Ages,Orange
2022,92869,79,24.1,All Ages,Orange
2022,92870,126,26.2,All Ages,Orange
2022,92878,32,18,All Ages,Riverside
2022,92879,160,32,All Ages,Riverside
2022,92880,134,22.3,All Ages,Riverside
2022,92881,79,26.7,All Ages,Riverside
2022,92882,158,22.7,All Ages,Riverside
2022,92883,97,27.6,All Ages,Riverside
2022,92886,84,19.1,All Ages,Orange
2022,92887,17,10.7,All Ages,Orange
2022,93001,81,26.3,All Ages,Ventura
2022,93003,119,26.3,All Ages,Ventura
2022,93004,70,25.4,All Ages,Ventura
2022,93010,98,24.4,All Ages,Ventura
2022,93012,52,16.4,All Ages,Ventura
2022,93013,18,12.7,All Ages,Santa Barbara
2022,93015,31,14.7,All Ages,Ventura
2022,93021,70,19.7,All Ages,Ventura
2022,93022,19,35.6,All Ages,Ventura
2022,93023,39,21.6,All Ages,Ventura
2022,93030,181,30.2,All Ages,Ventura
2022,93033,250,30.8,All Ages,Ventura
2022,93035,58,22.9,All Ages,Ventura
2022,93036,144,28.3,All Ages,Ventura
2022,93041,82,34.9,All Ages,Ventura
2022,93060,90,25.5,All Ages,Ventura
2022,93063,165,32.9,All Ages,Ventura
2022,93065,182,26.2,All Ages,Ventura
2022,93101,61,20.1,All Ages,Santa Barbara
2022,93103,25,13.4,All Ages,Santa Barbara
2022,93105,34,13.6,All Ages,Santa Barbara
2022,93109,14,17.6,All Ages,Santa Barbara
2022,93110,21,16.7,All Ages,Santa Barbara
2022,93111,16,9.9,All Ages,Santa Barbara
2022,93117,67,14.3,All Ages,Santa Barbara
2022,93202,24,55.7,All Ages,Kings
2022,93203,40,15.6,All Ages,Kern
2022,93204,51,35.6,All Ages,Kings
2022,93210,73,44.6,All Ages,Fresno
2022,93212,73,34.1,All Ages,Kings
2022,93215,155,27.6,All Ages,Kern
2022,93219,36,34.1,All Ages,Tulare
2022,93221,26,17.3,All Ages,Tulare
2022,93223,36,32.1,All Ages,Tulare
2022,93230,292,41.1,All Ages,Kings
2022,93234,30,35.3,All Ages,Fresno
2022,93240,22,57.4,All Ages,Kern
2022,93241,40,21.8,All Ages,Kern
2022,93242,13,40,All Ages,Fresno
2022,93245,125,30.8,All Ages,Kings
2022,93247,54,26.6,All Ages,Tulare
2022,93250,67,38.9,All Ages,Kern
2022,93256,18,28.5,All Ages,Tulare
2022,93257,351,39.9,All Ages,Tulare
2022,93263,38,17.2,All Ages,Kern
2022,93267,16,23,All Ages,Tulare
2022,93268,23,11.5,All Ages,Kern
2022,93270,25,38.8,All Ages,Tulare
2022,93272,13,34.9,All Ages,Tulare
2022,93274,324,38.8,All Ages,Tulare
2022,93277,116,22.2,All Ages,Tulare
2022,93280,71,24.7,All Ages,Kern
2022,93286,19,17.9,All Ages,Tulare
2022,93291,137,19.9,All Ages,Tulare
2022,93292,84,18.6,All Ages,Tulare
2022,93301,93,66.7,All Ages,Kern
2022,93304,221,42.6,All Ages,Kern
2022,93305,173,42.4,All Ages,Kern
2022,93306,209,27.1,All Ages,Kern
2022,93307,292,30.5,All Ages,Kern
2022,93308,184,33,All Ages,Kern
2022,93309,139,22.4,All Ages,Kern
2022,93311,97,16.9,All Ages,Kern
2022,93312,85,14.4,All Ages,Kern
2022,93313,99,15.5,All Ages,Kern
2022,93314,36,9.7,All Ages,Kern
2022,93401,43,16.8,All Ages,San Luis Obispo
2022,93402,20,15.3,All Ages,San Luis Obispo
2022,93405,33,16,All Ages,San Luis Obispo
2022,93420,57,23.7,All Ages,San Luis Obispo
2022,93422,61,20.5,All Ages,San Luis Obispo
2022,93427,12,20.8,All Ages,Santa Barbara
2022,93433,26,24.3,All Ages,San Luis Obispo
2022,93434,26,30.4,All Ages,Santa Barbara
2022,93436,183,33.1,All Ages,Santa Barbara
2022,93442,22,24.4,All Ages,San Luis Obispo
2022,93444,52,26.7,All Ages,San Luis Obispo
2022,93445,27,42.4,All Ages,San Luis Obispo
2022,93446,113,26.3,All Ages,San Luis Obispo
2022,93449,16,25.1,All Ages,San Luis Obispo
2022,93454,113,27.1,All Ages,Santa Barbara
2022,93455,80,18.5,All Ages,Santa Barbara
2022,93458,153,23.5,All Ages,Santa Barbara
2022,93463,12,12.7,All Ages,Santa Barbara
2022,93465,23,26.1,All Ages,San Luis Obispo
2022,93501,46,83.5,All Ages,Kern
2022,93505,87,63.5,All Ages,Kern
2022,93510,14,23.5,All Ages,Los Angeles
2022,93514,37,31.2,All Ages,Inyo
2022,93516,16,90.3,All Ages,Kern
2022,93534,475,108.4,All Ages,Los Angeles
2022,93535,820,100.1,All Ages,Los Angeles
2022,93536,339,47.4,All Ages,Los Angeles
2022,93543,80,62.5,All Ages,Los Angeles
2022,93545,14,75.7,All Ages,Inyo
2022,93546,35,42.4,All Ages,Mono
2022,93550,661,78,All Ages,Los Angeles
2022,93551,256,48.2,All Ages,Los Angeles
2022,93552,255,58.7,All Ages,Los Angeles
2022,93555,148,49.2,All Ages,Kern
2022,93560,113,52.8,All Ages,Kern
2022,93561,91,29,All Ages,Kern
2022,93562,19,138,All Ages,San Bernardino
2022,93591,55,93.6,All Ages,Los Angeles
2022,93609,23,40,All Ages,Fresno
2022,93610,64,30,All Ages,Madera
2022,93611,104,23.8,All Ages,Fresno
2022,93612,154,40,All Ages,Fresno
2022,93614,18,19.5,All Ages,Madera
2022,93615,28,44.1,All Ages,Tulare
2022,93618,128,39.2,All Ages,Tulare
2022,93619,115,21.9,All Ages,Fresno
2022,93620,53,49,All Ages,Merced
2022,93622,51,44.3,All Ages,Fresno
2022,93625,33,38.9,All Ages,Fresno
2022,93630,85,35.9,All Ages,Fresno
2022,93631,48,28.3,All Ages,Fresno
2022,93635,274,52.8,All Ages,Merced
2022,93636,39,32,All Ages,Madera
2022,93637,225,52.2,All Ages,Madera
2022,93638,291,53.3,All Ages,Madera
2022,93640,55,31,All Ages,Fresno
2022,93644,28,51.6,All Ages,Madera
2022,93646,56,47.6,All Ages,Fresno
2022,93647,25,19.9,All Ages,Tulare
2022,93648,89,48.2,All Ages,Fresno
2022,93650,16,45.4,All Ages,Fresno
2022,93654,148,46.6,All Ages,Fresno
2022,93656,27,37.5,All Ages,Fresno
2022,93657,156,39.2,All Ages,Fresno
2022,93662,192,56.6,All Ages,Fresno
2022,93701,125,106.7,All Ages,Fresno
2022,93702,295,61.6,All Ages,Fresno
2022,93703,241,65.3,All Ages,Fresno
2022,93704,130,50.6,All Ages,Fresno
2022,93705,284,66.5,All Ages,Fresno
2022,93706,359,84.4,All Ages,Fresno
2022,93710,131,47.9,All Ages,Fresno
2022,93711,91,30.2,All Ages,Fresno
2022,93720,97,22.3,All Ages,Fresno
2022,93721,42,58.1,All Ages,Fresno
2022,93722,416,45.1,All Ages,Fresno
2022,93723,32,24.2,All Ages,Fresno
2022,93725,122,40.2,All Ages,Fresno
2022,93726,272,63.1,All Ages,Fresno
2022,93727,389,41,All Ages,Fresno
2022,93728,85,54.9,All Ages,Fresno
2022,93730,17,13.8,All Ages,Fresno
2022,93737,28,38.2,All Ages,Fresno
2022,93901,128,44.4,All Ages,Monterey
2022,93905,254,36.7,All Ages,Monterey
2022,93906,268,39.6,All Ages,Monterey
2022,93907,83,39.8,All Ages,Monterey
2022,93908,24,22.8,All Ages,Monterey
2022,93923,15,17.3,All Ages,Monterey
2022,93926,32,33.2,All Ages,Monterey
2022,93927,72,32,All Ages,Monterey
2022,93930,72,42.2,All Ages,Monterey
2022,93933,82,28.7,All Ages,Monterey
2022,93940,49,21.9,All Ages,Monterey
2022,93950,24,22.1,All Ages,Monterey
2022,93955,88,26.9,All Ages,Monterey
2022,93960,64,23.7,All Ages,Monterey
2022,94002,29,10.7,All Ages,San Mateo
2022,94005,15,32.9,All Ages,San Mateo
2022,94010,47,11.6,All Ages,San Mateo
2022,94014,119,27,All Ages,San Mateo
2022,94015,155,26.8,All Ages,San Mateo
2022,94019,22,15.9,All Ages,San Mateo
2022,94024,15,7,All Ages,Santa Clara
2022,94025,63,14.5,All Ages,San Mateo
2022,94030,30,14.4,All Ages,San Mateo
2022,94038,13,55.9,All Ages,San Mateo
2022,94040,44,12.2,All Ages,Santa Clara
2022,94043,29,9.3,All Ages,Santa Clara
2022,94044,78,22.4,All Ages,San Mateo
2022,94061,89,25.6,All Ages,San Mateo
2022,94062,29,13.3,All Ages,San Mateo
2022,94063,163,44.5,All Ages,San Mateo
2022,94065,13,8.5,All Ages,San Mateo
2022,94066,114,28.1,All Ages,San Mateo
2022,94070,35,11.4,All Ages,San Mateo
2022,94080,178,28.8,All Ages,San Mateo
2022,94085,24,10.1,All Ages,Santa Clara
2022,94086,56,10.9,All Ages,Santa Clara
2022,94087,45,7.8,All Ages,Santa Clara
2022,94089,49,22.7,All Ages,Santa Clara
2022,94102,139,39.9,All Ages,San Francisco
2022,94103,100,30.4,All Ages,San Francisco
2022,94105,29,28.9,All Ages,San Francisco
2022,94107,58,26.1,All Ages,San Francisco
2022,94108,15,15.3,All Ages,San Francisco
2022,94109,81,20.6,All Ages,San Francisco
2022,94110,196,36.1,All Ages,San Francisco
2022,94112,184,27.7,All Ages,San Francisco
2022,94114,23,8.7,All Ages,San Francisco
2022,94115,61,29.5,All Ages,San Francisco
2022,94116,61,19.6,All Ages,San Francisco
2022,94117,47,16.5,All Ages,San Francisco
2022,94118,47,15.8,All Ages,San Francisco
2022,94121,61,19,All Ages,San Francisco
2022,94122,67,17.1,All Ages,San Francisco
2022,94123,20,8.5,All Ages,San Francisco
2022,94124,212,55.9,All Ages,San Francisco
2022,94127,18,12.6,All Ages,San Francisco
2022,94130,18,68.5,All Ages,San Francisco
2022,94131,29,11.5,All Ages,San Francisco
2022,94132,63,29.8,All Ages,San Francisco
2022,94133,49,28.7,All Ages,San Francisco
2022,94134,126,35.4,All Ages,San Francisco
2022,94158,34,56.3,All Ages,San Francisco
2022,94303,182,38.6,All Ages,Santa Clara
2022,94306,23,8.7,All Ages,Santa Clara
2022,94401,76,23.3,All Ages,San Mateo
2022,94402,27,11,All Ages,San Mateo
2022,94403,73,17.1,All Ages,San Mateo
2022,94404,42,11.8,All Ages,San Mateo
2022,94501,156,27.3,All Ages,Alameda
2022,94502,34,25.2,All Ages,Alameda
2022,94503,75,34.1,All Ages,Napa
2022,94505,52,34.9,All Ages,Contra Costa
2022,94506,28,11.6,All Ages,Contra Costa
2022,94509,534,77.4,All Ages,Contra Costa
2022,94510,61,26.2,All Ages,Solano
2022,94511,14,93.8,All Ages,Contra Costa
2022,94513,214,30.8,All Ages,Contra Costa
2022,94515,12,17,All Ages,Napa
2022,94517,21,21.8,All Ages,Contra Costa
2022,94518,74,28.2,All Ages,Contra Costa
2022,94519,56,31.2,All Ages,Contra Costa
2022,94520,151,38.5,All Ages,Contra Costa
2022,94521,100,25.8,All Ages,Contra Costa
2022,94523,61,19.6,All Ages,Contra Costa
2022,94525,16,58.3,All Ages,Contra Costa
2022,94526,46,15.8,All Ages,Contra Costa
2022,94530,55,25.9,All Ages,Contra Costa
2022,94531,273,58.8,All Ages,Contra Costa
2022,94533,531,68.9,All Ages,Solano
2022,94534,133,32.6,All Ages,Solano
2022,94536,140,18.8,All Ages,Alameda
2022,94538,164,24.8,All Ages,Alameda
2022,94539,39,8.3,All Ages,Alameda
2022,94541,253,35.9,All Ages,Alameda
2022,94542,38,27.8,All Ages,Alameda
2022,94544,266,32.9,All Ages,Alameda
2022,94545,127,37.6,All Ages,Alameda
2022,94546,133,31.2,All Ages,Alameda
2022,94547,55,22.3,All Ages,Contra Costa
2022,94549,35,15.6,All Ages,Contra Costa
2022,94550,91,18.2,All Ages,Alameda
2022,94551,78,19.8,All Ages,Alameda
2022,94552,30,21.7,All Ages,Alameda
2022,94553,130,29.5,All Ages,Contra Costa
2022,94555,50,14.1,All Ages,Alameda
2022,94556,13,9.4,All Ages,Contra Costa
2022,94558,155,25.7,All Ages,Napa
2022,94559,49,17.9,All Ages,Napa
2022,94560,112,23.5,All Ages,Alameda
2022,94561,209,45.9,All Ages,Contra Costa
2022,94563,22,15.2,All Ages,Contra Costa
2022,94564,82,51.7,All Ages,Contra Costa
2022,94565,612,60.3,All Ages,Contra Costa
2022,94566,55,13.5,All Ages,Alameda
2022,94568,116,16,All Ages,Alameda
2022,94571,37,50.6,All Ages,Solano
2022,94572,60,67.3,All Ages,Contra Costa
2022,94577,177,39.1,All Ages,Alameda
2022,94578,179,44.1,All Ages,Alameda
2022,94579,67,32.5,All Ages,Alameda
2022,94580,90,30.6,All Ages,Alameda
2022,94582,76,15.3,All Ages,Contra Costa
2022,94583,70,18.4,All Ages,Contra Costa
2022,94585,177,62.9,All Ages,Solano
2022,94587,164,23.3,All Ages,Alameda
2022,94588,65,18.5,All Ages,Alameda
2022,94589,224,70.4,All Ages,Solano
2022,94590,280,74.5,All Ages,Solano
2022,94591,227,44.3,All Ages,Solano
2022,94595,31,24.9,All Ages,Contra Costa
2022,94596,42,21.1,All Ages,Contra Costa
2022,94597,44,18.6,All Ages,Contra Costa
2022,94598,30,14.3,All Ages,Contra Costa
2022,94601,310,56.8,All Ages,Alameda
2022,94602,95,34.4,All Ages,Alameda
2022,94603,247,68.6,All Ages,Alameda
2022,94605,306,73.1,All Ages,Alameda
2022,94606,204,56.2,All Ages,Alameda
2022,94607,178,57.3,All Ages,Alameda
2022,94608,168,57.6,All Ages,Alameda
2022,94609,90,41.6,All Ages,Alameda
2022,94610,75,28.1,All Ages,Alameda
2022,94611,67,20,All Ages,Alameda
2022,94612,100,50.4,All Ages,Alameda
2022,94618,25,15.6,All Ages,Alameda
2022,94619,97,44.7,All Ages,Alameda
2022,94621,355,92.6,All Ages,Alameda
2022,94702,45,33.7,All Ages,Alameda
2022,94703,64,32.7,All Ages,Alameda
2022,94704,23,30.5,All Ages,Alameda
2022,94705,14,14,All Ages,Alameda
2022,94706,23,12.2,All Ages,Alameda
2022,94707,15,16.4,All Ages,Alameda
2022,94710,34,33.5,All Ages,Alameda
2022,94801,268,77.2,All Ages,Contra Costa
2022,94803,70,32.1,All Ages,Contra Costa
2022,94804,273,59.4,All Ages,Contra Costa
2022,94805,60,40.4,All Ages,Contra Costa
2022,94806,342,53.4,All Ages,Contra Costa
2022,94901,82,19.5,All Ages,Marin
2022,94903,53,19.3,All Ages,Marin
2022,94904,13,12.7,All Ages,Marin
2022,94925,16,15.8,All Ages,Marin
2022,94928,146,34.5,All Ages,Sonoma
2022,94931,29,31.7,All Ages,Sonoma
2022,94941,40,13.9,All Ages,Marin
2022,94945,23,13.1,All Ages,Marin
2022,94947,44,20.5,All Ages,Marin
2022,94949,35,19.8,All Ages,Marin
2022,94952,58,20.9,All Ages,Sonoma
2022,94954,75,21.4,All Ages,Sonoma
2022,94960,14,10.1,All Ages,Marin
2022,94965,19,21.2,All Ages,Marin
2022,95003,33,15.4,All Ages,Santa Cruz
2022,95008,93,20.4,All Ages,Santa Clara
2022,95010,12,14.9,All Ages,Santa Cruz
2022,95012,36,30.7,All Ages,Monterey
2022,95014,40,7.2,All Ages,Santa Clara
2022,95018,14,19.6,All Ages,Santa Cruz
2022,95019,37,52.2,All Ages,Santa Cruz
2022,95020,221,32.1,All Ages,Santa Clara
2022,95023,201,33.9,All Ages,San Benito
2022,95032,28,10.6,All Ages,Santa Clara
2022,95035,106,13.6,All Ages,Santa Clara
2022,95037,141,27.1,All Ages,Santa Clara
2022,95045,15,38.9,All Ages,San Benito
2022,95046,29,50.7,All Ages,Santa Clara
2022,95050,69,16.9,All Ages,Santa Clara
2022,95051,93,15.1,All Ages,Santa Clara
2022,95054,44,18.7,All Ages,Santa Clara
2022,95060,45,10,All Ages,Santa Cruz
2022,95062,35,11.3,All Ages,Santa Cruz
2022,95065,12,16.4,All Ages,Santa Cruz
2022,95066,13,11.4,All Ages,Santa Cruz
2022,95070,23,7.8,All Ages,Santa Clara
2022,95073,13,15.8,All Ages,Santa Cruz
2022,95076,276,32.8,All Ages,Santa Cruz
2022,95110,57,26.8,All Ages,Santa Clara
2022,95111,181,30.4,All Ages,Santa Clara
2022,95112,181,31.5,All Ages,Santa Clara
2022,95113,41,83.8,All Ages,Santa Clara
2022,95116,221,42.1,All Ages,Santa Clara
2022,95117,79,24.2,All Ages,Santa Clara
2022,95118,68,20.8,All Ages,Santa Clara
2022,95119,31,29.4,All Ages,Santa Clara
2022,95120,46,14.4,All Ages,Santa Clara
2022,95121,80,23,All Ages,Santa Clara
2022,95122,211,39,All Ages,Santa Clara
2022,95123,186,27.3,All Ages,Santa Clara
2022,95124,91,18.8,All Ages,Santa Clara
2022,95125,107,20.9,All Ages,Santa Clara
2022,95126,65,17.6,All Ages,Santa Clara
2022,95127,202,32.9,All Ages,Santa Clara
2022,95128,83,24.5,All Ages,Santa Clara
2022,95129,40,12.4,All Ages,Santa Clara
2022,95130,29,22.1,All Ages,Santa Clara
2022,95131,61,19.2,All Ages,Santa Clara
2022,95132,78,21.2,All Ages,Santa Clara
2022,95133,67,22.5,All Ages,Santa Clara
2022,95134,28,10.6,All Ages,Santa Clara
2022,95135,15,6.4,All Ages,Santa Clara
2022,95136,95,21.3,All Ages,Santa Clara
2022,95138,39,19.6,All Ages,Santa Clara
2022,95139,20,29.4,All Ages,Santa Clara
2022,95148,98,22.4,All Ages,Santa Clara
2022,95202,76,108.7,All Ages,San Joaquin
2022,95203,179,96.4,All Ages,San Joaquin
2022,95204,172,60.1,All Ages,San Joaquin
2022,95205,219,50.6,All Ages,San Joaquin
2022,95206,421,58.4,All Ages,San Joaquin
2022,95207,335,66.5,All Ages,San Joaquin
2022,95209,187,43.9,All Ages,San Joaquin
2022,95210,280,68,All Ages,San Joaquin
2022,95212,101,34.7,All Ages,San Joaquin
2022,95215,70,26.8,All Ages,San Joaquin
2022,95219,98,33,All Ages,San Joaquin
2022,95220,40,66.6,All Ages,San Joaquin
2022,95222,12,30.1,All Ages,Calaveras
2022,95228,16,42.1,All Ages,Calaveras
2022,95231,18,41.1,All Ages,San Joaquin
2022,95240,225,47.4,All Ages,San Joaquin
2022,95242,85,32.8,All Ages,San Joaquin
2022,95249,19,66.2,All Ages,Calaveras
2022,95252,30,28.1,All Ages,Calaveras
2022,95258,12,33.2,All Ages,San Joaquin
2022,95301,144,36.1,All Ages,Merced
2022,95304,42,27.6,All Ages,San Joaquin
2022,95307,166,34.7,All Ages,Stanislaus
2022,95315,43,29.3,All Ages,Merced
2022,95316,26,38.2,All Ages,Stanislaus
2022,95320,44,34.5,All Ages,San Joaquin
2022,95322,45,46.3,All Ages,Merced
2022,95324,15,23.1,All Ages,Merced
2022,95326,24,22.7,All Ages,Stanislaus
2022,95327,13,16.3,All Ages,Tuolumne
2022,95330,127,38.1,All Ages,San Joaquin
2022,95334,57,30.6,All Ages,Merced
2022,95336,212,48,All Ages,San Joaquin
2022,95337,156,32.3,All Ages,San Joaquin
2022,95338,19,24.4,All Ages,Mariposa
2022,95340,205,55.9,All Ages,Merced
2022,95341,209,53.1,All Ages,Merced
2022,95348,206,56.1,All Ages,Merced
2022,95350,221,43.5,All Ages,Stanislaus
2022,95351,318,64.9,All Ages,Stanislaus
2022,95354,147,56.6,All Ages,Stanislaus
2022,95355,195,33.4,All Ages,Stanislaus
2022,95356,101,31.4,All Ages,Stanislaus
2022,95357,58,47.8,All Ages,Stanislaus
2022,95358,136,40.9,All Ages,Stanislaus
2022,95360,42,30.5,All Ages,Stanislaus
2022,95361,107,32.3,All Ages,Stanislaus
2022,95363,95,29.7,All Ages,Stanislaus
2022,95365,26,61.3,All Ages,Merced
2022,95366,48,27.6,All Ages,San Joaquin
2022,95367,88,34.8,All Ages,Stanislaus
2022,95368,49,34.5,All Ages,Stanislaus
2022,95370,68,32.2,All Ages,Tuolumne
2022,95376,199,36.6,All Ages,San Joaquin
2022,95377,114,31.6,All Ages,San Joaquin
2022,95380,162,37.1,All Ages,Stanislaus
2022,95382,115,30.9,All Ages,Stanislaus
2022,95386,39,33.5,All Ages,Stanislaus
2022,95388,56,38.1,All Ages,Merced
2022,95391,54,17.1,All Ages,San Joaquin
2022,95401,105,28.8,All Ages,Sonoma
2022,95403,112,26.4,All Ages,Sonoma
2022,95404,81,22.2,All Ages,Sonoma
2022,95405,42,20.6,All Ages,Sonoma
2022,95407,138,31.3,All Ages,Sonoma
2022,95409,59,27.7,All Ages,Sonoma
2022,95422,129,82.8,All Ages,Lake
2022,95423,23,77.1,All Ages,Lake
2022,95425,28,28.6,All Ages,Sonoma
2022,95428,14,48.5,All Ages,Mendocino
2022,95436,13,29.7,All Ages,Sonoma
2022,95437,65,49.2,All Ages,Mendocino
2022,95446,12,28.2,All Ages,Sonoma
2022,95448,41,32.7,All Ages,Sonoma
2022,95451,33,31.3,All Ages,Lake
2022,95453,39,38.5,All Ages,Lake
2022,95457,12,50.3,All Ages,Lake
2022,95458,12,69.5,All Ages,Lake
2022,95461,19,84.7,All Ages,Lake
2022,95464,22,98.9,All Ages,Lake
2022,95467,14,23,All Ages,Lake
2022,95470,19,36.2,All Ages,Mendocino
2022,95472,29,12,All Ages,Sonoma
2022,95476,55,18.1,All Ages,Sonoma
2022,95482,165,54.1,All Ages,Mendocino
2022,95490,102,82.7,All Ages,Mendocino
2022,95492,58,23.1,All Ages,Sonoma
2022,95501,86,39.6,All Ages,Humboldt
2022,95503,73,35.1,All Ages,Humboldt
2022,95519,43,24.9,All Ages,Humboldt
2022,95521,73,31.1,All Ages,Humboldt
2022,95531,88,41.5,All Ages,Del Norte
2022,95540,52,41.8,All Ages,Humboldt
2022,95542,14,48.3,All Ages,Humboldt
2022,95562,14,44.1,All Ages,Humboldt
2022,95602,42,30.9,All Ages,Placer
2022,95603,77,34.1,All Ages,Placer
2022,95605,53,37.4,All Ages,Yolo
2022,95608,246,40.6,All Ages,Sacramento
2022,95610,155,34.7,All Ages,Sacramento
2022,95616,53,14.6,All Ages,Yolo
2022,95618,48,19.6,All Ages,Yolo
2022,95620,81,37,All Ages,Solano
2022,95621,145,36,All Ages,Sacramento
2022,95624,151,23.4,All Ages,Sacramento
2022,95627,15,33.7,All Ages,Yolo
2022,95628,94,26,All Ages,Sacramento
2022,95630,129,16.2,All Ages,Sacramento
2022,95631,17,37.8,All Ages,Placer
2022,95632,83,27.7,All Ages,Sacramento
2022,95640,31,35.2,All Ages,Amador
2022,95642,38,59,All Ages,Amador
2022,95648,107,19.4,All Ages,Placer
2022,95650,20,14.9,All Ages,Placer
2022,95655,15,30.8,All Ages,Sacramento
2022,95660,161,45.9,All Ages,Sacramento
2022,95661,65,21.7,All Ages,Placer
2022,95662,63,21.5,All Ages,Sacramento
2022,95666,20,57.8,All Ages,Amador
2022,95667,106,31.4,All Ages,El Dorado
2022,95670,243,44,All Ages,Sacramento
2022,95672,12,29,All Ages,El Dorado
2022,95673,58,37.1,All Ages,Sacramento
2022,95677,70,26.9,All Ages,Placer
2022,95678,107,24.6,All Ages,Placer
2022,95682,54,20.5,All Ages,El Dorado
2022,95685,13,39.8,All Ages,Amador
2022,95687,301,45.1,All Ages,Solano
2022,95688,164,41.4,All Ages,Solano
2022,95691,120,29.7,All Ages,Yolo
2022,95692,18,36.8,All Ages,Yuba
2022,95693,15,23.1,All Ages,Sacramento
2022,95694,37,37.7,All Ages,Yolo
2022,95695,123,34.2,All Ages,Yolo
2022,95709,20,58.7,All Ages,El Dorado
2022,95713,12,19.3,All Ages,Placer
2022,95726,25,36.3,All Ages,El Dorado
2022,95742,41,21.8,All Ages,Sacramento
2022,95746,37,21.6,All Ages,Placer
2022,95747,182,22.4,All Ages,Placer
2022,95757,120,21,All Ages,Sacramento
2022,95758,170,27.7,All Ages,Sacramento
2022,95762,57,12.5,All Ages,El Dorado
2022,95765,66,15.5,All Ages,Placer
2022,95776,93,33.6,All Ages,Yolo
2022,95811,45,37.9,All Ages,Sacramento
2022,95814,47,63.7,All Ages,Sacramento
2022,95815,210,76.2,All Ages,Sacramento
2022,95816,37,26.7,All Ages,Sacramento
2022,95817,82,57.9,All Ages,Sacramento
2022,95818,98,47.6,All Ages,Sacramento
2022,95819,25,14.3,All Ages,Sacramento
2022,95820,166,45.6,All Ages,Sacramento
2022,95821,187,51.4,All Ages,Sacramento
2022,95822,215,48.4,All Ages,Sacramento
2022,95823,537,66.1,All Ages,Sacramento
2022,95824,180,55.6,All Ages,Sacramento
2022,95825,215,66.5,All Ages,Sacramento
2022,95826,188,49.2,All Ages,Sacramento
2022,95827,82,37.3,All Ages,Sacramento
2022,95828,305,47.6,All Ages,Sacramento
2022,95829,75,23.1,All Ages,Sacramento
2022,95831,90,24.2,All Ages,Sacramento
2022,95832,68,68.5,All Ages,Sacramento
2022,95833,183,43.1,All Ages,Sacramento
2022,95834,151,38.2,All Ages,Sacramento
2022,95835,119,28.2,All Ages,Sacramento
2022,95838,276,65.8,All Ages,Sacramento
2022,95841,116,54,All Ages,Sacramento
2022,95842,194,55.4,All Ages,Sacramento
2022,95843,160,33.8,All Ages,Sacramento
2022,95864,62,27.7,All Ages,Sacramento
2022,95901,174,48.5,All Ages,Yuba
2022,95917,19,63,All Ages,Butte
2022,95926,115,30.8,All Ages,Butte
2022,95928,88,24.6,All Ages,Butte
2022,95932,40,48.8,All Ages,Colusa
2022,95945,50,24.4,All Ages,Nevada
2022,95948,32,29.6,All Ages,Butte
2022,95949,34,22.5,All Ages,Nevada
2022,95953,24,21.7,All Ages,Sutter
2022,95954,19,29.8,All Ages,Butte
2022,95959,13,8.4,All Ages,Nevada
2022,95961,109,30.9,All Ages,Yuba
2022,95963,45,27.1,All Ages,Glenn
2022,95965,39,18.8,All Ages,Butte
2022,95966,60,23,All Ages,Butte
2022,95969,18,35.2,All Ages,Butte
2022,95971,13,19.4,All Ages,Plumas
2022,95973,94,23.4,All Ages,Butte
2022,95987,34,49.6,All Ages,Colusa
2022,95988,38,42.8,All Ages,Glenn
2022,95991,120,26.9,All Ages,Sutter
2022,95993,95,26.1,All Ages,Sutter
2022,96001,59,19.6,All Ages,Shasta
2022,96002,82,25.7,All Ages,Shasta
2022,96003,110,28,All Ages,Shasta
2022,96007,45,20.7,All Ages,Shasta
2022,96019,30,30,All Ages,Shasta
2022,96021,50,29.3,All Ages,Tehama
2022,96022,30,21.4,All Ages,Shasta
2022,96035,23,69.4,All Ages,Tehama
2022,96055,17,51.5,All Ages,Tehama
2022,96067,18,32.2,All Ages,Siskiyou
2022,96080,109,42.1,All Ages,Tehama
2022,96093,18,55.4,All Ages,Trinity
2022,96094,16,28.5,All Ages,Siskiyou
2022,96097,33,43.8,All Ages,Siskiyou
2022,96101,38,99.5,All Ages,Modoc
2022,96122,20,51.9,All Ages,Plumas
2022,96130,50,20.2,All Ages,Lassen
2022,96150,46,16.2,All Ages,El Dorado
2022,96161,29,17,All Ages,Nevada
2023,90001,333,29.4,All Ages,Los Angeles
2023,90002,378,37.8,All Ages,Los Angeles
2023,90003,685,50.1,All Ages,Los Angeles
2023,90004,150,16.7,All Ages,Los Angeles
2023,90005,95,15.8,All Ages,Los Angeles
2023,90006,221,21.6,All Ages,Los Angeles
2023,90007,146,24.8,All Ages,Los Angeles
2023,90008,199,49.5,All Ages,Los Angeles
2023,90011,551,27.7,All Ages,Los Angeles
2023,90012,132,29,All Ages,Los Angeles
2023,90013,116,48.2,All Ages,Los Angeles
2023,90014,58,58.2,All Ages,Los Angeles
2023,90015,117,24.3,All Ages,Los Angeles
2023,90016,310,41,All Ages,Los Angeles
2023,90017,110,19.2,All Ages,Los Angeles
2023,90018,244,26.9,All Ages,Los Angeles
2023,90019,238,25.8,All Ages,Los Angeles
2023,90020,81,14,All Ages,Los Angeles
2023,90021,41,41.2,All Ages,Los Angeles
2023,90022,263,19,All Ages,Los Angeles
2023,90023,223,22,All Ages,Los Angeles
2023,90024,49,13.5,All Ages,Los Angeles
2023,90025,51,11.2,All Ages,Los Angeles
2023,90026,178,18.7,All Ages,Los Angeles
2023,90027,92,18,All Ages,Los Angeles
2023,90028,117,27.2,All Ages,Los Angeles
2023,90029,117,21.7,All Ages,Los Angeles
2023,90031,107,16.5,All Ages,Los Angeles
2023,90032,197,23.7,All Ages,Los Angeles
2023,90033,266,29,All Ages,Los Angeles
2023,90034,114,15.6,All Ages,Los Angeles
2023,90035,40,12,All Ages,Los Angeles
2023,90036,37,7.2,All Ages,Los Angeles
2023,90037,355,29.7,All Ages,Los Angeles
2023,90038,86,20.3,All Ages,Los Angeles
2023,90039,69,17.4,All Ages,Los Angeles
2023,90040,74,29.3,All Ages,Los Angeles
2023,90041,64,18.8,All Ages,Los Angeles
2023,90042,172,17.9,All Ages,Los Angeles
2023,90043,335,50.8,All Ages,Los Angeles
2023,90044,752,44.7,All Ages,Los Angeles
2023,90045,75,14.8,All Ages,Los Angeles
2023,90046,48,9.8,All Ages,Los Angeles
2023,90047,439,61.8,All Ages,Los Angeles
2023,90048,43,16.9,All Ages,Los Angeles
2023,90049,19,4.4,All Ages,Los Angeles
2023,90056,24,25.7,All Ages,Los Angeles
2023,90057,144,19.7,All Ages,Los Angeles
2023,90058,15,17.6,All Ages,Los Angeles
2023,90059,441,55.2,All Ages,Los Angeles
2023,90061,255,51.9,All Ages,Los Angeles
2023,90062,202,38.4,All Ages,Los Angeles
2023,90063,236,21.7,All Ages,Los Angeles
2023,90064,60,19.6,All Ages,Los Angeles
2023,90065,124,16.2,All Ages,Los Angeles
2023,90066,101,15.9,All Ages,Los Angeles
2023,90068,19,8.7,All Ages,Los Angeles
2023,90069,14,7.2,All Ages,Los Angeles
2023,90201,404,21,All Ages,Los Angeles
2023,90210,16,10.5,All Ages,Los Angeles
2023,90212,15,12.8,All Ages,Los Angeles
2023,90220,310,36.5,All Ages,Los Angeles
2023,90221,301,32.6,All Ages,Los Angeles
2023,90222,225,37.1,All Ages,Los Angeles
2023,90230,86,19.5,All Ages,Los Angeles
2023,90232,55,22.4,All Ages,Los Angeles
2023,90240,87,18.4,All Ages,Los Angeles
2023,90241,149,18.4,All Ages,Los Angeles
2023,90242,119,15,All Ages,Los Angeles
2023,90245,19,10.4,All Ages,Los Angeles
2023,90247,271,36.2,All Ages,Los Angeles
2023,90248,41,24.2,All Ages,Los Angeles
2023,90249,143,35.9,All Ages,Los Angeles
2023,90250,431,27.3,All Ages,Los Angeles
2023,90254,15,7.9,All Ages,Los Angeles
2023,90255,292,20.1,All Ages,Los Angeles
2023,90260,119,20.7,All Ages,Los Angeles
2023,90262,294,21,All Ages,Los Angeles
2023,90265,14,10.2,All Ages,Los Angeles
2023,90266,25,7,All Ages,Los Angeles
2023,90270,93,17.9,All Ages,Los Angeles
2023,90272,14,5.9,All Ages,Los Angeles
2023,90274,17,6.4,All Ages,Los Angeles
2023,90275,61,17,All Ages,Los Angeles
2023,90277,55,13.1,All Ages,Los Angeles
2023,90278,77,15.3,All Ages,Los Angeles
2023,90280,325,16,All Ages,Los Angeles
2023,90291,33,11.1,All Ages,Los Angeles
2023,90292,29,9.6,All Ages,Los Angeles
2023,90293,13,20.4,All Ages,Los Angeles
2023,90301,171,28.2,All Ages,Los Angeles
2023,90302,156,34.6,All Ages,Los Angeles
2023,90303,146,36.4,All Ages,Los Angeles
2023,90304,105,20,All Ages,Los Angeles
2023,90305,74,47.5,All Ages,Los Angeles
2023,90401,25,22.2,All Ages,Los Angeles
2023,90403,26,12.4,All Ages,Los Angeles
2023,90404,77,28.9,All Ages,Los Angeles
2023,90405,40,14,All Ages,Los Angeles
2023,90501,166,25,All Ages,Los Angeles
2023,90502,66,25.9,All Ages,Los Angeles
2023,90503,93,18.2,All Ages,Los Angeles
2023,90504,75,17.7,All Ages,Los Angeles
2023,90505,61,15.9,All Ages,Los Angeles
2023,90601,100,17.9,All Ages,Los Angeles
2023,90602,117,23.7,All Ages,Los Angeles
2023,90603,55,15.9,All Ages,Los Angeles
2023,90604,157,22,All Ages,Los Angeles
2023,90605,125,16.7,All Ages,Los Angeles
2023,90606,123,19.9,All Ages,Los Angeles
2023,90620,145,23.8,All Ages,Orange
2023,90621,112,19.1,All Ages,Orange
2023,90623,47,27.9,All Ages,Orange
2023,90630,90,16.2,All Ages,Orange
2023,90631,172,14.9,All Ages,Orange
2023,90638,98,14.8,All Ages,Los Angeles
2023,90640,253,22.5,All Ages,Los Angeles
2023,90650,386,21.2,All Ages,Los Angeles
2023,90660,234,19.3,All Ages,Los Angeles
2023,90670,58,18.3,All Ages,Los Angeles
2023,90680,90,18.4,All Ages,Orange
2023,90701,42,19.3,All Ages,Los Angeles
2023,90703,96,18.9,All Ages,Los Angeles
2023,90704,15,24.5,All Ages,Los Angeles
2023,90706,321,24.2,All Ages,Los Angeles
2023,90710,105,27,All Ages,Los Angeles
2023,90712,87,19.9,All Ages,Los Angeles
2023,90713,61,17,All Ages,Los Angeles
2023,90715,133,50.4,All Ages,Los Angeles
2023,90716,49,16.3,All Ages,Los Angeles
2023,90717,83,27.5,All Ages,Los Angeles
2023,90720,35,13,All Ages,Orange
2023,90723,208,19.9,All Ages,Los Angeles
2023,90731,316,32.4,All Ages,Los Angeles
2023,90732,41,15.4,All Ages,Los Angeles
2023,90740,23,10.9,All Ages,Orange
2023,90744,250,24.2,All Ages,Los Angeles
2023,90745,197,21.3,All Ages,Los Angeles
2023,90746,151,50,All Ages,Los Angeles
2023,90755,39,21.4,All Ages,Los Angeles
2023,90802,153,26.4,All Ages,Los Angeles
2023,90803,62,15.1,All Ages,Los Angeles
2023,90804,182,28.4,All Ages,Los Angeles
2023,90805,444,27.8,All Ages,Los Angeles
2023,90806,248,37.8,All Ages,Los Angeles
2023,90807,94,23.3,All Ages,Los Angeles
2023,90808,85,18.1,All Ages,Los Angeles
2023,90810,171,26.7,All Ages,Los Angeles
2023,90813,389,46.2,All Ages,Los Angeles
2023,90814,33,14,All Ages,Los Angeles
2023,90815,74,15.9,All Ages,Los Angeles
2023,91001,67,13.7,All Ages,Los Angeles
2023,91006,34,8.1,All Ages,Los Angeles
2023,91007,25,8.3,All Ages,Los Angeles
2023,91010,88,22.4,All Ages,Los Angeles
2023,91011,18,9.9,All Ages,Los Angeles
2023,91016,121,19.7,All Ages,Los Angeles
2023,91024,15,9,All Ages,Los Angeles
2023,91030,37,12,All Ages,Los Angeles
2023,91040,45,15.9,All Ages,Los Angeles
2023,91042,60,16.8,All Ages,Los Angeles
2023,91101,34,13.8,All Ages,Los Angeles
2023,91103,99,22.5,All Ages,Los Angeles
2023,91104,82,17.1,All Ages,Los Angeles
2023,91105,13,9.1,All Ages,Los Angeles
2023,91106,33,9.9,All Ages,Los Angeles
2023,91107,38,9,All Ages,Los Angeles
2023,91201,44,18.4,All Ages,Los Angeles
2023,91202,36,16.2,All Ages,Los Angeles
2023,91203,35,20.1,All Ages,Los Angeles
2023,91204,44,18,All Ages,Los Angeles
2023,91205,85,18.4,All Ages,Los Angeles
2023,91206,55,14.9,All Ages,Los Angeles
2023,91207,21,19.6,All Ages,Los Angeles
2023,91208,24,13.5,All Ages,Los Angeles
2023,91214,37,12.9,All Ages,Los Angeles
2023,91301,29,10.9,All Ages,Los Angeles
2023,91302,28,11.3,All Ages,Los Angeles
2023,91303,108,19.9,All Ages,Los Angeles
2023,91304,198,24.5,All Ages,Los Angeles
2023,91306,176,23.3,All Ages,Los Angeles
2023,91307,76,26.4,All Ages,Los Angeles
2023,91311,87,17.3,All Ages,Los Angeles
2023,91316,69,21.7,All Ages,Los Angeles
2023,91320,67,13.7,All Ages,Ventura
2023,91321,113,20.3,All Ages,Los Angeles
2023,91324,108,25.9,All Ages,Los Angeles
2023,91325,115,23.1,All Ages,Los Angeles
2023,91326,67,15.2,All Ages,Los Angeles
2023,91331,484,24,All Ages,Los Angeles
2023,91335,280,22.2,All Ages,Los Angeles
2023,91340,178,24.1,All Ages,Los Angeles
2023,91342,353,20,All Ages,Los Angeles
2023,91343,235,22.4,All Ages,Los Angeles
2023,91344,126,17.2,All Ages,Los Angeles
2023,91345,70,21.3,All Ages,Los Angeles
2023,91350,104,18.3,All Ages,Los Angeles
2023,91351,89,17.1,All Ages,Los Angeles
2023,91352,201,24.8,All Ages,Los Angeles
2023,91354,35,8.7,All Ages,Los Angeles
2023,91355,47,8.7,All Ages,Los Angeles
2023,91356,83,23.6,All Ages,Los Angeles
2023,91360,72,13.8,All Ages,Ventura
2023,91361,14,5.2,All Ages,Ventura
2023,91362,61,13.4,All Ages,Ventura
2023,91364,50,17,All Ages,Los Angeles
2023,91367,115,21.7,All Ages,Los Angeles
2023,91381,18,8.6,All Ages,Los Angeles
2023,91384,39,8.5,All Ages,Los Angeles
2023,91387,139,18,All Ages,Los Angeles
2023,91390,27,10.6,All Ages,Los Angeles
2023,91401,128,20.7,All Ages,Los Angeles
2023,91402,318,25,All Ages,Los Angeles
2023,91403,51,18.1,All Ages,Los Angeles
2023,91405,265,30.5,All Ages,Los Angeles
2023,91406,147,16.1,All Ages,Los Angeles
2023,91411,110,27.2,All Ages,Los Angeles
2023,91423,68,19.6,All Ages,Los Angeles
2023,91436,19,11.7,All Ages,Los Angeles
2023,91501,39,16.3,All Ages,Los Angeles
2023,91502,40,23.3,All Ages,Los Angeles
2023,91504,53,16.9,All Ages,Los Angeles
2023,91505,65,15.6,All Ages,Los Angeles
2023,91506,36,15.6,All Ages,Los Angeles
2023,91601,126,19.8,All Ages,Los Angeles
2023,91602,39,21.3,All Ages,Los Angeles
2023,91604,23,7.4,All Ages,Los Angeles
2023,91605,255,29.6,All Ages,Los Angeles
2023,91606,163,21.7,All Ages,Los Angeles
2023,91607,66,16.2,All Ages,Los Angeles
2023,91701,77,15.9,All Ages,San Bernardino
2023,91702,310,27.8,All Ages,Los Angeles
2023,91706,409,30.6,All Ages,Los Angeles
2023,91708,55,19.5,All Ages,San Bernardino
2023,91709,150,15.8,All Ages,San Bernardino
2023,91710,213,15.2,All Ages,San Bernardino
2023,91711,69,15.4,All Ages,Los Angeles
2023,91722,160,25,All Ages,Los Angeles
2023,91723,134,41.3,All Ages,Los Angeles
2023,91724,111,26,All Ages,Los Angeles
2023,91730,180,15.6,All Ages,San Bernardino
2023,91731,137,29.3,All Ages,Los Angeles
2023,91732,249,24.5,All Ages,Los Angeles
2023,91733,231,30,All Ages,Los Angeles
2023,91737,50,18.2,All Ages,San Bernardino
2023,91739,85,15.3,All Ages,San Bernardino
2023,91740,86,21.7,All Ages,Los Angeles
2023,91741,74,21.6,All Ages,Los Angeles
2023,91744,380,24.9,All Ages,Los Angeles
2023,91745,157,21.9,All Ages,Los Angeles
2023,91746,121,21,All Ages,Los Angeles
2023,91748,96,18.5,All Ages,Los Angeles
2023,91750,60,13.1,All Ages,Los Angeles
2023,91752,116,15.7,All Ages,Riverside
2023,91754,66,15.7,All Ages,Los Angeles
2023,91755,61,19.2,All Ages,Los Angeles
2023,91761,234,19.3,All Ages,San Bernardino
2023,91762,236,20.1,All Ages,San Bernardino
2023,91763,159,22.7,All Ages,San Bernardino
2023,91764,231,20.3,All Ages,San Bernardino
2023,91765,69,13.5,All Ages,Los Angeles
2023,91766,289,21.8,All Ages,Los Angeles
2023,91767,220,23.5,All Ages,Los Angeles
2023,91768,130,21.7,All Ages,Los Angeles
2023,91770,143,18.5,All Ages,Los Angeles
2023,91773,108,21.7,All Ages,Los Angeles
2023,91775,35,13,All Ages,Los Angeles
2023,91776,93,20,All Ages,Los Angeles
2023,91780,69,17.1,All Ages,Los Angeles
2023,91784,45,13.6,All Ages,San Bernardino
2023,91786,189,21.1,All Ages,San Bernardino
2023,91789,54,12.1,All Ages,Los Angeles
2023,91790,174,23.4,All Ages,Los Angeles
2023,91791,111,22.8,All Ages,Los Angeles
2023,91792,97,21.4,All Ages,Los Angeles
2023,91801,156,23.5,All Ages,Los Angeles
2023,91803,75,18.8,All Ages,Los Angeles
2023,91901,50,25.3,All Ages,San Diego
2023,91902,35,13.2,All Ages,San Diego
2023,91906,21,38.5,All Ages,San Diego
2023,91910,315,23.5,All Ages,San Diego
2023,91911,379,24.1,All Ages,San Diego
2023,91913,157,17.5,All Ages,San Diego
2023,91914,42,18.2,All Ages,San Diego
2023,91915,69,12.5,All Ages,San Diego
2023,91932,90,22.3,All Ages,San Diego
2023,91935,12,12.9,All Ages,San Diego
2023,91941,96,23.7,All Ages,San Diego
2023,91942,141,27.6,All Ages,San Diego
2023,91945,151,36.9,All Ages,San Diego
2023,91950,307,31,All Ages,San Diego
2023,91977,272,28.8,All Ages,San Diego
2023,91978,42,27.2,All Ages,San Diego
2023,92003,15,26.9,All Ages,San Diego
2023,92007,13,8.7,All Ages,San Diego
2023,92008,22,7.1,All Ages,San Diego
2023,92009,50,9.5,All Ages,San Diego
2023,92010,16,6.7,All Ages,San Diego
2023,92011,29,8.9,All Ages,San Diego
2023,92014,13,17.5,All Ages,San Diego
2023,92019,140,27.7,All Ages,San Diego
2023,92020,299,35.7,All Ages,San Diego
2023,92021,293,30.2,All Ages,San Diego
2023,92024,54,9.7,All Ages,San Diego
2023,92025,104,11.2,All Ages,San Diego
2023,92026,129,16.1,All Ages,San Diego
2023,92027,140,14.5,All Ages,San Diego
2023,92028,70,8.8,All Ages,San Diego
2023,92029,30,10.5,All Ages,San Diego
2023,92037,46,13.5,All Ages,San Diego
2023,92040,132,23.3,All Ages,San Diego
2023,92054,62,10.9,All Ages,San Diego
2023,92056,40,6,All Ages,San Diego
2023,92057,72,8.5,All Ages,San Diego
2023,92058,35,7.6,All Ages,San Diego
2023,92064,93,15.1,All Ages,San Diego
2023,92065,101,21.6,All Ages,San Diego
2023,92069,97,11,All Ages,San Diego
2023,92071,140,19.2,All Ages,San Diego
2023,92078,75,9.4,All Ages,San Diego
2023,92081,35,8.8,All Ages,San Diego
2023,92082,46,15.8,All Ages,San Diego
2023,92083,50,6.8,All Ages,San Diego
2023,92084,94,11.5,All Ages,San Diego
2023,92101,163,27.3,All Ages,San Diego
2023,92102,190,27.8,All Ages,San Diego
2023,92103,76,20.4,All Ages,San Diego
2023,92104,121,19.8,All Ages,San Diego
2023,92105,356,32,All Ages,San Diego
2023,92106,28,12.3,All Ages,San Diego
2023,92107,44,18.6,All Ages,San Diego
2023,92108,66,23,All Ages,San Diego
2023,92109,44,12.7,All Ages,San Diego
2023,92110,61,19.5,All Ages,San Diego
2023,92111,147,23.8,All Ages,San Diego
2023,92113,303,32.9,All Ages,San Diego
2023,92114,401,40.8,All Ages,San Diego
2023,92115,251,33.6,All Ages,San Diego
2023,92116,45,12.2,All Ages,San Diego
2023,92117,135,22.6,All Ages,San Diego
2023,92118,36,13.3,All Ages,San Diego
2023,92119,58,22,All Ages,San Diego
2023,92120,84,25.7,All Ages,San Diego
2023,92122,44,10.2,All Ages,San Diego
2023,92123,116,28.1,All Ages,San Diego
2023,92124,95,22.7,All Ages,San Diego
2023,92126,156,18.9,All Ages,San Diego
2023,92127,82,12.8,All Ages,San Diego
2023,92128,55,11.5,All Ages,San Diego
2023,92129,92,13.6,All Ages,San Diego
2023,92130,51,7,All Ages,San Diego
2023,92131,41,10.6,All Ages,San Diego
2023,92139,184,34.6,All Ages,San Diego
2023,92154,324,21.5,All Ages,San Diego
2023,92173,142,23.1,All Ages,San Diego
2023,92201,243,19.8,All Ages,Riverside
2023,92203,79,13.7,All Ages,Riverside
2023,92211,38,15.8,All Ages,Riverside
2023,92220,214,38.8,All Ages,Riverside
2023,92223,230,23.9,All Ages,Riverside
2023,92225,51,13.7,All Ages,Riverside
2023,92227,189,31.9,All Ages,Imperial
2023,92230,15,28.9,All Ages,Riverside
2023,92231,99,12,All Ages,Imperial
2023,92233,22,19.3,All Ages,Imperial
2023,92234,151,17.7,All Ages,Riverside
2023,92236,158,16.4,All Ages,Riverside
2023,92240,215,29,All Ages,Riverside
2023,92241,35,31.3,All Ages,Riverside
2023,92243,241,23.8,All Ages,Imperial
2023,92249,24,15.8,All Ages,Imperial
2023,92250,26,16.8,All Ages,Imperial
2023,92251,86,18.1,All Ages,Imperial
2023,92252,31,29.9,All Ages,San Bernardino
2023,92253,62,13.4,All Ages,Riverside
2023,92254,25,7.9,All Ages,Riverside
2023,92257,16,84.6,All Ages,Imperial
2023,92260,55,14.6,All Ages,Riverside
2023,92262,106,31.3,All Ages,Riverside
2023,92264,20,8.9,All Ages,Riverside
2023,92270,22,15.5,All Ages,Riverside
2023,92274,44,8.9,All Ages,Riverside
2023,92276,20,17,All Ages,Riverside
2023,92277,95,33.9,All Ages,San Bernardino
2023,92281,21,36.4,All Ages,Imperial
2023,92284,122,39,All Ages,San Bernardino
2023,92301,297,40.5,All Ages,San Bernardino
2023,92307,204,34.6,All Ages,San Bernardino
2023,92308,193,32.6,All Ages,San Bernardino
2023,92311,386,73.8,All Ages,San Bernardino
2023,92313,37,18.4,All Ages,San Bernardino
2023,92314,36,26.7,All Ages,San Bernardino
2023,92315,19,29.4,All Ages,San Bernardino
2023,92316,125,21.6,All Ages,San Bernardino
2023,92320,30,22.5,All Ages,Riverside
2023,92324,248,21.4,All Ages,San Bernardino
2023,92325,37,33.4,All Ages,San Bernardino
2023,92335,382,20.6,All Ages,San Bernardino
2023,92336,288,16.4,All Ages,San Bernardino
2023,92337,102,15.8,All Ages,San Bernardino
2023,92342,29,33.2,All Ages,San Bernardino
2023,92344,76,17,All Ages,San Bernardino
2023,92345,395,25.1,All Ages,San Bernardino
2023,92346,217,23.5,All Ages,San Bernardino
2023,92354,57,19.9,All Ages,San Bernardino
2023,92356,25,32,All Ages,San Bernardino
2023,92359,23,15.7,All Ages,San Bernardino
2023,92363,32,43.9,All Ages,San Bernardino
2023,92371,59,24.6,All Ages,San Bernardino
2023,92372,19,26,All Ages,San Bernardino
2023,92373,73,16.5,All Ages,San Bernardino
2023,92374,128,18.9,All Ages,San Bernardino
2023,92376,406,24.1,All Ages,San Bernardino
2023,92377,56,14.8,All Ages,San Bernardino
2023,92382,13,19.2,All Ages,San Bernardino
2023,92392,347,30.3,All Ages,San Bernardino
2023,92394,223,29.1,All Ages,San Bernardino
2023,92395,354,44.8,All Ages,San Bernardino
2023,92399,144,17.3,All Ages,San Bernardino
2023,92401,58,150.3,All Ages,San Bernardino
2023,92404,560,51,All Ages,San Bernardino
2023,92405,240,40.4,All Ages,San Bernardino
2023,92407,290,25.6,All Ages,San Bernardino
2023,92408,66,26.3,All Ages,San Bernardino
2023,92410,414,44.1,All Ages,San Bernardino
2023,92411,203,38.8,All Ages,San Bernardino
2023,92501,130,33,All Ages,Riverside
2023,92503,391,24.3,All Ages,Riverside
2023,92504,292,31.3,All Ages,Riverside
2023,92505,218,22.8,All Ages,Riverside
2023,92506,131,20.8,All Ages,Riverside
2023,92507,251,26.1,All Ages,Riverside
2023,92508,80,17.4,All Ages,Riverside
2023,92509,310,21.3,All Ages,Riverside
2023,92530,254,24,All Ages,Riverside
2023,92532,99,22,All Ages,Riverside
2023,92539,12,22,All Ages,Riverside
2023,92543,250,40.4,All Ages,Riverside
2023,92544,222,29.8,All Ages,Riverside
2023,92545,225,37.9,All Ages,Riverside
2023,92548,23,18.3,All Ages,Riverside
2023,92551,132,21.3,All Ages,Riverside
2023,92553,375,27,All Ages,Riverside
2023,92555,184,23.7,All Ages,Riverside
2023,92557,215,22.8,All Ages,Riverside
2023,92562,191,22,All Ages,Riverside
2023,92563,191,17.1,All Ages,Riverside
2023,92567,25,14.8,All Ages,Riverside
2023,92570,254,21.5,All Ages,Riverside
2023,92571,196,15.8,All Ages,Riverside
2023,92582,79,20,All Ages,Riverside
2023,92583,155,25.5,All Ages,Riverside
2023,92584,196,20.3,All Ages,Riverside
2023,92585,117,25.3,All Ages,Riverside
2023,92586,68,29.2,All Ages,Riverside
2023,92587,44,17.6,All Ages,Riverside
2023,92590,14,19.7,All Ages,Riverside
2023,92591,115,18.9,All Ages,Riverside
2023,92592,177,17.3,All Ages,Riverside
2023,92595,172,34.9,All Ages,Riverside
2023,92596,101,17.6,All Ages,Riverside
2023,92602,32,8.4,All Ages,Orange
2023,92603,21,10.8,All Ages,Orange
2023,92604,47,16,All Ages,Orange
2023,92606,43,15.7,All Ages,Orange
2023,92610,15,11.7,All Ages,Orange
2023,92612,71,20.7,All Ages,Orange
2023,92614,54,17.6,All Ages,Orange
2023,92618,114,16.1,All Ages,Orange
2023,92620,74,10.3,All Ages,Orange
2023,92625,12,12.4,All Ages,Orange
2023,92626,116,16.8,All Ages,Orange
2023,92627,168,18,All Ages,Orange
2023,92629,31,9.7,All Ages,Orange
2023,92630,90,10.2,All Ages,Orange
2023,92637,27,8,All Ages,Orange
2023,92646,91,15.4,All Ages,Orange
2023,92647,173,21.2,All Ages,Orange
2023,92648,90,16.9,All Ages,Orange
2023,92649,51,14.4,All Ages,Orange
2023,92651,35,15.1,All Ages,Orange
2023,92653,52,16.6,All Ages,Orange
2023,92655,30,27.5,All Ages,Orange
2023,92656,74,11.4,All Ages,Orange
2023,92660,42,11.6,All Ages,Orange
2023,92663,54,23.9,All Ages,Orange
2023,92672,37,8,All Ages,Orange
2023,92673,37,8.6,All Ages,Orange
2023,92675,65,12.6,All Ages,Orange
2023,92677,102,14.2,All Ages,Orange
2023,92679,33,9.2,All Ages,Orange
2023,92683,246,20.8,All Ages,Orange
2023,92688,43,8.4,All Ages,Orange
2023,92691,75,13.3,All Ages,Orange
2023,92692,55,10,All Ages,Orange
2023,92694,38,8.6,All Ages,Orange
2023,92701,222,21.2,All Ages,Orange
2023,92703,268,20,All Ages,Orange
2023,92704,296,19.9,All Ages,Orange
2023,92705,156,22.3,All Ages,Orange
2023,92706,124,18.6,All Ages,Orange
2023,92707,200,18.2,All Ages,Orange
2023,92708,115,17.6,All Ages,Orange
2023,92780,177,19.2,All Ages,Orange
2023,92782,58,16.9,All Ages,Orange
2023,92801,216,19.4,All Ages,Orange
2023,92802,180,23.9,All Ages,Orange
2023,92804,310,22.7,All Ages,Orange
2023,92805,268,19.2,All Ages,Orange
2023,92806,147,20.2,All Ages,Orange
2023,92807,80,19.9,All Ages,Orange
2023,92808,33,15.3,All Ages,Orange
2023,92821,70,11.4,All Ages,Orange
2023,92823,13,17.7,All Ages,Orange
2023,92831,120,22.5,All Ages,Orange
2023,92832,82,18.8,All Ages,Orange
2023,92833,115,15.3,All Ages,Orange
2023,92835,48,15.6,All Ages,Orange
2023,92840,140,17,All Ages,Orange
2023,92841,99,22.4,All Ages,Orange
2023,92843,170,22.5,All Ages,Orange
2023,92844,58,18.1,All Ages,Orange
2023,92845,35,20,All Ages,Orange
2023,92860,74,20.5,All Ages,Riverside
2023,92865,58,17.7,All Ages,Orange
2023,92866,52,24.8,All Ages,Orange
2023,92867,112,16.9,All Ages,Orange
2023,92868,82,19.8,All Ages,Orange
2023,92869,82,15.7,All Ages,Orange
2023,92870,141,18.9,All Ages,Orange
2023,92878,38,22.4,All Ages,Riverside
2023,92879,164,19.1,All Ages,Riverside
2023,92880,143,14.9,All Ages,Riverside
2023,92881,76,16.8,All Ages,Riverside
2023,92882,186,16.3,All Ages,Riverside
2023,92883,92,16.6,All Ages,Riverside
2023,92886,84,13.9,All Ages,Orange
2023,92887,26,13.7,All Ages,Orange
2023,93001,76,14,All Ages,Ventura
2023,93003,111,16,All Ages,Ventura
2023,93004,69,14.7,All Ages,Ventura
2023,93010,100,16.2,All Ages,Ventura
2023,93012,67,13.7,All Ages,Ventura
2023,93013,20,7.1,All Ages,Santa Barbara
2023,93015,34,8.9,All Ages,Ventura
2023,93021,66,12.8,All Ages,Ventura
2023,93022,25,43.6,All Ages,Ventura
2023,93023,45,16.5,All Ages,Ventura
2023,93030,237,21,All Ages,Ventura
2023,93033,276,17.3,All Ages,Ventura
2023,93035,62,13,All Ages,Ventura
2023,93036,150,16.2,All Ages,Ventura
2023,93041,75,20.8,All Ages,Ventura
2023,93060,96,13.7,All Ages,Ventura
2023,93063,158,22.1,All Ages,Ventura
2023,93065,203,20.9,All Ages,Ventura
2023,93101,62,12.6,All Ages,Santa Barbara
2023,93103,60,21,All Ages,Santa Barbara
2023,93105,30,6.8,All Ages,Santa Barbara
2023,93110,22,10.2,All Ages,Santa Barbara
2023,93111,24,9.4,All Ages,Santa Barbara
2023,93117,72,10.7,All Ages,Santa Barbara
2023,93202,26,31.8,All Ages,Kings
2023,93203,56,12.8,All Ages,Kern
2023,93204,45,14.9,All Ages,Kings
2023,93210,83,27.1,All Ages,Fresno
2023,93212,84,21.3,All Ages,Kings
2023,93215,187,18.9,All Ages,Kern
2023,93219,38,19.4,All Ages,Tulare
2023,93221,33,14.7,All Ages,Tulare
2023,93223,31,14.8,All Ages,Tulare
2023,93230,292,23.1,All Ages,Kings
2023,93234,31,20.7,All Ages,Fresno
2023,93240,20,45.5,All Ages,Kern
2023,93241,41,12.1,All Ages,Kern
2023,93242,16,27.3,All Ages,Fresno
2023,93245,136,21.4,All Ages,Kings
2023,93247,52,12,All Ages,Tulare
2023,93250,61,16.7,All Ages,Kern
2023,93256,16,14.6,All Ages,Tulare
2023,93257,285,17.6,All Ages,Tulare
2023,93261,18,35.6,All Ages,Tulare
2023,93263,35,8,All Ages,Kern
2023,93268,18,5.9,All Ages,Kern
2023,93270,21,18.9,All Ages,Tulare
2023,93272,13,22.9,All Ages,Tulare
2023,93274,299,19.2,All Ages,Tulare
2023,93277,144,17.3,All Ages,Tulare
2023,93280,70,12,All Ages,Kern
2023,93286,27,14.3,All Ages,Tulare
2023,93291,170,14.2,All Ages,Tulare
2023,93292,110,13.8,All Ages,Tulare
2023,93301,124,54.6,All Ages,Kern
2023,93304,267,28.1,All Ages,Kern
2023,93305,215,30.1,All Ages,Kern
2023,93306,208,15.2,All Ages,Kern
2023,93307,299,16.3,All Ages,Kern
2023,93308,198,24.3,All Ages,Kern
2023,93309,160,16.3,All Ages,Kern
2023,93311,118,13.4,All Ages,Kern
2023,93312,92,11,All Ages,Kern
2023,93313,123,11.3,All Ages,Kern
2023,93314,36,6.5,All Ages,Kern
2023,93401,74,21.1,All Ages,San Luis Obispo
2023,93402,23,15.2,All Ages,San Luis Obispo
2023,93405,34,16.8,All Ages,San Luis Obispo
2023,93420,55,16.8,All Ages,San Luis Obispo
2023,93422,70,19,All Ages,San Luis Obispo
2023,93427,21,25.1,All Ages,Santa Barbara
2023,93428,12,9.1,All Ages,San Luis Obispo
2023,93433,36,21.9,All Ages,San Luis Obispo
2023,93434,21,11.1,All Ages,Santa Barbara
2023,93436,211,22.1,All Ages,Santa Barbara
2023,93442,12,10.7,All Ages,San Luis Obispo
2023,93444,65,20.7,All Ages,San Luis Obispo
2023,93445,32,33.1,All Ages,San Luis Obispo
2023,93446,118,19.3,All Ages,San Luis Obispo
2023,93449,15,21.9,All Ages,San Luis Obispo
2023,93451,12,16.6,All Ages,San Luis Obispo
2023,93454,128,15.2,All Ages,Santa Barbara
2023,93455,68,10.1,All Ages,Santa Barbara
2023,93458,155,11.5,All Ages,Santa Barbara
2023,93463,13,9.9,All Ages,Santa Barbara
2023,93465,27,23.7,All Ages,San Luis Obispo
2023,93501,47,48,All Ages,Kern
2023,93505,104,49.6,All Ages,Kern
2023,93510,14,17.8,All Ages,Los Angeles
2023,93513,13,47.1,All Ages,Inyo
2023,93514,48,28.6,All Ages,Inyo
2023,93516,13,43.2,All Ages,Kern
2023,93527,12,62.5,All Ages,Kern
2023,93534,458,65.7,All Ages,Los Angeles
2023,93535,818,57.9,All Ages,Los Angeles
2023,93536,372,33.9,All Ages,Los Angeles
2023,93543,112,49,All Ages,Los Angeles
2023,93546,30,23.5,All Ages,Mono
2023,93550,857,55.3,All Ages,Los Angeles
2023,93551,301,34.7,All Ages,Los Angeles
2023,93552,331,40.7,All Ages,Los Angeles
2023,93555,137,32,All Ages,Kern
2023,93560,123,31.7,All Ages,Kern
2023,93561,101,21.9,All Ages,Kern
2023,93591,57,43,All Ages,Los Angeles
2023,93609,21,17.2,All Ages,Fresno
2023,93610,62,15.2,All Ages,Madera
2023,93611,126,19.5,All Ages,Fresno
2023,93612,185,31.8,All Ages,Fresno
2023,93614,19,14,All Ages,Madera
2023,93615,30,18.7,All Ages,Tulare
2023,93618,157,22.3,All Ages,Tulare
2023,93619,94,13.5,All Ages,Fresno
2023,93620,58,28.9,All Ages,Merced
2023,93622,48,21.5,All Ages,Fresno
2023,93625,51,31.8,All Ages,Fresno
2023,93630,84,18.2,All Ages,Fresno
2023,93631,51,17.7,All Ages,Fresno
2023,93635,307,31.2,All Ages,Merced
2023,93636,45,22.3,All Ages,Madera
2023,93637,144,15.1,All Ages,Madera
2023,93638,269,21.6,All Ages,Madera
2023,93640,55,14.8,All Ages,Fresno
2023,93644,13,17.7,All Ages,Madera
2023,93646,61,26.6,All Ages,Fresno
2023,93647,50,22.7,All Ages,Tulare
2023,93648,104,29.6,All Ages,Fresno
2023,93650,14,18.1,All Ages,Fresno
2023,93654,133,19.7,All Ages,Fresno
2023,93656,24,18.4,All Ages,Fresno
2023,93657,139,19.1,All Ages,Fresno
2023,93660,22,25.4,All Ages,Fresno
2023,93662,173,28.7,All Ages,Fresno
2023,93701,97,41.1,All Ages,Fresno
2023,93702,287,32,All Ages,Fresno
2023,93703,198,29.8,All Ages,Fresno
2023,93704,136,32.2,All Ages,Fresno
2023,93705,227,30.7,All Ages,Fresno
2023,93706,310,40.8,All Ages,Fresno
2023,93710,122,27,All Ages,Fresno
2023,93711,83,17.4,All Ages,Fresno
2023,93720,109,17.8,All Ages,Fresno
2023,93721,33,29.5,All Ages,Fresno
2023,93722,388,25.1,All Ages,Fresno
2023,93723,55,23.4,All Ages,Fresno
2023,93725,136,23.7,All Ages,Fresno
2023,93726,228,31.9,All Ages,Fresno
2023,93727,387,25.2,All Ages,Fresno
2023,93728,77,26.7,All Ages,Fresno
2023,93730,25,15.1,All Ages,Fresno
2023,93737,21,20.7,All Ages,Fresno
2023,93901,134,27.7,All Ages,Monterey
2023,93905,279,18.4,All Ages,Monterey
2023,93906,277,20.7,All Ages,Monterey
2023,93907,76,20.6,All Ages,Monterey
2023,93908,20,11.7,All Ages,Monterey
2023,93926,42,20.4,All Ages,Monterey
2023,93927,96,20.3,All Ages,Monterey
2023,93930,57,15.2,All Ages,Monterey
2023,93933,94,24.6,All Ages,Monterey
2023,93940,52,14.4,All Ages,Monterey
2023,93950,17,10.9,All Ages,Monterey
2023,93955,115,22.7,All Ages,Monterey
2023,93960,75,14.2,All Ages,Monterey
2023,94002,62,19.2,All Ages,San Mateo
2023,94005,18,35.8,All Ages,San Mateo
2023,94010,64,13,All Ages,San Mateo
2023,94014,147,21.8,All Ages,San Mateo
2023,94015,203,28.5,All Ages,San Mateo
2023,94019,38,16.3,All Ages,San Mateo
2023,94022,28,16.7,All Ages,Santa Clara
2023,94025,98,17.7,All Ages,San Mateo
2023,94030,56,22.8,All Ages,San Mateo
2023,94040,56,12.3,All Ages,Santa Clara
2023,94041,32,16.6,All Ages,Santa Clara
2023,94043,58,14.7,All Ages,Santa Clara
2023,94044,96,21.5,All Ages,San Mateo
2023,94061,92,17.5,All Ages,San Mateo
2023,94062,39,10.5,All Ages,San Mateo
2023,94063,143,22.3,All Ages,San Mateo
2023,94065,17,11.2,All Ages,San Mateo
2023,94066,123,20.3,All Ages,San Mateo
2023,94070,64,17.8,All Ages,San Mateo
2023,94080,222,25.9,All Ages,San Mateo
2023,94085,39,11.6,All Ages,Santa Clara
2023,94086,74,11.5,All Ages,Santa Clara
2023,94087,81,12.3,All Ages,Santa Clara
2023,94089,25,7.6,All Ages,Santa Clara
2023,94102,201,39.2,All Ages,San Francisco
2023,94103,130,28.1,All Ages,San Francisco
2023,94105,26,19.1,All Ages,San Francisco
2023,94107,81,30.1,All Ages,San Francisco
2023,94108,18,16.4,All Ages,San Francisco
2023,94109,120,23.6,All Ages,San Francisco
2023,94110,254,31.3,All Ages,San Francisco
2023,94112,252,25.6,All Ages,San Francisco
2023,94114,45,13.3,All Ages,San Francisco
2023,94115,96,29.4,All Ages,San Francisco
2023,94116,71,19.1,All Ages,San Francisco
2023,94117,56,17.1,All Ages,San Francisco
2023,94118,65,17.3,All Ages,San Francisco
2023,94121,82,21.9,All Ages,San Francisco
2023,94122,94,21.1,All Ages,San Francisco
2023,94123,15,6.5,All Ages,San Francisco
2023,94124,227,43.1,All Ages,San Francisco
2023,94127,37,20.9,All Ages,San Francisco
2023,94130,15,37.6,All Ages,San Francisco
2023,94131,45,15.6,All Ages,San Francisco
2023,94132,85,32.1,All Ages,San Francisco
2023,94133,46,20.9,All Ages,San Francisco
2023,94134,158,33.7,All Ages,San Francisco
2023,94158,20,31.8,All Ages,San Francisco
2023,94301,12,7.8,All Ages,Santa Clara
2023,94303,202,28,All Ages,Santa Clara
2023,94306,32,9.8,All Ages,Santa Clara
2023,94401,93,18.1,All Ages,San Mateo
2023,94402,42,12.1,All Ages,San Mateo
2023,94403,96,15.7,All Ages,San Mateo
2023,94404,50,12.4,All Ages,San Mateo
2023,94501,232,32.9,All Ages,Alameda
2023,94502,28,18.4,All Ages,Alameda
2023,94503,102,31,All Ages,Napa
2023,94505,54,30.2,All Ages,Contra Costa
2023,94506,37,12.2,All Ages,Contra Costa
2023,94507,18,14.7,All Ages,Contra Costa
2023,94509,672,60.8,All Ages,Contra Costa
2023,94510,84,29.3,All Ages,Solano
2023,94511,15,51.7,All Ages,Contra Costa
2023,94513,276,28.3,All Ages,Contra Costa
2023,94515,20,20.4,All Ages,Napa
2023,94517,30,20.5,All Ages,Contra Costa
2023,94518,104,31.2,All Ages,Contra Costa
2023,94519,70,27.2,All Ages,Contra Costa
2023,94520,173,28.3,All Ages,Contra Costa
2023,94521,116,22.7,All Ages,Contra Costa
2023,94523,85,22.5,All Ages,Contra Costa
2023,94526,44,14.1,All Ages,Contra Costa
2023,94530,68,24,All Ages,Contra Costa
2023,94531,303,45,All Ages,Contra Costa
2023,94533,657,55.3,All Ages,Solano
2023,94534,163,31.1,All Ages,Solano
2023,94536,176,19.5,All Ages,Alameda
2023,94538,186,22.5,All Ages,Alameda
2023,94539,65,11.5,All Ages,Alameda
2023,94541,334,31.7,All Ages,Alameda
2023,94542,59,30.1,All Ages,Alameda
2023,94544,352,26,All Ages,Alameda
2023,94545,151,33.6,All Ages,Alameda
2023,94546,185,32.3,All Ages,Alameda
2023,94547,84,28.5,All Ages,Contra Costa
2023,94549,38,12.9,All Ages,Contra Costa
2023,94550,88,15.2,All Ages,Alameda
2023,94551,116,22,All Ages,Alameda
2023,94552,36,21.8,All Ages,Alameda
2023,94553,160,26.7,All Ages,Contra Costa
2023,94555,64,14.6,All Ages,Alameda
2023,94556,26,20.3,All Ages,Contra Costa
2023,94558,151,16.5,All Ages,Napa
2023,94559,46,10.7,All Ages,Napa
2023,94560,161,24.1,All Ages,Alameda
2023,94561,264,35.7,All Ages,Contra Costa
2023,94563,17,12.4,All Ages,Contra Costa
2023,94564,74,32.3,All Ages,Contra Costa
2023,94565,761,48,All Ages,Contra Costa
2023,94566,63,14,All Ages,Alameda
2023,94568,181,21.3,All Ages,Alameda
2023,94571,29,26.2,All Ages,Solano
2023,94572,52,39.3,All Ages,Contra Costa
2023,94574,16,13.7,All Ages,Napa
2023,94577,201,29.6,All Ages,Alameda
2023,94578,272,46.6,All Ages,Alameda
2023,94579,90,34.6,All Ages,Alameda
2023,94580,146,33.9,All Ages,Alameda
2023,94582,78,13.3,All Ages,Contra Costa
2023,94583,103,22.6,All Ages,Contra Costa
2023,94585,208,51.3,All Ages,Solano
2023,94587,216,24.4,All Ages,Alameda
2023,94588,72,18.3,All Ages,Alameda
2023,94589,196,42.8,All Ages,Solano
2023,94590,360,66.5,All Ages,Solano
2023,94591,287,41.2,All Ages,Solano
2023,94595,30,18.8,All Ages,Contra Costa
2023,94596,31,13.4,All Ages,Contra Costa
2023,94597,60,22,All Ages,Contra Costa
2023,94598,45,15.7,All Ages,Contra Costa
2023,94601,312,36.1,All Ages,Alameda
2023,94602,103,28.9,All Ages,Alameda
2023,94603,302,50.2,All Ages,Alameda
2023,94605,348,59.4,All Ages,Alameda
2023,94606,208,43.5,All Ages,Alameda
2023,94607,236,57,All Ages,Alameda
2023,94608,170,47,All Ages,Alameda
2023,94609,126,44.7,All Ages,Alameda
2023,94610,84,23.6,All Ages,Alameda
2023,94611,71,18.2,All Ages,Alameda
2023,94612,122,50.6,All Ages,Alameda
2023,94618,22,11.9,All Ages,Alameda
2023,94619,101,34.2,All Ages,Alameda
2023,94621,325,52,All Ages,Alameda
2023,94702,53,32.6,All Ages,Alameda
2023,94703,88,39,All Ages,Alameda
2023,94704,26,15.4,All Ages,Alameda
2023,94705,22,19.7,All Ages,Alameda
2023,94706,34,14.1,All Ages,Alameda
2023,94707,16,11,All Ages,Alameda
2023,94708,12,11.6,All Ages,Alameda
2023,94709,20,24.1,All Ages,Alameda
2023,94710,36,25.4,All Ages,Alameda
2023,94801,302,49.3,All Ages,Contra Costa
2023,94803,93,30.4,All Ages,Contra Costa
2023,94804,362,52.8,All Ages,Contra Costa
2023,94805,81,39.1,All Ages,Contra Costa
2023,94806,426,40.1,All Ages,Contra Costa
2023,94901,94,15.6,All Ages,Marin
2023,94903,69,20.7,All Ages,Marin
2023,94904,19,12.8,All Ages,Marin
2023,94925,27,33.7,All Ages,Marin
2023,94928,167,27.2,All Ages,Sonoma
2023,94930,12,11.7,All Ages,Marin
2023,94931,33,29.3,All Ages,Sonoma
2023,94941,43,12.6,All Ages,Marin
2023,94945,36,15.6,All Ages,Marin
2023,94947,50,15.8,All Ages,Marin
2023,94949,61,25.1,All Ages,Marin
2023,94951,15,46.3,All Ages,Sonoma
2023,94952,71,16.9,All Ages,Sonoma
2023,94954,112,23.3,All Ages,Sonoma
2023,94960,23,13.4,All Ages,Marin
2023,94965,30,29,All Ages,Marin
2023,95002,12,35.9,All Ages,Santa Clara
2023,95003,31,12.5,All Ages,Santa Cruz
2023,95004,15,25.4,All Ages,Monterey
2023,95006,13,12.3,All Ages,Santa Cruz
2023,95008,95,15.6,All Ages,Santa Clara
2023,95010,14,12.6,All Ages,Santa Cruz
2023,95012,46,18.1,All Ages,Monterey
2023,95014,55,9.3,All Ages,Santa Clara
2023,95019,28,19.2,All Ages,Santa Cruz
2023,95020,260,22.9,All Ages,Santa Clara
2023,95023,236,22,All Ages,San Benito
2023,95030,13,10.6,All Ages,Santa Clara
2023,95032,31,10.2,All Ages,Santa Clara
2023,95035,162,16.5,All Ages,Santa Clara
2023,95037,145,18.7,All Ages,Santa Clara
2023,95045,17,24.1,All Ages,San Benito
2023,95046,15,16.3,All Ages,Santa Clara
2023,95050,89,16.2,All Ages,Santa Clara
2023,95051,94,11.7,All Ages,Santa Clara
2023,95054,41,12.2,All Ages,Santa Clara
2023,95060,63,11.4,All Ages,Santa Cruz
2023,95062,44,10,All Ages,Santa Cruz
2023,95065,14,14.3,All Ages,Santa Cruz
2023,95066,15,9,All Ages,Santa Cruz
2023,95070,21,7.5,All Ages,Santa Clara
2023,95073,20,18.2,All Ages,Santa Cruz
2023,95076,357,23.3,All Ages,Santa Cruz
2023,95110,64,16,All Ages,Santa Clara
2023,95111,228,24.8,All Ages,Santa Clara
2023,95112,233,24.3,All Ages,Santa Clara
2023,95113,41,178.4,All Ages,Santa Clara
2023,95116,223,26.7,All Ages,Santa Clara
2023,95117,93,19.5,All Ages,Santa Clara
2023,95118,61,13.7,All Ages,Santa Clara
2023,95119,48,26,All Ages,Santa Clara
2023,95120,46,14.1,All Ages,Santa Clara
2023,95121,100,20.9,All Ages,Santa Clara
2023,95122,230,25.4,All Ages,Santa Clara
2023,95123,208,21.7,All Ages,Santa Clara
2023,95124,90,15.6,All Ages,Santa Clara
2023,95125,97,13.4,All Ages,Santa Clara
2023,95126,95,15.3,All Ages,Santa Clara
2023,95127,255,25.7,All Ages,Santa Clara
2023,95128,96,17.8,All Ages,Santa Clara
2023,95129,44,10.6,All Ages,Santa Clara
2023,95130,32,20.9,All Ages,Santa Clara
2023,95131,73,19,All Ages,Santa Clara
2023,95132,70,16.1,All Ages,Santa Clara
2023,95133,83,21.4,All Ages,Santa Clara
2023,95134,33,10.4,All Ages,Santa Clara
2023,95135,26,10.1,All Ages,Santa Clara
2023,95136,143,21.6,All Ages,Santa Clara
2023,95138,48,21.2,All Ages,Santa Clara
2023,95139,23,23.3,All Ages,Santa Clara
2023,95148,105,17.8,All Ages,Santa Clara
2023,95202,76,72.2,All Ages,San Joaquin
2023,95203,137,43.6,All Ages,San Joaquin
2023,95204,190,39.6,All Ages,San Joaquin
2023,95205,296,37.2,All Ages,San Joaquin
2023,95206,480,38.3,All Ages,San Joaquin
2023,95207,348,46.2,All Ages,San Joaquin
2023,95209,236,37,All Ages,San Joaquin
2023,95210,270,43,All Ages,San Joaquin
2023,95212,141,34.2,All Ages,San Joaquin
2023,95215,126,27.3,All Ages,San Joaquin
2023,95219,112,25.6,All Ages,San Joaquin
2023,95220,30,31.8,All Ages,San Joaquin
2023,95222,12,21.8,All Ages,Calaveras
2023,95231,24,25.3,All Ages,San Joaquin
2023,95237,16,42.9,All Ages,San Joaquin
2023,95240,244,30.2,All Ages,San Joaquin
2023,95242,97,25.3,All Ages,San Joaquin
2023,95249,16,52.7,All Ages,Calaveras
2023,95252,45,25.4,All Ages,Calaveras
2023,95301,144,20.7,All Ages,Merced
2023,95304,69,27.2,All Ages,San Joaquin
2023,95307,180,21,All Ages,Stanislaus
2023,95315,33,13.2,All Ages,Merced
2023,95316,20,20.8,All Ages,Stanislaus
2023,95320,40,22.6,All Ages,San Joaquin
2023,95322,65,37.5,All Ages,Merced
2023,95324,12,12.7,All Ages,Merced
2023,95326,42,24.3,All Ages,Stanislaus
2023,95327,40,34.8,All Ages,Tuolumne
2023,95328,15,19.3,All Ages,Stanislaus
2023,95330,162,31.3,All Ages,San Joaquin
2023,95333,13,31.9,All Ages,Merced
2023,95334,75,23.6,All Ages,Merced
2023,95336,260,37,All Ages,San Joaquin
2023,95337,185,24.6,All Ages,San Joaquin
2023,95338,45,43.5,All Ages,Mariposa
2023,95340,204,35.7,All Ages,Merced
2023,95341,236,34.2,All Ages,Merced
2023,95348,215,36.7,All Ages,Merced
2023,95350,296,36.3,All Ages,Stanislaus
2023,95351,292,31.3,All Ages,Stanislaus
2023,95354,166,41.8,All Ages,Stanislaus
2023,95355,244,27.2,All Ages,Stanislaus
2023,95356,124,26.3,All Ages,Stanislaus
2023,95357,55,25.7,All Ages,Stanislaus
2023,95358,132,21.5,All Ages,Stanislaus
2023,95360,51,20.1,All Ages,Stanislaus
2023,95361,154,29.8,All Ages,Stanislaus
2023,95363,114,21.5,All Ages,Stanislaus
2023,95365,26,31.9,All Ages,Merced
2023,95366,61,25.8,All Ages,San Joaquin
2023,95367,109,25.3,All Ages,Stanislaus
2023,95368,41,18.3,All Ages,Stanislaus
2023,95370,106,41.5,All Ages,Tuolumne
2023,95376,300,35.2,All Ages,San Joaquin
2023,95377,166,30.6,All Ages,San Joaquin
2023,95380,170,23.8,All Ages,Stanislaus
2023,95382,92,17.6,All Ages,Stanislaus
2023,95383,22,49.1,All Ages,Tuolumne
2023,95386,44,24.6,All Ages,Stanislaus
2023,95388,47,18,All Ages,Merced
2023,95391,91,24.4,All Ages,San Joaquin
2023,95401,129,23.5,All Ages,Sonoma
2023,95403,151,22.7,All Ages,Sonoma
2023,95404,128,25,All Ages,Sonoma
2023,95405,53,19.3,All Ages,Sonoma
2023,95407,170,22.4,All Ages,Sonoma
2023,95409,62,19,All Ages,Sonoma
2023,95422,111,51.2,All Ages,Lake
2023,95423,21,61,All Ages,Lake
2023,95425,28,17.2,All Ages,Sonoma
2023,95437,59,34.7,All Ages,Mendocino
2023,95446,15,34.5,All Ages,Sonoma
2023,95448,52,22.4,All Ages,Sonoma
2023,95451,51,32.4,All Ages,Lake
2023,95453,39,25.8,All Ages,Lake
2023,95457,25,63.5,All Ages,Lake
2023,95458,15,49.1,All Ages,Lake
2023,95461,14,41.4,All Ages,Lake
2023,95464,14,43.2,All Ages,Lake
2023,95467,17,26.5,All Ages,Lake
2023,95470,38,50.2,All Ages,Mendocino
2023,95472,51,20.7,All Ages,Sonoma
2023,95476,68,14.8,All Ages,Sonoma
2023,95482,155,32.4,All Ages,Mendocino
2023,95490,70,40.3,All Ages,Mendocino
2023,95492,69,18.8,All Ages,Sonoma
2023,95501,105,36.1,All Ages,Humboldt
2023,95503,77,29.4,All Ages,Humboldt
2023,95519,46,23.2,All Ages,Humboldt
2023,95521,83,36.8,All Ages,Humboldt
2023,95531,144,49.8,All Ages,Del Norte
2023,95540,46,26.2,All Ages,Humboldt
2023,95542,14,41.4,All Ages,Humboldt
2023,95562,15,26,All Ages,Humboldt
2023,95602,63,35.4,All Ages,Placer
2023,95603,90,31.4,All Ages,Placer
2023,95605,77,32.1,All Ages,Yolo
2023,95608,256,34,All Ages,Sacramento
2023,95610,196,33.3,All Ages,Sacramento
2023,95614,12,25.9,All Ages,El Dorado
2023,95616,111,26.3,All Ages,Yolo
2023,95618,75,24.2,All Ages,Yolo
2023,95619,18,37.4,All Ages,El Dorado
2023,95620,126,37.2,All Ages,Solano
2023,95621,159,32.3,All Ages,Sacramento
2023,95624,158,18.4,All Ages,Sacramento
2023,95626,19,24.8,All Ages,Sacramento
2023,95628,110,23.6,All Ages,Sacramento
2023,95630,181,17.9,All Ages,Sacramento
2023,95631,20,40,All Ages,Placer
2023,95632,101,20.7,All Ages,Sacramento
2023,95634,13,58.4,All Ages,El Dorado
2023,95640,53,28.8,All Ages,Amador
2023,95642,59,65.7,All Ages,Amador
2023,95648,122,15.7,All Ages,Placer
2023,95650,33,24.7,All Ages,Placer
2023,95658,14,23.8,All Ages,Placer
2023,95660,235,48.4,All Ages,Sacramento
2023,95661,89,23.2,All Ages,Placer
2023,95662,75,20.1,All Ages,Sacramento
2023,95665,24,48,All Ages,Amador
2023,95666,29,65.7,All Ages,Amador
2023,95667,96,23.3,All Ages,El Dorado
2023,95669,17,54.8,All Ages,Amador
2023,95670,272,39.1,All Ages,Sacramento
2023,95673,79,35.3,All Ages,Sacramento
2023,95677,86,25.5,All Ages,Placer
2023,95678,123,21.3,All Ages,Placer
2023,95682,74,23.2,All Ages,El Dorado
2023,95685,27,62.9,All Ages,Amador
2023,95687,368,38.9,All Ages,Solano
2023,95688,210,39.2,All Ages,Solano
2023,95691,168,30.6,All Ages,Yolo
2023,95693,13,12.8,All Ages,Sacramento
2023,95694,23,13.1,All Ages,Yolo
2023,95695,149,25.5,All Ages,Yolo
2023,95709,14,27.5,All Ages,El Dorado
2023,95713,20,28.2,All Ages,Placer
2023,95726,29,33.6,All Ages,El Dorado
2023,95742,51,22.9,All Ages,Sacramento
2023,95746,32,18.1,All Ages,Placer
2023,95747,214,20.2,All Ages,Placer
2023,95757,162,21.5,All Ages,Sacramento
2023,95758,215,25.4,All Ages,Sacramento
2023,95762,90,17.3,All Ages,El Dorado
2023,95765,84,16.6,All Ages,Placer
2023,95776,90,21.2,All Ages,Yolo
2023,95811,71,51.4,All Ages,Sacramento
2023,95814,63,38.1,All Ages,Sacramento
2023,95815,246,59.6,All Ages,Sacramento
2023,95816,60,27.6,All Ages,Sacramento
2023,95817,96,50.2,All Ages,Sacramento
2023,95818,102,36.7,All Ages,Sacramento
2023,95819,45,22.6,All Ages,Sacramento
2023,95820,229,41.2,All Ages,Sacramento
2023,95821,217,45.7,All Ages,Sacramento
2023,95822,236,37.9,All Ages,Sacramento
2023,95823,564,47.6,All Ages,Sacramento
2023,95824,220,48,All Ages,Sacramento
2023,95825,232,50,All Ages,Sacramento
2023,95826,177,34.9,All Ages,Sacramento
2023,95827,111,36.5,All Ages,Sacramento
2023,95828,328,40.2,All Ages,Sacramento
2023,95829,108,26.4,All Ages,Sacramento
2023,95831,131,26.8,All Ages,Sacramento
2023,95832,71,45,All Ages,Sacramento
2023,95833,223,34.2,All Ages,Sacramento
2023,95834,217,43.3,All Ages,Sacramento
2023,95835,171,29.9,All Ages,Sacramento
2023,95838,313,50.8,All Ages,Sacramento
2023,95841,125,46.1,All Ages,Sacramento
2023,95842,200,45.6,All Ages,Sacramento
2023,95843,200,33.5,All Ages,Sacramento
2023,95864,64,24,All Ages,Sacramento
2023,95901,180,37.3,All Ages,Yuba
2023,95912,12,11.1,All Ages,Colusa
2023,95926,129,23.8,All Ages,Butte
2023,95928,103,20.3,All Ages,Butte
2023,95932,34,24,All Ages,Colusa
2023,95945,85,34.6,All Ages,Nevada
2023,95946,17,18.3,All Ages,Nevada
2023,95948,44,18.9,All Ages,Butte
2023,95949,33,21.8,All Ages,Nevada
2023,95953,33,19.4,All Ages,Sutter
2023,95954,22,30.2,All Ages,Butte
2023,95959,28,18.1,All Ages,Nevada
2023,95961,148,29.4,All Ages,Yuba
2023,95963,39,15.5,All Ages,Glenn
2023,95965,57,20,All Ages,Butte
2023,95966,62,18,All Ages,Butte
2023,95969,21,34.3,All Ages,Butte
2023,95971,14,21.4,All Ages,Plumas
2023,95973,75,15.7,All Ages,Butte
2023,95987,16,13.9,All Ages,Colusa
2023,95988,44,36.7,All Ages,Glenn
2023,95991,139,21.9,All Ages,Sutter
2023,95993,82,17,All Ages,Sutter
2023,96001,103,29.5,All Ages,Shasta
2023,96002,85,20.9,All Ages,Shasta
2023,96003,137,27.9,All Ages,Shasta
2023,96007,61,22,All Ages,Shasta
2023,96013,14,33,All Ages,Shasta
2023,96019,38,34.6,All Ages,Shasta
2023,96021,61,21.9,All Ages,Tehama
2023,96022,38,23.5,All Ages,Shasta
2023,96032,12,44.2,All Ages,Siskiyou
2023,96035,13,28.3,All Ages,Tehama
2023,96052,17,139.6,All Ages,Trinity
2023,96055,22,35.9,All Ages,Tehama
2023,96067,13,19.6,All Ages,Siskiyou
2023,96080,130,36.2,All Ages,Tehama
2023,96088,17,37.8,All Ages,Shasta
2023,96094,20,23.7,All Ages,Siskiyou
2023,96097,52,50.2,All Ages,Siskiyou
2023,96101,25,49.2,All Ages,Modoc
2023,96122,13,29.3,All Ages,Plumas
2023,96130,52,17.6,All Ages,Lassen
2023,96150,59,14.4,All Ages,El Dorado
2023,96161,42,18.4,All Ages,Nevada
