pop_total,med_income,med_age,white_alone,black_alone,asian_alone,hispanic_any,pop_below_poverty,NAME,state,county,tract,GEOID,p_white,p_black,p_asian,p_hispanic,p_poverty,STATE,COUNTY,TRACT,centroid_lon,centroid_lat,region
2746.0,211023.0,52.5,2282.0,36.0,136.0,300.0,46.0,Census Tract 1; San Diego County; California,06,073,000100,06073000100,0.8310269482884195,0.013109978150036417,0.049526584122359794,0.10924981791697014,0.016751638747268753,06,073,000100,-117.18723594054055,32.75190502702703,coastal
2376.0,110476.0,49.9,2082.0,0.0,136.0,82.0,210.0,Census Tract 2.01; San Diego County; California,06,073,000201,06073000201,0.8762626262626263,0.0,0.05723905723905724,0.034511784511784514,0.08838383838383838,06,073,000201,-117.17326226213592,32.752900524271844,coastal
4019.0,121264.0,41.9,3297.0,29.0,184.0,769.0,158.0,Census Tract 2.02; San Diego County; California,06,073,000202,06073000202,0.8203533217218213,0.00721572530480219,0.0457825329684001,0.19134112963423738,0.039313262005474,06,073,000202,-117.17477801809954,32.74502199095023,coastal
2487.0,79605.0,39.6,1771.0,22.0,131.0,531.0,386.0,Census Tract 3.01; San Diego County; California,06,073,000301,06073000301,0.7121029352633695,0.008845999195818254,0.052673904302372336,0.2135102533172497,0.15520707679935666,06,073,000301,-117.16601888461538,32.74521629230769,coastal
2925.0,89850.0,44.0,2135.0,113.0,188.0,554.0,277.0,Census Tract 3.02; San Diego County; California,06,073,000302,06073000302,0.7299145299145299,0.03863247863247863,0.06427350427350427,0.1894017094017094,0.0947008547008547,06,073,000302,-117.15980848979592,32.74442907142857,coastal
4079.0,89565.0,33.5,2246.0,43.0,560.0,1346.0,305.0,Census Tract 4; San Diego County; California,06,073,000400,06073000400,0.5506251532238293,0.01054179946065212,0.13728855111546948,0.3299828389311106,0.07477322873253249,06,073,000400,-117.1626622451613,32.751952599999996,coastal
2828.0,101875.0,40.5,1871.0,43.0,153.0,607.0,141.0,Census Tract 5; San Diego County; California,06,073,000500,06073000500,0.6615983026874116,0.015205091937765204,0.0541018387553041,0.21463932107496464,0.04985855728429986,06,073,000500,-117.15331463535912,32.75766437569061,coastal
3111.0,99161.0,41.3,2315.0,196.0,229.0,535.0,146.0,Census Tract 6; San Diego County; California,06,073,000600,06073000600,0.744133719061395,0.06300225008036,0.07360977177756349,0.1719704275152684,0.046930247508839604,06,073,000600,-117.1536319796748,32.7540692398374,coastal
4371.0,109484.0,37.9,3179.0,77.0,279.0,1049.0,315.0,Census Tract 7; San Diego County; California,06,073,000700,06073000700,0.7272935255090368,0.017616106154198122,0.06382978723404255,0.23999084877602378,0.0720658888126287,06,073,000700,-117.15120045794392,32.745403831775704,coastal
5105.0,92348.0,36.8,3349.0,460.0,324.0,1316.0,372.0,Census Tract 8; San Diego County; California,06,073,000800,06073000800,0.6560235063663076,0.0901077375122429,0.06346718903036239,0.25778648383937314,0.07286973555337904,06,073,000800,-117.14193149180328,32.74530227868853,coastal
3951.0,106133.0,35.1,2497.0,264.0,154.0,1177.0,538.0,Census Tract 9.01; San Diego County; California,06,073,000901,06073000901,0.6319919007846115,0.06681852695520121,0.03897747405720071,0.2978992660086054,0.13616805871931156,06,073,000901,-117.14010861764706,32.75132157352942,coastal
2661.0,83678.0,39.7,1725.0,236.0,384.0,357.0,388.0,Census Tract 9.02; San Diego County; California,06,073,000902,06073000902,0.6482525366403608,0.08868846298384066,0.14430665163472378,0.13416009019165728,0.1458098459225855,06,073,000902,-117.14462495081966,32.7515861147541,coastal
4622.0,86443.0,33.9,2728.0,268.0,259.0,1590.0,385.0,Census Tract 10; San Diego County; California,06,073,001000,06073001000,0.5902206836867157,0.057983556901774126,0.05603634790134141,0.34400692340977934,0.0832972739073994,06,073,001000,-117.14160647706423,32.76112551376147,coastal
2939.0,94007.0,35.1,1701.0,183.0,289.0,643.0,111.0,Census Tract 11; San Diego County; California,06,073,001100,06073001100,0.5787682885335148,0.06226607689690371,0.0983327662470228,0.2187818986049677,0.037767948281728476,06,073,001100,-117.13428178378379,32.76509931081081,coastal
2290.0,68750.0,31.9,1256.0,346.0,134.0,1064.0,235.0,Census Tract 12.01; San Diego County; California,06,073,001201,06073001201,0.548471615720524,0.15109170305676856,0.05851528384279476,0.4646288209606987,0.10262008733624454,06,073,001201,-117.12837468181819,32.758108166666666,coastal
2966.0,102857.0,33.5,1901.0,376.0,176.0,615.0,472.0,Census Tract 12.02; San Diego County; California,06,073,001202,06073001202,0.6409305461901551,0.126770060687795,0.05933917734322319,0.20734996628455832,0.15913688469318948,06,073,001202,-117.13455793939394,32.758760151515155,coastal
2713.0,105903.0,32.8,1669.0,109.0,203.0,964.0,196.0,Census Tract 13.01; San Diego County; California,06,073,001301,06073001301,0.6151861408035385,0.04017692591227424,0.07482491706597862,0.35532620715075564,0.07224474751197936,06,073,001301,-117.12904587878788,32.75133118181818,coastal
3245.0,83659.0,31.5,1727.0,198.0,425.0,983.0,259.0,Census Tract 13.02; San Diego County; California,06,073,001302,06073001302,0.5322033898305085,0.061016949152542375,0.13097072419106318,0.3029275808936826,0.0798151001540832,06,073,001302,-117.1344846097561,32.751012841463414,coastal
3341.0,94156.0,38.5,2634.0,65.0,143.0,622.0,325.0,Census Tract 14; San Diego County; California,06,073,001400,06073001400,0.7883867105656989,0.019455252918287938,0.042801556420233464,0.18617180484884766,0.09727626459143969,06,073,001400,-117.1332990617284,32.744883333333334,coastal
3934.0,110380.0,36.2,2799.0,95.0,128.0,816.0,163.0,Census Tract 15; San Diego County; California,06,073,001500,06073001500,0.7114895780376207,0.02414844941535333,0.03253685815963396,0.20742247076766648,0.04143365531265887,06,073,001500,-117.12299571631206,32.74357226241135,coastal
5065.0,63003.0,31.9,1829.0,634.0,247.0,2768.0,1100.0,Census Tract 16; San Diego County; California,06,073,001600,06073001600,0.36110562685093783,0.12517275419545904,0.04876604146100691,0.5464955577492596,0.21717670286278382,06,073,001600,-117.12176507333332,32.75181108666667,coastal
4846.0,90404.0,34.4,2620.0,167.0,439.0,1786.0,442.0,Census Tract 17; San Diego County; California,06,073,001700,06073001700,0.540652084193149,0.03446141147338011,0.0905901774659513,0.36855138258357406,0.09120924473792819,06,073,001700,-117.12131521311476,32.75833606557377,coastal
1805.0,70682.0,36.7,866.0,56.0,155.0,928.0,137.0,Census Tract 18.01; San Diego County; California,06,073,001801,06073001801,0.47977839335180056,0.03102493074792244,0.08587257617728532,0.5141274238227147,0.07590027700831024,06,073,001801,-117.11365485810812,32.76236145945946,coastal
3248.0,82013.0,34.4,1935.0,94.0,121.0,1186.0,382.0,Census Tract 18.02; San Diego County; California,06,073,001802,06073001802,0.5957512315270936,0.02894088669950739,0.03725369458128079,0.36514778325123154,0.11761083743842364,06,073,001802,-117.12287684126984,32.7631466031746,coastal
3343.0,131619.0,43.1,2296.0,42.0,138.0,842.0,351.0,Census Tract 19; San Diego County; California,06,073,001900,06073001900,0.6868082560574335,0.012563565659587198,0.041280287167215074,0.25186957822315287,0.10499551301226444,06,073,001900,-117.12012977578475,32.76743813901346,coastal
3566.0,188306.0,49.0,2713.0,42.0,257.0,492.0,248.0,Census Tract 20.01; San Diego County; California,06,073,002001,06073002001,0.7607964105440269,0.011777902411665733,0.0720695457094784,0.13796971396522714,0.06954570947840717,06,073,002001,-117.10506207762556,32.76783997260274,coastal
2626.0,166605.0,39.7,1937.0,106.0,238.0,350.0,173.0,Census Tract 20.02; San Diego County; California,06,073,002002,06073002002,0.7376237623762376,0.04036557501904037,0.09063214013709063,0.13328255902513328,0.06587966488956588,06,073,002002,-117.09381974033148,32.76299933149171,coastal
5795.0,76648.0,34.0,2657.0,645.0,367.0,2431.0,778.0,Census Tract 21; San Diego County; California,06,073,002100,06073002100,0.45849870578084556,0.11130284728213978,0.0633304572907679,0.4194995685936152,0.13425366695427093,06,073,002100,-117.10843286057693,32.75892160096154,coastal
3145.0,40647.0,35.4,620.0,805.0,525.0,1146.0,928.0,Census Tract 22.01; San Diego County; California,06,073,002201,06073002201,0.1971383147853736,0.2559618441971383,0.1669316375198728,0.3643879173290938,0.2950715421303657,06,073,002201,-117.11257697014925,32.75254629850747,coastal
4825.0,53537.0,35.4,1262.0,955.0,988.0,2289.0,1147.0,Census Tract 22.02; San Diego County; California,06,073,002202,06073002202,0.26155440414507775,0.19792746113989637,0.20476683937823834,0.4744041450777202,0.237720207253886,06,073,002202,-117.10572829473683,32.752444726315794,coastal
3190.0,76884.0,36.1,1335.0,567.0,479.0,965.0,264.0,Census Tract 23.01; San Diego County; California,06,073,002301,06073002301,0.41849529780564265,0.17774294670846394,0.15015673981191222,0.30250783699059564,0.08275862068965517,06,073,002301,-117.09473225185185,32.75730291851852,coastal
5882.0,46806.0,40.3,1523.0,276.0,2599.0,2443.0,1154.0,Census Tract 23.02; San Diego County; California,06,073,002302,06073002302,0.25892553553213193,0.046922815368922136,0.44185651139068344,0.41533492009520573,0.19619177150629039,06,073,002302,-117.09655982352942,32.752913715686276,coastal
4314.0,75813.0,32.6,2196.0,245.0,423.0,2060.0,834.0,Census Tract 24.01; San Diego County; California,06,073,002401,06073002401,0.5090403337969402,0.05679184051923968,0.09805285118219749,0.4775150672229949,0.1933240611961057,06,073,002401,-117.11647417857142,32.74733309285714,coastal
4951.0,54944.0,32.5,747.0,773.0,502.0,3290.0,888.0,Census Tract 24.02; San Diego County; California,06,073,002402,06073002402,0.15087861038174105,0.1561300747323773,0.10139365784689962,0.6645122197535851,0.17935770551403757,06,073,002402,-117.10615595789474,32.74681036842105,coastal
4878.0,76208.0,31.5,1291.0,547.0,725.0,3137.0,1251.0,Census Tract 25.01; San Diego County; California,06,073,002501,06073002501,0.2646576465764658,0.1121361213612136,0.14862648626486266,0.6430914309143091,0.2564575645756458,06,073,002501,-117.11002463354036,32.74026943478261,coastal
6932.0,94092.0,36.6,2529.0,423.0,623.0,3114.0,1021.0,Census Tract 25.02; San Diego County; California,06,073,002502,06073002502,0.3648297749567224,0.06102135025966532,0.0898730525100981,0.4492210040392383,0.14728793998845932,06,073,002502,-117.10681066523605,32.72860230901288,coastal
5994.0,65000.0,33.0,1001.0,388.0,1447.0,3498.0,1481.0,Census Tract 26.01; San Diego County; California,06,073,002601,06073002601,0.16700033366700034,0.0647313980647314,0.24140807474140807,0.5835835835835835,0.24708041374708042,06,073,002601,-117.09596527868852,32.7447571147541,coastal
4655.0,58417.0,35.9,1355.0,404.0,738.0,2722.0,960.0,Census Tract 26.02; San Diego County; California,06,073,002602,06073002602,0.29108485499462944,0.08678839957035446,0.15853920515574652,0.5847475832438238,0.20622986036519872,06,073,002602,-117.09742405333333,32.73555058666667,coastal
5559.0,80090.0,32.8,2189.0,830.0,1000.0,1609.0,606.0,Census Tract 27.02; San Diego County; California,06,073,002702,06073002702,0.39377585896744016,0.14930742939377586,0.17988846914912754,0.2894405468609462,0.1090124123043713,06,073,002702,-117.07159668309859,32.755520654929576,coastal
7082.0,83644.0,38.4,3295.0,495.0,508.0,3705.0,843.0,Census Tract 27.03; San Diego County; California,06,073,002703,06073002703,0.46526404970347357,0.06989550974301045,0.07173114939282689,0.5231573001976842,0.11903417113809658,06,073,002703,-117.06557963562753,32.74468889068826,coastal
4756.0,75703.0,41.0,1330.0,476.0,1620.0,1573.0,898.0,Census Tract 27.05; San Diego County; California,06,073,002705,06073002705,0.2796467619848612,0.10008410428931876,0.3406223717409588,0.33074011774600504,0.18881412952060556,06,073,002705,-117.08432660451977,32.73281573446327,coastal
4980.0,45529.0,31.7,370.0,617.0,804.0,2418.0,1706.0,Census Tract 27.07; San Diego County; California,06,073,002707,06073002707,0.07429718875502007,0.12389558232931727,0.1614457831325301,0.4855421686746988,0.342570281124498,06,073,002707,-117.08939470930233,32.75227606976744,coastal
4789.0,41119.0,28.9,1031.0,668.0,859.0,2619.0,1027.0,Census Tract 27.08; San Diego County; California,06,073,002708,06073002708,0.21528502818960116,0.13948632282313636,0.1793693881812487,0.5468782626853205,0.21444978074754645,06,073,002708,-117.08346568965517,32.75283956321839,coastal
3800.0,53520.0,29.1,676.0,911.0,299.0,1977.0,1400.0,Census Tract 27.09; San Diego County; California,06,073,002709,06073002709,0.17789473684210527,0.23973684210526316,0.07868421052631579,0.5202631578947369,0.3684210526315789,06,073,002709,-117.08903894210528,32.74423127894737,coastal
3921.0,58636.0,30.0,1157.0,461.0,947.0,1825.0,728.0,Census Tract 27.10; San Diego County; California,06,073,002710,06073002710,0.29507778627901043,0.11757204794695231,0.24152002040295842,0.46544248916092834,0.18566692170364704,06,073,002710,-117.08567864795918,32.7439743877551,coastal
3772.0,87011.0,30.4,740.0,838.0,784.0,1180.0,320.0,Census Tract 27.11; San Diego County; California,06,073,002711,06073002711,0.19618239660657477,0.22216330858960764,0.20784729586426298,0.31283138918345704,0.08483563096500531,06,073,002711,-117.07062623563218,32.739158321839085,coastal
5566.0,54083.0,32.2,1360.0,1342.0,795.0,2674.0,1529.0,Census Tract 27.12; San Diego County; California,06,073,002712,06073002712,0.24434063959755659,0.24110671936758893,0.1428314768235717,0.48041681638519584,0.274703557312253,06,073,002712,-117.07277262244898,32.73074907142857,coastal
4477.0,73795.0,19.5,2967.0,206.0,647.0,786.0,741.0,Census Tract 28.01; San Diego County; California,06,073,002801,06073002801,0.6627205718114809,0.046012955103864196,0.14451641724368997,0.17556399374581194,0.1655126200580746,06,073,002801,-117.08176023245613,32.77476673684211,coastal
5207.0,80991.0,35.2,2272.0,330.0,781.0,1534.0,809.0,Census Tract 28.03; San Diego County; California,06,073,002803,06073002803,0.43633570193969656,0.06337622431342424,0.14999039754177068,0.2946034184751296,0.15536777415018244,06,073,002803,-117.08330487027028,32.76486945405406,coastal
5541.0,88156.0,23.6,3572.0,317.0,604.0,1329.0,1169.0,Census Tract 28.04; San Diego County; California,06,073,002804,06073002804,0.6446489803284605,0.05720988991156831,0.10900559465800397,0.23984840281537628,0.2109727486013355,06,073,002804,-117.07481217391305,32.764654255434785,coastal
5979.0,75729.0,33.1,3644.0,393.0,550.0,1674.0,928.0,Census Tract 29.02; San Diego County; California,06,073,002902,06073002902,0.6094664659642081,0.06573005519317611,0.09198862686067905,0.2799799297541395,0.1552099013212912,06,073,002902,-117.0585707037037,32.761526518518515,coastal
4606.0,93344.0,30.1,1797.0,298.0,552.0,1721.0,547.0,Census Tract 29.03; San Diego County; California,06,073,002903,06073002903,0.3901432913590968,0.06469821971341728,0.11984368215371255,0.373643074250977,0.11875814155449414,06,073,002903,-117.05519693670887,32.74882672151899,coastal
9812.0,45746.0,21.3,6382.0,1268.0,940.0,1413.0,3370.0,Census Tract 29.04; San Diego County; California,06,073,002904,06073002904,0.6504280472890338,0.1292295148797391,0.09580105992662047,0.1440073379535263,0.3434569914390542,06,073,002904,-117.06304726694914,32.77078891101695,coastal
5310.0,74500.0,31.3,2368.0,760.0,423.0,1652.0,1532.0,Census Tract 29.05; San Diego County; California,06,073,002905,06073002905,0.44595103578154427,0.1431261770244821,0.07966101694915254,0.3111111111111111,0.2885122410546139,06,073,002905,-117.04871523589743,32.77119965641025,coastal
4484.0,91397.0,31.4,1034.0,1269.0,233.0,1599.0,453.0,Census Tract 30.01; San Diego County; California,06,073,003001,06073003001,0.23059768064228367,0.28300624442462086,0.05196253345227476,0.35660124888492417,0.10102586975914363,06,073,003001,-117.0731170209424,32.71844753403141,coastal
4926.0,84622.0,39.2,1664.0,777.0,400.0,2581.0,775.0,Census Tract 30.03; San Diego County; California,06,073,003003,06073003003,0.3377994315874949,0.1577344701583435,0.08120178643930166,0.523954526999594,0.15732846122614697,06,073,003003,-117.05800186572439,32.727547932862194,coastal
5260.0,64815.0,32.2,1685.0,1138.0,178.0,3730.0,644.0,Census Tract 30.04; San Diego County; California,06,073,003004,06073003004,0.3203422053231939,0.21634980988593155,0.03384030418250951,0.7091254752851711,0.12243346007604562,06,073,003004,-117.0604617852349,32.71302546979866,coastal
3913.0,88229.0,36.5,884.0,1038.0,732.0,1774.0,335.0,Census Tract 31.01; San Diego County; California,06,073,003101,06073003101,0.22591362126245848,0.2652696141068234,0.1870687452082801,0.45336059289547664,0.08561206235624841,06,073,003101,-117.0798581923077,32.69868692948718,coastal
6462.0,99919.0,37.0,797.0,1513.0,659.0,3480.0,467.0,Census Tract 31.03; San Diego County; California,06,073,003103,06073003103,0.12333642835035592,0.23413803775920766,0.10198081089445991,0.5385329619312906,0.07226864747756112,06,073,003103,-117.043879188,32.706816956,coastal
4343.0,108068.0,35.9,1586.0,396.0,413.0,2709.0,432.0,Census Tract 31.05; San Diego County; California,06,073,003105,06073003105,0.3651853557448768,0.09118121114437025,0.09509555606723463,0.6237623762376238,0.09947041215749482,06,073,003105,-117.03040055555556,32.70863177777778,coastal
5307.0,97105.0,46.5,1551.0,801.0,1288.0,1841.0,433.0,Census Tract 31.07; San Diego County; California,06,073,003107,06073003107,0.2922555115884681,0.15093273035613342,0.2426983229696627,0.3469003203316375,0.08159035236480121,06,073,003107,-117.02298487307692,32.70665211923077,coastal
3526.0,112837.0,34.4,1068.0,218.0,296.0,2083.0,251.0,Census Tract 31.08; San Diego County; California,06,073,003108,06073003108,0.3028927963698242,0.06182643221781055,0.08394781622234827,0.5907543959160522,0.07118547929665343,06,073,003108,-117.0165923836478,32.707275496855345,coastal
3319.0,123368.0,44.3,240.0,397.0,1981.0,590.0,373.0,Census Tract 31.09; San Diego County; California,06,073,003109,06073003109,0.07231093702922567,0.11961434166917746,0.5968665260620669,0.17776438686351312,0.1123832479662549,06,073,003109,-117.05638401793722,32.69221443049327,coastal
6211.0,46528.0,31.2,1647.0,915.0,1743.0,3236.0,1532.0,Census Tract 31.11; San Diego County; California,06,073,003111,06073003111,0.2651746900660119,0.14731927225889552,0.2806311383030108,0.5210111093221703,0.24665915311544034,06,073,003111,-117.07561815151514,32.70127812987013,coastal
3938.0,85965.0,35.4,554.0,489.0,875.0,2027.0,198.0,Census Tract 31.12; San Diego County; California,06,073,003112,06073003112,0.14068054850177755,0.12417470797359066,0.22219400711020823,0.5147282884713053,0.05027932960893855,06,073,003112,-117.06288424223602,32.70575416149068,coastal
4719.0,114028.0,41.1,644.0,589.0,2010.0,998.0,347.0,Census Tract 31.13; San Diego County; California,06,073,003113,06073003113,0.13646959101504555,0.1248145793600339,0.4259376986649714,0.21148548421275695,0.07353252807798262,06,073,003113,-117.06326652678571,32.69545757142857,coastal
3482.0,110081.0,43.3,645.0,479.0,1804.0,600.0,326.0,Census Tract 31.14; San Diego County; California,06,073,003114,06073003114,0.1852383687535899,0.1375646180356117,0.5180930499712809,0.1723147616312464,0.09362435381964389,06,073,003114,-117.04480207692308,32.69953930316742,coastal
5613.0,85156.0,44.8,991.0,593.0,2771.0,1708.0,917.0,Census Tract 31.15; San Diego County; California,06,073,003115,06073003115,0.17655442722251916,0.10564760377694637,0.4936753964012115,0.30429360413326206,0.1633707464813825,06,073,003115,-117.03912640611354,32.69649543668122,coastal
5488.0,93508.0,31.0,1061.0,734.0,1678.0,2125.0,628.0,Census Tract 32.01; San Diego County; California,06,073,003201,06073003201,0.19333090379008747,0.13374635568513119,0.30575801749271136,0.38720845481049565,0.11443148688046648,06,073,003201,-117.05944411538461,32.683169367521366,coastal
4891.0,91435.0,38.2,1664.0,393.0,296.0,3562.0,173.0,Census Tract 32.02; San Diego County; California,06,073,003202,06073003202,0.3402167245961971,0.08035166632590472,0.06051932120220814,0.7282764260887344,0.03537108975669597,06,073,003202,-117.06413885310735,32.6732204519774,coastal
3605.0,118750.0,40.4,1298.0,70.0,616.0,2040.0,312.0,Census Tract 32.04; San Diego County; California,06,073,003204,06073003204,0.3600554785020804,0.019417475728155338,0.170873786407767,0.565880721220527,0.08654646324549237,06,073,003204,-117.05509663703704,32.65717997777777,coastal
5768.0,109704.0,50.7,2429.0,98.0,1102.0,2363.0,344.0,Census Tract 32.07; San Diego County; California,06,073,003207,06073003207,0.4211165048543689,0.01699029126213592,0.19105409153952843,0.4096740638002774,0.059639389736477116,06,073,003207,-117.03374816714698,32.670355812680114,coastal
6749.0,82594.0,32.2,1477.0,748.0,2110.0,2561.0,708.0,Census Tract 32.08; San Diego County; California,06,073,003208,06073003208,0.21884723662764854,0.11083123425692695,0.3126389094680693,0.37946362424062824,0.1049044302859683,06,073,003208,-117.0450303818182,32.67881740909091,coastal
5277.0,80436.0,36.5,1170.0,665.0,1843.0,1617.0,161.0,Census Tract 32.09; San Diego County; California,06,073,003209,06073003209,0.22171688459351904,0.12601857115785484,0.3492514686374834,0.30642410460488917,0.03050975933295433,06,073,003209,-117.03945794680851,32.682957484042554,coastal
3077.0,96563.0,40.1,877.0,155.0,488.0,1565.0,253.0,Census Tract 32.11; San Diego County; California,06,073,003211,06073003211,0.28501787455313615,0.05037374065648359,0.1585960350991225,0.5086122846928827,0.08222294442638935,06,073,003211,-117.05507826222221,32.67736423111111,coastal
3930.0,103281.0,39.0,782.0,298.0,960.0,1533.0,330.0,Census Tract 32.12; San Diego County; California,06,073,003212,06073003212,0.1989821882951654,0.07582697201017811,0.24427480916030533,0.3900763358778626,0.08396946564885496,06,073,003212,-117.05355049758455,32.67149888888889,coastal
3825.0,125164.0,40.9,403.0,447.0,2100.0,929.0,249.0,Census Tract 32.13; San Diego County; California,06,073,003213,06073003213,0.105359477124183,0.11686274509803922,0.5490196078431373,0.24287581699346406,0.06509803921568627,06,073,003213,-117.03041569594593,32.68895931081081,coastal
4587.0,80762.0,37.5,917.0,1296.0,823.0,1614.0,269.0,Census Tract 32.14; San Diego County; California,06,073,003214,06073003214,0.1999127970350992,0.28253760627861346,0.17942010028340963,0.35186396337475473,0.05864399389579246,06,073,003214,-117.02120635483871,32.69513879032258,coastal
3338.0,72773.0,30.4,1233.0,798.0,76.0,2198.0,649.0,Census Tract 33.01; San Diego County; California,06,073,003301,06073003301,0.3693828639904134,0.2390653085680048,0.022768124625524265,0.658478130617136,0.19442780107849011,06,073,003301,-117.10267202197802,32.70289269230769,coastal
3969.0,57699.0,34.5,1471.0,424.0,285.0,2564.0,683.0,Census Tract 33.03; San Diego County; California,06,073,003303,06073003303,0.3706223230032754,0.10682791635172588,0.07180650037792895,0.6460065507684555,0.17208364827412445,06,073,003303,-117.09900566949152,32.692912228813555,coastal
3164.0,45362.0,30.4,804.0,594.0,645.0,1540.0,677.0,Census Tract 33.04; San Diego County; California,06,073,003304,06073003304,0.25410872313527183,0.1877370417193426,0.2038558786346397,0.48672566371681414,0.21396965865992415,06,073,003304,-117.09135640594059,32.70669575247525,coastal
6521.0,56842.0,30.5,2235.0,1156.0,712.0,4428.0,1720.0,Census Tract 33.05; San Diego County; California,06,073,003305,06073003305,0.34273884373562336,0.1772734243214231,0.10918570771354087,0.6790369575218524,0.26376322649900324,06,073,003305,-117.08963188690475,32.69638438095238,coastal
5794.0,78026.0,36.9,1895.0,1170.0,1501.0,1209.0,613.0,Census Tract 34.01; San Diego County; California,06,073,003401,06073003401,0.32706247842595787,0.2019330341732827,0.2590610976872627,0.20866413531239214,0.10579910251984811,06,073,003401,-117.09561962033898,32.726577722033895,coastal
3681.0,66711.0,34.9,1654.0,278.0,75.0,2881.0,621.0,Census Tract 34.03; San Diego County; California,06,073,003403,06073003403,0.4493344199945667,0.07552295571855475,0.020374898125509373,0.7826677533279001,0.1687041564792176,06,073,003403,-117.10778742857143,32.712476344155846,coastal
4595.0,75843.0,31.2,1395.0,767.0,477.0,2917.0,264.0,Census Tract 34.04; San Diego County; California,06,073,003404,06073003404,0.30359085963003263,0.16692056583242654,0.10380848748639826,0.6348204570184983,0.05745375408052231,06,073,003404,-117.09333076666667,32.713571275,coastal
3591.0,59974.0,29.0,1135.0,109.0,1.0,2972.0,809.0,Census Tract 35.01; San Diego County; California,06,073,003501,06073003501,0.316067947646895,0.0303536619326093,0.000278473962684489,0.8276246170983013,0.2252854358117516,06,073,003501,-117.11503047286821,32.70543407751938,coastal
4655.0,43807.0,40.0,1158.0,335.0,77.0,4166.0,1214.0,Census Tract 35.02; San Diego County; California,06,073,003502,06073003502,0.24876476906552095,0.0719656283566058,0.016541353383458645,0.8949516648764769,0.26079484425349087,06,073,003502,-117.11365598290598,32.69838677777778,coastal
3460.0,83233.0,30.1,1264.0,231.0,56.0,3179.0,488.0,Census Tract 36.01; San Diego County; California,06,073,003601,06073003601,0.3653179190751445,0.06676300578034682,0.016184971098265895,0.9187861271676301,0.14104046242774568,06,073,003601,-117.11656587857142,32.69082542142857,coastal
3719.0,64444.0,28.7,1770.0,491.0,82.0,2812.0,624.0,Census Tract 36.02; San Diego County; California,06,073,003602,06073003602,0.47593439096531326,0.13202473783275073,0.022048937886528636,0.7561172358160796,0.1677870395267545,06,073,003602,-117.10720147272727,32.693228872727275,coastal
3176.0,63664.0,38.5,1090.0,186.0,126.0,2462.0,557.0,Census Tract 36.03; San Diego County; California,06,073,003603,06073003603,0.3431989924433249,0.058564231738035266,0.039672544080604534,0.7751889168765743,0.1753778337531486,06,073,003603,-117.10675778472222,32.68606577083333,coastal
4381.0,67459.0,28.9,1073.0,114.0,7.0,4029.0,791.0,Census Tract 39.01; San Diego County; California,06,073,003901,06073003901,0.24492125085596897,0.026021456288518603,0.0015978087194704405,0.9196530472494864,0.18055238530015977,06,073,003901,-117.12617123021583,32.70393255395683,coastal
4257.0,53750.0,32.7,1547.0,357.0,163.0,3593.0,495.0,Census Tract 39.02; San Diego County; California,06,073,003902,06073003902,0.3634014564247122,0.08386187455954898,0.038289875499177825,0.8440216114634719,0.11627906976744186,06,073,003902,-117.12729985714287,32.69619406493507,coastal
4151.0,53643.0,29.3,1658.0,216.0,54.0,3501.0,921.0,Census Tract 40; San Diego County; California,06,073,004000,06073004000,0.3994218260660082,0.05203565405926283,0.013008913514815708,0.8434112262105516,0.22187424716935678,06,073,004000,-117.125751,32.70871771851852,coastal
4163.0,56931.0,33.0,2355.0,684.0,259.0,1230.0,275.0,Census Tract 41.01; San Diego County; California,06,073,004101,06073004101,0.5656978140763872,0.16430458803747297,0.06221474897910161,0.29546000480422774,0.06605813115541677,06,073,004101,-117.12638354444445,32.71554972777778,coastal
2169.0,75000.0,34.4,734.0,146.0,85.0,1113.0,888.0,Census Tract 41.02; San Diego County; California,06,073,004102,06073004102,0.3384047948363301,0.06731212540341171,0.039188566159520516,0.5131396957123098,0.4094052558782849,06,073,004102,-117.13789940697674,32.71389094186046,coastal
5903.0,138021.0,37.3,4046.0,186.0,213.0,1441.0,207.0,Census Tract 42; San Diego County; California,06,073,004200,06073004200,0.6854141961714383,0.03150940199898357,0.03608334745044892,0.244113162798577,0.03506691512790107,06,073,004200,-117.12126055844156,32.729169047619045,coastal
4339.0,107846.0,36.0,3166.0,368.0,133.0,1090.0,336.0,Census Tract 43; San Diego County; California,06,073,004300,06073004300,0.7296612122608896,0.08481216870246601,0.030652224014749943,0.25120995621110853,0.07743719751094723,06,073,004300,-117.12909698601398,32.7359606013986,coastal
4097.0,102069.0,34.8,2628.0,62.0,79.0,1317.0,410.0,Census Tract 44; San Diego County; California,06,073,004400,06073004400,0.6414449597266293,0.015133024164022455,0.019282401757383452,0.3214547229680254,0.10007322431047108,06,073,004400,-117.1297499357143,32.72416697857143,coastal
2850.0,77444.0,32.1,1742.0,183.0,87.0,1252.0,269.0,Census Tract 45.01; San Diego County; California,06,073,004501,06073004501,0.6112280701754386,0.06421052631578947,0.030526315789473683,0.4392982456140351,0.0943859649122807,06,073,004501,-117.13843747945205,32.717750780821916,coastal
1996.0,72774.0,37.9,1064.0,149.0,82.0,776.0,189.0,Census Tract 46; San Diego County; California,06,073,004600,06073004600,0.533066132264529,0.0746492985971944,0.041082164328657314,0.38877755511022044,0.09468937875751503,06,073,004600,-117.14504338135593,32.71505016101695,coastal
1327.0,64338.0,36.2,700.0,46.0,15.0,740.0,114.0,Census Tract 47; San Diego County; California,06,073,004700,06073004700,0.5275056518462697,0.0346646571213263,0.011303692539562924,0.557648831951771,0.08590806330067823,06,073,004700,-117.14494533333333,32.708024377777775,coastal
3395.0,61783.0,42.4,1559.0,70.0,26.0,2502.0,802.0,Census Tract 48; San Diego County; California,06,073,004800,06073004800,0.4592047128129602,0.020618556701030927,0.007658321060382916,0.7369661266568484,0.23622974963181148,06,073,004800,-117.13838655555557,32.70769393939394,coastal
5166.0,46533.0,31.6,1625.0,444.0,175.0,4134.0,1511.0,Census Tract 49; San Diego County; California,06,073,004900,06073004900,0.3145567169957414,0.0859465737514518,0.03387533875338753,0.8002322880371661,0.29248935346496324,06,073,004900,-117.13880052147239,32.702036797546015,coastal
1897.0,39050.0,28.9,734.0,42.0,0.0,1608.0,383.0,Census Tract 50; San Diego County; California,06,073,005000,06073005000,0.38692672641012127,0.02214022140221402,0.0,0.8476541908276226,0.2018977332630469,06,073,005000,-117.14287528415299,32.69495473224044,coastal
3618.0,64155.0,30.5,1091.0,519.0,608.0,1582.0,924.0,Census Tract 51.01; San Diego County; California,06,073,005101,06073005101,0.3015478164731896,0.14344941956882257,0.16804864566058597,0.43725815367606413,0.25538971807628524,06,073,005101,-117.14977279629629,32.70894711111111,coastal
4673.0,85541.0,36.8,2746.0,289.0,627.0,1157.0,791.0,Census Tract 51.02; San Diego County; California,06,073,005102,06073005102,0.5876310721164134,0.061844639417932806,0.1341750481489407,0.24759255296383478,0.1692702760539268,06,073,005102,-117.1541881038961,32.70874236363637,coastal
3045.0,24125.0,43.8,1612.0,403.0,75.0,1643.0,1292.0,Census Tract 51.03; San Diego County; California,06,073,005103,06073005103,0.5293924466338259,0.13234811165845647,0.024630541871921183,0.5395730706075533,0.42430213464696226,06,073,005103,-117.15219625149702,32.70062622155689,coastal
3207.0,105271.0,33.3,2008.0,537.0,181.0,666.0,459.0,Census Tract 52.01; San Diego County; California,06,073,005201,06073005201,0.6261303398815092,0.16744621141253507,0.05643903960087309,0.2076707202993452,0.1431244153414406,06,073,005201,-117.15003508849559,32.71562683185841,coastal
5108.0,58140.0,33.6,3045.0,625.0,512.0,1224.0,1389.0,Census Tract 52.02; San Diego County; California,06,073,005202,06073005202,0.596123727486296,0.12235708692247454,0.10023492560689115,0.23962411902897415,0.2719263899765074,06,073,005202,-117.15510125333334,32.715741173333335,coastal
3313.0,74775.0,33.8,1891.0,331.0,184.0,841.0,753.0,Census Tract 53.01; San Diego County; California,06,073,005301,06073005301,0.5707817687896166,0.09990944763054634,0.05553878659824932,0.2538484757017809,0.2272864473287051,06,073,005301,-117.15882908641976,32.715784160493826,coastal
4116.0,86250.0,38.1,2268.0,432.0,498.0,1555.0,126.0,Census Tract 53.02; San Diego County; California,06,073,005302,06073005302,0.5510204081632653,0.10495626822157435,0.12099125364431487,0.3777939747327502,0.030612244897959183,06,073,005302,-117.16385356818182,32.71564648863637,coastal
1813.0,185814.0,39.8,1333.0,60.0,78.0,257.0,118.0,Census Tract 54.01; San Diego County; California,06,073,005401,06073005401,0.7352454495311638,0.03309431880860452,0.04302261445118588,0.14175399889685603,0.06508549365692223,06,073,005401,-117.1583502686567,32.70891426865672,coastal
4506.0,131332.0,49.0,3065.0,146.0,688.0,393.0,546.0,Census Tract 54.02; San Diego County; California,06,073,005402,06073005402,0.6802041722148247,0.032401242787394584,0.15268530847758544,0.08721704394141146,0.12117177097203728,06,073,005402,-117.17180753403142,32.71433382198953,coastal
2407.0,140388.0,48.6,1596.0,233.0,117.0,504.0,79.0,Census Tract 54.03; San Diego County; California,06,073,005403,06073005403,0.6630660573327793,0.09680099709181554,0.04860822600747819,0.20938928126298298,0.0328209389281263,06,073,005403,-117.16382858181818,32.70872139090909,coastal
2525.0,58924.0,48.8,1622.0,76.0,150.0,437.0,708.0,Census Tract 56.01; San Diego County; California,06,073,005601,06073005601,0.6423762376237624,0.030099009900990098,0.0594059405940594,0.17306930693069306,0.2803960396039604,06,073,005601,-117.16275032954546,32.72185420454545,coastal
2117.0,100397.0,37.3,1319.0,111.0,329.0,409.0,238.0,Census Tract 56.02; San Diego County; California,06,073,005602,06073005602,0.6230514879546528,0.052432687765706185,0.15540859707132734,0.19319792158715163,0.11242324043457723,06,073,005602,-117.14716766881028,32.72931303858521,coastal
2154.0,75181.0,45.0,1287.0,206.0,124.0,637.0,765.0,Census Tract 57; San Diego County; California,06,073,005700,06073005700,0.5974930362116991,0.09563602599814298,0.057567316620241414,0.2957288765088208,0.3551532033426184,06,073,005700,-117.16286890476191,32.72530805952381,coastal
1703.0,100909.0,34.9,1302.0,41.0,165.0,168.0,177.0,Census Tract 58.01; San Diego County; California,06,073,005801,06073005801,0.7645331767469172,0.024075161479741633,0.09688784497944804,0.09864944216089254,0.10393423370522607,06,073,005801,-117.16853870526316,32.72552133684211,coastal
2830.0,143182.0,35.8,2072.0,40.0,270.0,459.0,146.0,Census Tract 58.02; San Diego County; California,06,073,005802,06073005802,0.7321554770318022,0.014134275618374558,0.09540636042402827,0.16219081272084807,0.051590106007067135,06,073,005802,-117.17174494067797,32.724297466101696,coastal
3187.0,87813.0,38.9,2503.0,42.0,112.0,765.0,274.0,Census Tract 59; San Diego County; California,06,073,005900,06073005900,0.7853780985252589,0.013178537809852526,0.03514276749294007,0.24003765296517102,0.08597427047379981,06,073,005900,-117.16483679411765,32.729509872549016,coastal
4431.0,99044.0,51.7,3071.0,137.0,379.0,763.0,604.0,Census Tract 60; San Diego County; California,06,073,006000,06073006000,0.6930715414127736,0.0309185285488603,0.08553373956217558,0.1721958925750395,0.13631234484315052,06,073,006000,-117.16534252564102,32.73592033333333,coastal
2225.0,95655.0,40.2,1370.0,91.0,79.0,556.0,155.0,Census Tract 61; San Diego County; California,06,073,006100,06073006100,0.6157303370786517,0.04089887640449438,0.03550561797752809,0.2498876404494382,0.0696629213483146,06,073,006100,-117.17369145989305,32.73681414973262,coastal
3554.0,69057.0,46.6,1998.0,235.0,293.0,623.0,844.0,Census Tract 65; San Diego County; California,06,073,006500,06073006500,0.562183455261677,0.06612267867191897,0.08244231851435002,0.17529544175576814,0.23747889701744512,06,073,006500,-117.19617707231922,32.7509279276808,coastal
2001.0,101250.0,26.4,812.0,413.0,116.0,609.0,141.0,Census Tract 66; San Diego County; California,06,073,006600,06073006600,0.4057971014492754,0.2063968015992004,0.057971014492753624,0.30434782608695654,0.0704647676161919,06,073,006600,-117.20722423300971,32.74536253398058,coastal
3299.0,90531.0,32.6,1854.0,233.0,209.0,845.0,314.0,Census Tract 68.01; San Diego County; California,06,073,006801,06073006801,0.5619884813579873,0.07062746286753561,0.06335253107002121,0.2561382237041528,0.0951803576841467,06,073,006801,-117.22910003305785,32.75387395041322,coastal
6017.0,89634.0,32.1,3444.0,386.0,343.0,1033.0,1272.0,Census Tract 68.02; San Diego County; California,06,073,006802,06073006802,0.5723782615921555,0.06415157055010803,0.05700515206913744,0.17168023932192122,0.2114010304138275,06,073,006802,-117.2188631078067,32.74956752788104,coastal
5878.0,140768.0,41.1,4832.0,49.0,169.0,518.0,398.0,Census Tract 69; San Diego County; California,06,073,006900,06073006900,0.8220483157536577,0.008336168764886015,0.02875127594419871,0.08812521265736645,0.06771010547805376,06,073,006900,-117.22133039919355,32.74410293548387,coastal
3170.0,179239.0,51.3,2795.0,0.0,124.0,181.0,159.0,Census Tract 70.02; San Diego County; California,06,073,007002,06073007002,0.8817034700315457,0.0,0.039116719242902206,0.057097791798107256,0.050157728706624605,06,073,007002,-117.23567365044248,32.73283642035398,coastal
4296.0,148464.0,60.5,3853.0,0.0,55.0,300.0,357.0,Census Tract 71; San Diego County; California,06,073,007100,06073007100,0.8968808193668529,0.0,0.012802607076350093,0.06983240223463687,0.08310055865921788,06,073,007100,-117.23620306157113,32.716928743099785,coastal
5809.0,177039.0,26.5,4668.0,97.0,382.0,699.0,169.0,Census Tract 72; San Diego County; California,06,073,007200,06073007200,0.8035806507144087,0.016698226889309692,0.06576002754346703,0.12033052160440695,0.029092787054570492,06,073,007200,-117.25229720604395,32.71641908241759,inland
2741.0,179449.0,42.5,2310.0,15.0,57.0,252.0,51.0,Census Tract 73.02; San Diego County; California,06,073,007302,06073007302,0.842758117475374,0.005472455308281649,0.020795330171470266,0.09193724917913171,0.018606348048157608,06,073,007302,-117.24476279090909,32.73530923636363,coastal
1712.0,115000.0,38.8,1297.0,90.0,172.0,369.0,68.0,Census Tract 73.03; San Diego County; California,06,073,007303,06073007303,0.7575934579439252,0.052570093457943924,0.10046728971962617,0.2155373831775701,0.0397196261682243,06,073,007303,-117.25471503846153,32.73883957692308,inland
3620.0,104311.0,37.1,2970.0,0.0,46.0,518.0,552.0,Census Tract 73.04; San Diego County; California,06,073,007304,06073007304,0.8204419889502762,0.0,0.01270718232044199,0.1430939226519337,0.15248618784530388,06,073,007304,-117.25452971294118,32.73954139764706,inland
2745.0,81477.0,36.6,1816.0,14.0,121.0,835.0,286.0,Census Tract 74.01; San Diego County; California,06,073,007401,06073007401,0.6615664845173042,0.005100182149362477,0.04408014571948998,0.30418943533697634,0.10418943533697632,06,073,007401,-117.23137586861314,32.74753616058394,coastal
3806.0,131159.0,36.0,2972.0,0.0,27.0,509.0,329.0,Census Tract 74.02; San Diego County; California,06,073,007402,06073007402,0.7808723068838676,0.0,0.007094062007356805,0.13373620599054126,0.08644245927482921,06,073,007402,-117.23693113142858,32.74389272571429,coastal
4160.0,83750.0,33.8,3463.0,108.0,168.0,559.0,383.0,Census Tract 75.01; San Diego County; California,06,073,007501,06073007501,0.8324519230769231,0.025961538461538463,0.04038461538461539,0.134375,0.0920673076923077,06,073,007501,-117.24232350434782,32.751254547826086,coastal
3010.0,84550.0,33.1,2262.0,116.0,44.0,470.0,219.0,Census Tract 75.02; San Diego County; California,06,073,007502,06073007502,0.7514950166112957,0.038538205980066444,0.014617940199335547,0.15614617940199335,0.07275747508305648,06,073,007502,-117.24867675609755,32.74776319512195,coastal
1750.0,93785.0,47.9,1538.0,60.0,17.0,46.0,190.0,Census Tract 76.01; San Diego County; California,06,073,007601,06073007601,0.8788571428571429,0.03428571428571429,0.009714285714285713,0.026285714285714287,0.10857142857142857,06,073,007601,-117.230301,32.784931551724135,coastal
1435.0,129764.0,41.9,1114.0,170.0,22.0,106.0,184.0,Census Tract 76.02; San Diego County; California,06,073,007602,06073007602,0.7763066202090593,0.11846689895470383,0.015331010452961672,0.07386759581881533,0.12822299651567945,06,073,007602,-117.24936259708738,32.76781598543689,coastal
4243.0,126346.0,35.1,3325.0,70.0,97.0,733.0,365.0,Census Tract 77.01; San Diego County; California,06,073,007701,06073007701,0.7836436483620081,0.01649776101814754,0.022861183125147302,0.17275512609003063,0.08602403959462644,06,073,007701,-117.24046059602651,32.787791317880796,coastal
3188.0,109414.0,30.5,2656.0,48.0,138.0,244.0,222.0,Census Tract 77.02; San Diego County; California,06,073,007702,06073007702,0.8331242158092849,0.015056461731493099,0.04328732747804266,0.07653701380175659,0.06963613550815559,06,073,007702,-117.234320635,32.789715395,coastal
5939.0,105938.0,33.5,3657.0,128.0,416.0,1430.0,820.0,Census Tract 78; San Diego County; California,06,073,007800,06073007800,0.6157602289947802,0.021552449907391816,0.0700454621990234,0.24078127630914295,0.13807038221922882,06,073,007800,-117.2244800677966,32.80442606101695,coastal
2557.0,120074.0,34.9,1886.0,15.0,80.0,222.0,362.0,Census Tract 79.05; San Diego County; California,06,073,007905,06073007905,0.7375831052014079,0.005866249511145874,0.03128666405944466,0.08682049276495894,0.14157215486898708,06,073,007905,-117.25262056,32.799941340000004,inland
3167.0,115660.0,29.4,2691.0,37.0,103.0,327.0,434.0,Census Tract 79.07; San Diego County; California,06,073,007907,06073007907,0.8497000315756236,0.011682980738869593,0.03252289232712346,0.10325228923271235,0.13703820650457846,06,073,007907,-117.24161724369749,32.7959979579832,coastal
3285.0,89936.0,31.0,2479.0,155.0,94.0,425.0,238.0,Census Tract 79.08; San Diego County; California,06,073,007908,06073007908,0.7546423135464231,0.0471841704718417,0.028614916286149164,0.1293759512937595,0.07245053272450533,06,073,007908,-117.23434164233578,32.79749505839416,coastal
2832.0,100227.0,31.8,2309.0,56.0,50.0,203.0,278.0,Census Tract 79.10; San Diego County; California,06,073,007910,06073007910,0.8153248587570622,0.01977401129943503,0.01765536723163842,0.07168079096045198,0.0981638418079096,06,073,007910,-117.25146516153846,32.79489110769231,inland
2347.0,115134.0,33.9,1797.0,8.0,72.0,387.0,136.0,Census Tract 79.11; San Diego County; California,06,073,007911,06073007911,0.7656582871751172,0.0034086067319982955,0.03067746058798466,0.16489135066041755,0.057946314443971025,06,073,007911,-117.23610043000001,32.80327398,coastal
1795.0,113724.0,30.2,1255.0,64.0,125.0,139.0,88.0,Census Tract 79.12; San Diego County; California,06,073,007912,06073007912,0.6991643454038997,0.03565459610027855,0.06963788300835655,0.07743732590529248,0.04902506963788301,06,073,007912,-117.242739,32.8021617628866,coastal
2680.0,184653.0,38.7,2344.0,0.0,70.0,254.0,78.0,Census Tract 80.02; San Diego County; California,06,073,008002,06073008002,0.8746268656716418,0.0,0.026119402985074626,0.09477611940298507,0.029104477611940297,06,073,008002,-117.24210014207651,32.808973240437155,coastal
3440.0,158704.0,33.5,2987.0,0.0,73.0,459.0,196.0,Census Tract 80.03; San Diego County; California,06,073,008003,06073008003,0.8683139534883721,0.0,0.02122093023255814,0.13343023255813954,0.056976744186046514,06,073,008003,-117.25499566379311,32.80466107758621,inland
4039.0,131125.0,31.6,3434.0,47.0,146.0,251.0,205.0,Census Tract 80.06; San Diego County; California,06,073,008006,06073008006,0.8502104481307254,0.01163654369893538,0.03614756127754395,0.06214409507303788,0.05075513741025006,06,073,008006,-117.26124595505617,32.8096658988764,inland
3696.0,104457.0,49.0,3055.0,0.0,142.0,513.0,305.0,Census Tract 81.01; San Diego County; California,06,073,008101,06073008101,0.8265692640692641,0.0,0.038419913419913417,0.1387987012987013,0.08252164502164502,06,073,008101,-117.27592309859153,32.833994,inland
3367.0,188545.0,50.8,2749.0,23.0,76.0,310.0,136.0,Census Tract 81.02; San Diego County; California,06,073,008102,06073008102,0.8164538164538164,0.006831006831006831,0.022572022572022572,0.09207009207009206,0.04039204039204039,06,073,008102,-117.26959679874214,32.81771972327044,inland
1763.0,129688.0,49.5,1264.0,56.0,81.0,215.0,105.0,Census Tract 82.01; San Diego County; California,06,073,008201,06073008201,0.7169597277368123,0.03176403857061826,0.04594441293250142,0.12195121951219512,0.05955757231990925,06,073,008201,-117.27371745081967,32.844358479508195,inland
1196.0,105094.0,71.1,963.0,11.0,137.0,105.0,59.0,Census Tract 82.02; San Diego County; California,06,073,008202,06073008202,0.8051839464882943,0.00919732441471572,0.11454849498327759,0.08779264214046822,0.04933110367892977,06,073,008202,-117.27439229147983,32.845344349775786,inland
3461.0,230962.0,47.2,2775.0,62.0,195.0,488.0,73.0,Census Tract 83.01; San Diego County; California,06,073,008301,06073008301,0.8017913897717422,0.01791389771742271,0.056342097659635944,0.14099971106616585,0.02109216989309448,06,073,008301,-117.23234538429752,32.81488533884298,coastal
3021.0,227275.0,57.3,2397.0,18.0,263.0,403.0,247.0,Census Tract 83.03; San Diego County; California,06,073,008303,06073008303,0.7934458788480635,0.005958291956305859,0.08705726580602449,0.13339953657729228,0.08176100628930817,06,073,008303,-117.25905102160493,32.84038094444445,inland
7705.0,41776.0,19.8,3511.0,250.0,2166.0,2133.0,266.0,Census Tract 83.05; San Diego County; California,06,073,008305,06073008305,0.45567813108371186,0.03244646333549643,0.2811161583387411,0.27683322517845554,0.0345230369889682,06,073,008305,-117.23053409119497,32.87863047798742,coastal
2688.0,232614.0,46.1,2182.0,0.0,128.0,233.0,220.0,Census Tract 83.06; San Diego County; California,06,073,008306,06073008306,0.8117559523809523,0.0,0.047619047619047616,0.08668154761904762,0.0818452380952381,06,073,008306,-117.22626084302325,32.847185936046515,coastal
4348.0,122083.0,41.9,3140.0,160.0,519.0,862.0,192.0,Census Tract 83.07; San Diego County; California,06,073,008307,06073008307,0.7221711131554738,0.03679852805887764,0.11936522539098436,0.19825206991720332,0.04415823367065318,06,073,008307,-117.21174819444445,32.85193928333333,coastal
6250.0,153897.0,53.8,4944.0,81.0,482.0,958.0,168.0,Census Tract 83.10; San Diego County; California,06,073,008310,06073008310,0.79104,0.01296,0.07712,0.15328,0.02688,06,073,008310,-117.24703674224342,32.823064715990455,coastal
2724.0,250001.0,53.6,2047.0,6.0,134.0,405.0,126.0,Census Tract 83.11; San Diego County; California,06,073,008311,06073008311,0.7514684287812041,0.0022026431718061676,0.04919236417033774,0.1486784140969163,0.046255506607929514,06,073,008311,-117.26057319387756,32.826181853741495,inland
3841.0,140463.0,45.9,2849.0,25.0,494.0,558.0,285.0,Census Tract 83.12; San Diego County; California,06,073,008312,06073008312,0.7417339234574329,0.006508721687060661,0.12861234053631868,0.14527466805519396,0.07419942723249154,06,073,008312,-117.25140545542169,32.87927871325301,inland
2214.0,242083.0,46.6,1324.0,20.0,481.0,174.0,142.0,Census Tract 83.13; San Diego County; California,06,073,008313,06073008313,0.5980126467931346,0.009033423667570008,0.21725383920505872,0.07859078590785908,0.06413730803974707,06,073,008313,-117.24124652333334,32.85562147666667,coastal
7175.0,194130.0,52.2,5067.0,104.0,652.0,975.0,356.0,Census Tract 83.24; San Diego County; California,06,073,008324,06073008324,0.7062020905923345,0.014494773519163763,0.09087108013937283,0.13588850174216027,0.04961672473867596,06,073,008324,-117.25379288541666,32.95100088541667,inland
6038.0,174659.0,45.9,3906.0,0.0,1201.0,668.0,269.0,Census Tract 83.27; San Diego County; California,06,073,008327,06073008327,0.6469029479960252,0.0,0.19890692282212652,0.11063265982113282,0.044551175886054985,06,073,008327,-117.23664447959183,32.96910496938776,coastal
7766.0,250001.0,40.0,3438.0,24.0,3383.0,644.0,380.0,Census Tract 83.28; San Diego County; California,06,073,008328,06073008328,0.4426989441153747,0.003090394025238218,0.4356167911408705,0.08292557301055885,0.04893123873293845,06,073,008328,-117.20707409634551,32.9682296179402,coastal
4901.0,176190.0,41.7,3009.0,0.0,1001.0,742.0,269.0,Census Tract 83.30; San Diego County; California,06,073,008330,06073008330,0.6139563354417465,0.0,0.20424403183023873,0.15139767394409304,0.05488675780452969,06,073,008330,-117.22037525477707,32.95115060509554,coastal
2766.0,217083.0,45.8,1893.0,0.0,617.0,204.0,77.0,Census Tract 83.31; San Diego County; California,06,073,008331,06073008331,0.6843817787418656,0.0,0.22306579898770787,0.0737527114967462,0.027838033261026754,06,073,008331,-117.22362985,32.94278941428571,coastal
2086.0,197841.0,44.7,1250.0,17.0,589.0,131.0,7.0,Census Tract 83.36; San Diego County; California,06,073,008336,06073008336,0.5992329817833174,0.008149568552253116,0.2823585810162991,0.06279961649089166,0.003355704697986577,06,073,008336,-117.13409129411764,32.96801264117647,coastal
4996.0,180496.0,42.1,2334.0,52.0,1750.0,611.0,94.0,Census Tract 83.37; San Diego County; California,06,073,008337,06073008337,0.46717373899119297,0.010408326661329063,0.35028022417934346,0.1222978382706165,0.018815052041633307,06,073,008337,-117.13585225806453,32.958315451612904,coastal
1882.0,80417.0,29.1,922.0,33.0,502.0,285.0,648.0,Census Tract 83.39; San Diego County; California,06,073,008339,06073008339,0.48990435706695007,0.01753453772582359,0.2667375132837407,0.1514346439957492,0.3443145589798087,06,073,008339,-117.23292617702448,32.90560670809793,coastal
4165.0,82325.0,28.3,2168.0,63.0,1188.0,570.0,1095.0,Census Tract 83.43; San Diego County; California,06,073,008343,06073008343,0.5205282112845138,0.015126050420168067,0.285234093637455,0.1368547418967587,0.26290516206482595,06,073,008343,-117.21782128688524,32.86319044262295,coastal
3460.0,176680.0,46.1,2512.0,16.0,428.0,268.0,127.0,Census Tract 83.44; San Diego County; California,06,073,008344,06073008344,0.7260115606936416,0.004624277456647399,0.12369942196531791,0.07745664739884393,0.03670520231213873,06,073,008344,-117.19772119753087,32.85706174074074,coastal
4204.0,88095.0,44.1,3001.0,53.0,648.0,406.0,325.0,Census Tract 83.45; San Diego County; California,06,073,008345,06073008345,0.7138439581351094,0.012607040913415794,0.15413891531874405,0.09657469077069458,0.07730732635585157,06,073,008345,-117.19433164044943,32.85082881460674,coastal
4255.0,177386.0,42.8,1882.0,50.0,1574.0,436.0,93.0,Census Tract 83.46; San Diego County; California,06,073,008346,06073008346,0.44230317273795533,0.011750881316098707,0.3699177438307873,0.10246768507638072,0.021856639247943597,06,073,008346,-117.18033592132868,32.91760429895105,coastal
6704.0,145714.0,42.0,1725.0,51.0,3630.0,485.0,270.0,Census Tract 83.47; San Diego County; California,06,073,008347,06073008347,0.2573090692124105,0.007607398568019093,0.5414677804295943,0.07234486873508353,0.0402744630071599,06,073,008347,-117.15938820997374,32.92296603412073,coastal
4935.0,150847.0,44.1,1165.0,106.0,3030.0,481.0,261.0,Census Tract 83.48; San Diego County; California,06,073,008348,06073008348,0.23606889564336372,0.021479229989868287,0.6139817629179332,0.09746707193515704,0.05288753799392097,06,073,008348,-117.1614320292683,32.91584746829268,coastal
3822.0,129038.0,40.6,1175.0,97.0,1892.0,467.0,263.0,Census Tract 83.49; San Diego County; California,06,073,008349,06073008349,0.3074306645735217,0.025379382522239664,0.49502878074306644,0.12218733647305076,0.06881214024071167,06,073,008349,-117.14976479532163,32.91805395906432,coastal
6334.0,121335.0,39.6,1792.0,189.0,3358.0,725.0,577.0,Census Tract 83.50; San Diego County; California,06,073,008350,06073008350,0.2829175876223555,0.02983896431954531,0.530154720555731,0.11446163561730344,0.09109567413956425,06,073,008350,-117.17106861517615,32.893304585365854,coastal
4817.0,149196.0,36.7,1153.0,154.0,2683.0,603.0,243.0,Census Tract 83.51; San Diego County; California,06,073,008351,06073008351,0.23936059788249947,0.03197010587502595,0.5569856757317833,0.12518164832883538,0.050446335893709775,06,073,008351,-117.1503789379845,32.90661710077519,coastal
4119.0,133869.0,30.9,1787.0,164.0,1710.0,1040.0,198.0,Census Tract 83.52; San Diego County; California,06,073,008352,06073008352,0.4338431658169459,0.03981548919640689,0.4151493080844865,0.25248846807477543,0.04806991988346686,06,073,008352,-117.1375353768116,32.927488949275364,coastal
4802.0,151857.0,42.1,1810.0,95.0,2354.0,827.0,302.0,Census Tract 83.53; San Diego County; California,06,073,008353,06073008353,0.3769262807163682,0.01978342357351104,0.49021241149521033,0.17221990837151188,0.06289046230737193,06,073,008353,-117.13384861333333,32.931800960000004,coastal
3093.0,154000.0,36.2,803.0,73.0,1631.0,415.0,145.0,Census Tract 83.55; San Diego County; California,06,073,008355,06073008355,0.2596184933721306,0.023601681215648238,0.5273197542838668,0.13417394115745232,0.046880051729712255,06,073,008355,-117.12804189308176,32.922003081761005,coastal
3950.0,121548.0,38.0,1109.0,100.0,2537.0,373.0,315.0,Census Tract 83.56; San Diego County; California,06,073,008356,06073008356,0.2807594936708861,0.02531645569620253,0.6422784810126583,0.09443037974683545,0.07974683544303797,06,073,008356,-117.13960771186441,32.920349940677966,coastal
4608.0,114583.0,33.8,883.0,95.0,2899.0,768.0,733.0,Census Tract 83.57; San Diego County; California,06,073,008357,06073008357,0.1916232638888889,0.020616319444444444,0.6291232638888888,0.16666666666666666,0.15907118055555555,06,073,008357,-117.13400328488373,32.91715803488372,coastal
6522.0,115942.0,40.2,1758.0,9.0,3066.0,1328.0,643.0,Census Tract 83.58; San Diego County; California,06,073,008358,06073008358,0.26954921803127874,0.0013799448022079118,0.47010119595216193,0.20361852192578964,0.09858938975774302,06,073,008358,-117.13419997326203,32.90959487700535,coastal
4426.0,86685.0,30.7,1164.0,148.0,1506.0,1577.0,348.0,Census Tract 83.59; San Diego County; California,06,073,008359,06073008359,0.26299141436963397,0.033438770899231814,0.3402620876638048,0.3563036601897876,0.07862629914143697,06,073,008359,-117.12099795,32.909403350000005,coastal
7071.0,99122.0,34.8,2208.0,472.0,2749.0,2108.0,524.0,Census Tract 83.60; San Diego County; California,06,073,008360,06073008360,0.3122613491726771,0.06675152029415925,0.38877103662848256,0.29811907792391457,0.07410550134351578,06,073,008360,-117.13009287445888,32.90088316450217,coastal
2720.0,97772.0,33.4,1852.0,69.0,479.0,226.0,725.0,Census Tract 83.61; San Diego County; California,06,073,008361,06073008361,0.6808823529411765,0.02536764705882353,0.1761029411764706,0.08308823529411764,0.2665441176470588,06,073,008361,-117.2338939084507,32.86684334507043,coastal
3270.0,114071.0,35.9,2150.0,30.0,539.0,385.0,213.0,Census Tract 83.62; San Diego County; California,06,073,008362,06073008362,0.6574923547400612,0.009174311926605505,0.16483180428134556,0.11773700305810397,0.06513761467889909,06,073,008362,-117.23381145578232,32.86002283673469,coastal
5373.0,70206.0,22.9,1634.0,0.0,2211.0,1163.0,2297.0,Census Tract 83.63; San Diego County; California,06,073,008363,06073008363,0.3041131583845152,0.0,0.41150195421552205,0.21645263353806068,0.42750790991997023,06,073,008363,-117.22302408823529,32.86509805882353,coastal
4596.0,97066.0,30.3,2375.0,37.0,1740.0,463.0,1066.0,Census Tract 83.64; San Diego County; California,06,073,008364,06073008364,0.5167536988685814,0.00805047867711053,0.3785900783289817,0.10073977371627502,0.231940818102698,06,073,008364,-117.22723394285715,32.86021302142857,coastal
2611.0,207865.0,50.7,1388.0,0.0,877.0,347.0,69.0,Census Tract 83.65; San Diego County; California,06,073,008365,06073008365,0.5315970892378399,0.0,0.33588663347376485,0.13289927230945997,0.026426656453466105,06,073,008365,-117.14891669759449,32.94020798625429,coastal
6994.0,225692.0,45.5,3456.0,49.0,2894.0,524.0,100.0,Census Tract 83.66; San Diego County; California,06,073,008366,06073008366,0.49413783242779524,0.007006005147269088,0.41378324277952533,0.07492136116671433,0.014297969688304261,06,073,008366,-117.1509631054313,32.94873194249201,coastal
3312.0,120742.0,43.2,1467.0,0.0,1252.0,686.0,368.0,Census Tract 83.67; San Diego County; California,06,073,008367,06073008367,0.4429347826086957,0.0,0.3780193236714976,0.2071256038647343,0.1111111111111111,06,073,008367,-117.15458434705883,32.968811,coastal
6464.0,211830.0,45.3,2431.0,49.0,3103.0,624.0,510.0,Census Tract 83.68; San Diego County; California,06,073,008368,06073008368,0.3760829207920792,0.007580445544554455,0.48004331683168316,0.09653465346534654,0.07889851485148515,06,073,008368,-117.13976576261128,32.971151709198814,coastal
4599.0,168393.0,32.6,2179.0,30.0,1952.0,469.0,210.0,Census Tract 83.69; San Diego County; California,06,073,008369,06073008369,0.47379865188084364,0.006523157208088715,0.42444009567297236,0.1019786910197869,0.045662100456621,06,073,008369,-117.23618851111112,32.944185983333334,coastal
3790.0,156184.0,35.8,1950.0,18.0,1203.0,350.0,128.0,Census Tract 83.70; San Diego County; California,06,073,008370,06073008370,0.5145118733509235,0.00474934036939314,0.3174142480211082,0.09234828496042216,0.033773087071240104,06,073,008370,-117.234735968,32.941777336,coastal
4005.0,159405.0,32.8,2261.0,12.0,1214.0,185.0,59.0,Census Tract 83.71; San Diego County; California,06,073,008371,06073008371,0.5645443196004993,0.00299625468164794,0.3031210986267166,0.046192259675405745,0.014731585518102372,06,073,008371,-117.22225667804878,32.91593183902439,coastal
3965.0,225481.0,37.9,2233.0,20.0,1126.0,265.0,284.0,Census Tract 83.72; San Diego County; California,06,073,008372,06073008372,0.5631778058007566,0.005044136191677175,0.283984867591425,0.06683480453972257,0.07162673392181589,06,073,008372,-117.19793345070423,32.92707245674044,coastal
3446.0,219271.0,38.7,1730.0,51.0,1400.0,225.0,197.0,Census Tract 83.73; San Diego County; California,06,073,008373,06073008373,0.502031340684852,0.014799767846778875,0.4062681369704005,0.0652930934416715,0.0571677307022635,06,073,008373,-117.23055485271318,32.92653137209302,coastal
4170.0,250001.0,40.6,1749.0,0.0,1755.0,474.0,0.0,Census Tract 83.74; San Diego County; California,06,073,008374,06073008374,0.41942446043165466,0.0,0.420863309352518,0.11366906474820145,0.0,06,073,008374,-117.2099485840708,32.93220183185841,coastal
4306.0,121607.0,29.1,1868.0,0.0,1797.0,491.0,1246.0,Census Tract 83.75; San Diego County; California,06,073,008375,06073008375,0.4338132837900604,0.0,0.41732466326056666,0.11402693915466791,0.2893636785880167,06,073,008375,-117.2044026880734,32.86639826146789,coastal
6335.0,120563.0,29.6,3323.0,50.0,1551.0,1229.0,779.0,Census Tract 83.76; San Diego County; California,06,073,008376,06073008376,0.5245461720599842,0.007892659826361484,0.24483030781373322,0.19400157853196529,0.12296764009471192,06,073,008376,-117.20426317040358,32.8692897309417,coastal
1927.0,79444.0,29.5,829.0,122.0,805.0,144.0,570.0,Census Tract 83.77; San Diego County; California,06,073,008377,06073008377,0.43020238713025427,0.0633108458744162,0.4177477944992216,0.07472755578619616,0.29579657498702644,06,073,008377,-117.2236728938053,32.869902486725664,coastal
914.0,73750.0,24.0,326.0,0.0,517.0,65.0,374.0,Census Tract 83.78; San Diego County; California,06,073,008378,06073008378,0.35667396061269147,0.0,0.5656455142231948,0.0711159737417943,0.40919037199124725,06,073,008378,-117.21677451020409,32.87412140816326,coastal
4035.0,65625.0,28.8,1965.0,0.0,1739.0,271.0,1455.0,Census Tract 83.79; San Diego County; California,06,073,008379,06073008379,0.48698884758364314,0.0,0.4309789343246592,0.06716232961586122,0.36059479553903345,06,073,008379,-117.21652056923077,32.86894813846153,coastal
6512.0,92583.0,32.8,1761.0,403.0,3245.0,750.0,792.0,Census Tract 83.80; San Diego County; California,06,073,008380,06073008380,0.27042383292383293,0.06188574938574939,0.4983108108108108,0.11517199017199017,0.12162162162162163,06,073,008380,-117.1201335221239,32.933322783185844,coastal
3473.0,202833.0,28.8,1238.0,80.0,1617.0,252.0,307.0,Census Tract 83.81; San Diego County; California,06,073,008381,06073008381,0.3564641520299453,0.02303484019579614,0.46559170745752954,0.07255974661675785,0.0883961992513677,06,073,008381,-117.12265633944955,32.92935148623853,coastal
5800.0,131944.0,37.9,4100.0,83.0,63.0,1197.0,405.0,Census Tract 85.01; San Diego County; California,06,073,008501,06073008501,0.7068965517241379,0.014310344827586207,0.010862068965517242,0.2063793103448276,0.06982758620689655,06,073,008501,-117.22254729032258,32.829709748387096,coastal
6776.0,100387.0,42.6,4621.0,114.0,801.0,1975.0,1099.0,Census Tract 85.02; San Diego County; California,06,073,008502,06073008502,0.681965761511216,0.016824085005903187,0.11821133412042503,0.291469893742621,0.1621900826446281,06,073,008502,-117.20659379338842,32.83681305785124,coastal
7714.0,118141.0,41.2,5696.0,87.0,364.0,2071.0,850.0,Census Tract 85.03; San Diego County; California,06,073,008503,06073008503,0.738397718434016,0.011278195488721804,0.047186932849364795,0.2684729064039409,0.11018926626912108,06,073,008503,-117.21561624666666,32.820352916666664,coastal
5896.0,131429.0,42.0,4699.0,15.0,343.0,745.0,563.0,Census Tract 85.04; San Diego County; California,06,073,008504,06073008504,0.7969810040705563,0.002544097693351425,0.05817503392130258,0.12635685210312075,0.09548846675712347,06,073,008504,-117.19685252529183,32.823815105058365,coastal
5406.0,87178.0,37.9,2878.0,87.0,726.0,1525.0,500.0,Census Tract 85.05; San Diego County; California,06,073,008505,06073008505,0.5323714391416944,0.01609322974472808,0.13429522752497225,0.28209396966333705,0.0924898261191269,06,073,008505,-117.18703589221556,32.84072071257485,coastal
4084.0,118633.0,37.9,2340.0,54.0,683.0,875.0,467.0,Census Tract 85.06; San Diego County; California,06,073,008506,06073008506,0.5729676787463271,0.013222331047992164,0.16723800195886385,0.2142507345739471,0.1143486777668952,06,073,008506,-117.18613602484471,32.82930286335404,coastal
7252.0,87269.0,37.5,3542.0,469.0,1075.0,2367.0,749.0,Census Tract 85.07; San Diego County; California,06,073,008507,06073008507,0.48841698841698844,0.06467181467181467,0.1482349696635411,0.32639271924986213,0.10328185328185328,06,073,008507,-117.17626166853933,32.82670828089888,coastal
6491.0,115600.0,42.9,3531.0,455.0,1203.0,1538.0,437.0,Census Tract 85.09; San Diego County; California,06,073,008509,06073008509,0.5439839778154367,0.07009705746418117,0.18533353874595593,0.23694346017562778,0.06732398705900478,06,073,008509,-117.17038956565656,32.81403056060606,coastal
5732.0,79226.0,44.0,3145.0,294.0,1254.0,1031.0,506.0,Census Tract 85.10; San Diego County; California,06,073,008510,06073008510,0.5486741102581996,0.05129099790648988,0.21877180739706908,0.17986741102581996,0.08827634333565945,06,073,008510,-117.16483487383178,32.80841246728972,coastal
5362.0,132786.0,34.1,2356.0,272.0,1668.0,1218.0,478.0,Census Tract 85.11; San Diego County; California,06,073,008511,06073008511,0.4393882879522566,0.05072734054457292,0.3110779559865722,0.22715404699738903,0.08914584110406565,06,073,008511,-117.14555260703811,32.82822379472141,coastal
4043.0,118224.0,44.2,2938.0,39.0,288.0,674.0,360.0,Census Tract 85.12; San Diego County; California,06,073,008512,06073008512,0.7266881028938906,0.00964630225080386,0.07123423200593619,0.16670789018055898,0.08904279000742023,06,073,008512,-117.18830539181286,32.8083642748538,coastal
2909.0,132500.0,39.9,2261.0,26.0,187.0,499.0,145.0,Census Tract 85.13; San Diego County; California,06,073,008513,06073008513,0.7772430388449639,0.0089377793056033,0.06428325885183912,0.17153661051907873,0.049845307665864556,06,073,008513,-117.18116417826087,32.80319356521739,coastal
6473.0,63924.0,38.7,3234.0,475.0,1212.0,2755.0,720.0,Census Tract 86; San Diego County; California,06,073,008600,06073008600,0.499613780318245,0.07338173953344662,0.1872393017148154,0.4256140892939904,0.11123126834543488,06,073,008600,-117.17754676612904,32.79177270967742,coastal
3320.0,78516.0,31.3,1438.0,229.0,824.0,679.0,410.0,Census Tract 87.01; San Diego County; California,06,073,008701,06073008701,0.4331325301204819,0.06897590361445784,0.24819277108433735,0.20451807228915664,0.12349397590361445,06,073,008701,-117.16391199004975,32.79967507462687,coastal
5220.0,111025.0,39.6,2499.0,583.0,1021.0,1187.0,688.0,Census Tract 87.02; San Diego County; California,06,073,008702,06073008702,0.478735632183908,0.11168582375478928,0.19559386973180076,0.22739463601532567,0.1318007662835249,06,073,008702,-117.1547765193133,32.78711073390558,coastal
6269.0,76775.0,36.4,1587.0,314.0,2806.0,1935.0,1263.0,Census Tract 88; San Diego County; California,06,073,008800,06073008800,0.2531504227149466,0.05008773329079598,0.4475992981336736,0.30866166852767585,0.2014675386824055,06,073,008800,-117.16551640718563,32.780833281437125,coastal
5604.0,95441.0,35.6,3579.0,102.0,574.0,1807.0,438.0,Census Tract 89.01; San Diego County; California,06,073,008901,06073008901,0.6386509635974305,0.018201284796573874,0.10242683797287652,0.32244825124910775,0.07815845824411134,06,073,008901,-117.17318402620087,32.772616519650654,coastal
3485.0,104558.0,35.5,2163.0,152.0,335.0,923.0,462.0,Census Tract 89.02; San Diego County; California,06,073,008902,06073008902,0.6206599713055954,0.0436154949784792,0.09612625538020086,0.2648493543758967,0.13256814921090387,06,073,008902,-117.18283133101045,32.76336429268293,coastal
4037.0,112292.0,35.6,2194.0,92.0,581.0,1348.0,248.0,Census Tract 90; San Diego County; California,06,073,009000,06073009000,0.543472875897944,0.02278919990091652,0.14391875154817935,0.3339113202873421,0.06143175625464454,06,073,009000,-117.17871995973154,32.778097033557046,coastal
5334.0,108873.0,43.4,3886.0,67.0,384.0,809.0,302.0,Census Tract 91.01; San Diego County; California,06,073,009101,06073009101,0.7285339332583427,0.012560929883764529,0.0719910011248594,0.15166854143232095,0.05661792275965504,06,073,009101,-117.20326542473117,32.79882313440861,coastal
3923.0,75087.0,30.7,1944.0,104.0,377.0,1478.0,544.0,Census Tract 91.02; San Diego County; California,06,073,009102,06073009102,0.49553912821820034,0.02651032373183788,0.09609992352791231,0.3767524853428499,0.1386693856742289,06,073,009102,-117.19476666666665,32.80242125925926,coastal
4138.0,153807.0,40.3,3309.0,42.0,138.0,442.0,171.0,Census Tract 91.03; San Diego County; California,06,073,009103,06073009103,0.7996616723054616,0.01014983083615273,0.0333494441759304,0.10681488641855968,0.04132431126147897,06,073,009103,-117.19524030392157,32.78792287254902,coastal
2838.0,147586.0,42.7,2417.0,0.0,34.0,322.0,141.0,Census Tract 91.04; San Diego County; California,06,073,009104,06073009104,0.8516560958421423,0.0,0.011980267794221282,0.11346018322762509,0.049682875264270614,06,073,009104,-117.19599043951614,32.78088498387097,coastal
5066.0,75733.0,30.1,3258.0,180.0,908.0,943.0,1426.0,Census Tract 91.07; San Diego County; California,06,073,009107,06073009107,0.6431109356494276,0.035530990919857876,0.17923410975128307,0.18614291354125542,0.28148440584287404,06,073,009107,-117.18825875581396,32.767623953488375,coastal
2064.0,88654.0,40.8,1269.0,18.0,59.0,745.0,123.0,Census Tract 91.08; San Diego County; California,06,073,009108,06073009108,0.6148255813953488,0.00872093023255814,0.028585271317829456,0.36094961240310075,0.059593023255813955,06,073,009108,-117.20263406666668,32.7720196,coastal
3378.0,177500.0,19.4,2212.0,248.0,351.0,781.0,0.0,Census Tract 91.09; San Diego County; California,06,073,009109,06073009109,0.6548253404381291,0.07341622261693309,0.10390763765541741,0.23120189461219656,0.0,06,073,009109,-117.18976662121212,32.77241572727272,coastal
5739.0,82727.0,31.7,3019.0,842.0,805.0,1463.0,456.0,Census Tract 92.01; San Diego County; California,06,073,009201,06073009201,0.5260498344659348,0.14671545565429517,0.1402683394319568,0.25492246035894756,0.07945635128071092,06,073,009201,-117.14625502926829,32.79975260487805,coastal
4302.0,128707.0,34.0,2462.0,183.0,866.0,682.0,581.0,Census Tract 92.03; San Diego County; California,06,073,009203,06073009203,0.5722919572291957,0.042538354253835425,0.201301720130172,0.1585309158530916,0.13505346350534636,06,073,009203,-117.14739246012269,32.780460159509204,coastal
4133.0,163877.0,43.3,2193.0,198.0,547.0,643.0,108.0,Census Tract 92.04; San Diego County; California,06,073,009204,06073009204,0.5306073070408904,0.04790708928139366,0.13234938301475926,0.15557706266634405,0.026131139608032906,06,073,009204,-117.13958481818182,32.791297143939396,coastal
5304.0,106974.0,36.1,2424.0,291.0,795.0,2054.0,422.0,Census Tract 93.01; San Diego County; California,06,073,009301,06073009301,0.45701357466063347,0.05486425339366516,0.1498868778280543,0.3872549019607843,0.07956259426847662,06,073,009301,-117.13438964942529,32.79969612643678,coastal
5262.0,128674.0,34.1,2725.0,200.0,1089.0,823.0,499.0,Census Tract 93.05; San Diego County; California,06,073,009305,06073009305,0.5178639300646142,0.03800836183960471,0.20695553021664767,0.1564044089699734,0.09483086278981376,06,073,009305,-117.12862959638555,32.79040715060241,coastal
5746.0,136375.0,37.3,2809.0,98.0,1783.0,913.0,390.0,Census Tract 93.06; San Diego County; California,06,073,009306,06073009306,0.4888618169161156,0.017055342847198052,0.31030281935259313,0.158893143056039,0.06787330316742081,06,073,009306,-117.12103830898876,32.79983447191012,coastal
4328.0,114604.0,30.3,2488.0,318.0,509.0,918.0,427.0,Census Tract 93.07; San Diego County; California,06,073,009307,06073009307,0.5748613678373382,0.07347504621072089,0.11760628465804067,0.2121072088724584,0.09865988909426987,06,073,009307,-117.13647234549877,32.77442664963504,coastal
4224.0,87995.0,35.2,2441.0,213.0,545.0,1340.0,133.0,Census Tract 93.08; San Diego County; California,06,073,009308,06073009308,0.5778882575757576,0.05042613636363636,0.12902462121212122,0.3172348484848485,0.031486742424242424,06,073,009308,-117.15237170391062,32.77215805586592,coastal
4529.0,86774.0,21.4,2238.0,754.0,126.0,1402.0,144.0,Census Tract 94; San Diego County; California,06,073,009400,06073009400,0.4941488187237801,0.1664826672554648,0.027820710973724884,0.3095606094060499,0.031795098255685585,06,073,009400,-117.12885976043557,32.865907573502724,coastal
4133.0,137218.0,38.5,2510.0,150.0,641.0,647.0,101.0,Census Tract 95.02; San Diego County; California,06,073,009502,06073009502,0.6073070408903943,0.03629324945560126,0.1550931526736027,0.15654488265182676,0.02443745463343818,06,073,009502,-117.11076124285714,32.83295552857143,coastal
6178.0,250001.0,49.8,3524.0,170.0,1520.0,785.0,216.0,Census Tract 95.04; San Diego County; California,06,073,009504,06073009504,0.5704111362900615,0.02751699579151829,0.24603431531239883,0.12706377468436386,0.03496277112334089,06,073,009504,-117.03634490462832,32.89291656802244,coastal
6159.0,111890.0,48.0,4231.0,124.0,1160.0,707.0,327.0,Census Tract 95.05; San Diego County; California,06,073,009505,06073009505,0.686962169183309,0.020133138496509172,0.18834226335444065,0.11479136223412892,0.053093034583536286,06,073,009505,-117.0631056788155,32.8350464214123,coastal
4582.0,154250.0,41.1,3083.0,86.0,440.0,721.0,199.0,Census Tract 95.06; San Diego County; California,06,073,009506,06073009506,0.6728502837189,0.018769096464426014,0.09602793539938892,0.1573548668703623,0.043430816237450896,06,073,009506,-117.09098141064639,32.82410841444867,coastal
3934.0,113875.0,38.8,2627.0,138.0,425.0,757.0,199.0,Census Tract 95.07; San Diego County; California,06,073,009507,06073009507,0.6677681748856126,0.03507880020335536,0.10803253685815964,0.1924250127097102,0.050584646670055924,06,073,009507,-117.07964214338234,32.81819222058824,coastal
5744.0,105272.0,31.2,2992.0,1068.0,597.0,1214.0,131.0,Census Tract 95.09; San Diego County; California,06,073,009509,06073009509,0.520891364902507,0.18593314763231197,0.10393454038997214,0.21135097493036212,0.022806406685236768,06,073,009509,-117.09800978620689,32.804878124137936,coastal
4752.0,57759.0,22.4,3309.0,321.0,39.0,1656.0,534.0,Census Tract 95.10; San Diego County; California,06,073,009510,06073009510,0.6963383838383839,0.06755050505050506,0.008207070707070708,0.3484848484848485,0.11237373737373738,06,073,009510,-117.1083248106509,32.81537941420118,coastal
4283.0,69087.0,17.1,2743.0,603.0,141.0,1214.0,360.0,Census Tract 95.11; San Diego County; California,06,073,009511,06073009511,0.6404389446649544,0.140789166472099,0.03292084987158534,0.28344618258230214,0.08405323371468597,06,073,009511,-117.10813273134329,32.80709718656717,coastal
4083.0,153575.0,41.1,2909.0,76.0,308.0,662.0,229.0,Census Tract 96.02; San Diego County; California,06,073,009602,06073009602,0.7124663237815332,0.01861376438892971,0.0754347293656625,0.1621356845456772,0.056086211119275045,06,073,009602,-117.08369786746988,32.79921022289157,coastal
6270.0,70571.0,35.0,3452.0,584.0,572.0,1812.0,1012.0,Census Tract 96.03; San Diego County; California,06,073,009603,06073009603,0.5505582137161085,0.09314194577352472,0.0912280701754386,0.2889952153110048,0.16140350877192983,06,073,009603,-117.10479507177034,32.78442151674641,coastal
3212.0,90282.0,41.0,2112.0,185.0,439.0,601.0,174.0,Census Tract 96.04; San Diego County; California,06,073,009604,06073009604,0.6575342465753424,0.05759651307596513,0.13667496886674968,0.18711083437110834,0.05417185554171856,06,073,009604,-117.09343358208955,32.78616176119403,coastal
3595.0,132094.0,42.0,2875.0,0.0,135.0,782.0,168.0,Census Tract 97.03; San Diego County; California,06,073,009703,06073009703,0.799721835883171,0.0,0.037552155771905425,0.21752433936022253,0.046731571627260084,06,073,009703,-117.07193188292683,32.79791275121951,coastal
6587.0,114712.0,39.0,4442.0,609.0,378.0,1217.0,528.0,Census Tract 97.04; San Diego County; California,06,073,009704,06073009704,0.6743585850918475,0.0924548352816153,0.057385759829968117,0.18475785638378625,0.08015788674662214,06,073,009704,-117.06346132081913,32.80547120136519,coastal
3700.0,136742.0,38.7,2537.0,101.0,300.0,650.0,117.0,Census Tract 97.05; San Diego County; California,06,073,009705,06073009705,0.6856756756756757,0.027297297297297296,0.08108108108108109,0.17567567567567569,0.031621621621621625,06,073,009705,-117.07126094303797,32.7839925443038,coastal
7197.0,138617.0,43.0,5135.0,66.0,684.0,1413.0,645.0,Census Tract 97.06; San Diego County; California,06,073,009706,06073009706,0.7134917326663888,0.00917048770320967,0.09503959983326386,0.19633180491871613,0.08962067528136723,06,073,009706,-117.05033585263158,32.78699022631579,coastal
5070.0,130543.0,47.8,3801.0,161.0,317.0,852.0,174.0,Census Tract 98.01; San Diego County; California,06,073,009801,06073009801,0.7497041420118343,0.03175542406311637,0.06252465483234713,0.1680473372781065,0.03431952662721893,06,073,009801,-117.03172882183908,32.79967535057472,coastal
7026.0,107429.0,37.5,4480.0,395.0,632.0,1522.0,859.0,Census Tract 98.02; San Diego County; California,06,073,009802,06073009802,0.6376316538571022,0.056219755194990034,0.08995160831198407,0.2166239681184173,0.12226017648733277,06,073,009802,-117.01481446774193,32.7968927983871,coastal
5792.0,148026.0,42.7,3888.0,268.0,711.0,805.0,120.0,Census Tract 98.04; San Diego County; California,06,073,009804,06073009804,0.6712707182320442,0.0462707182320442,0.12275552486187845,0.13898480662983426,0.020718232044198894,06,073,009804,-117.01353019827587,32.80964347413793,coastal
4559.0,101644.0,44.5,3069.0,78.0,224.0,709.0,202.0,Census Tract 98.05; San Diego County; California,06,073,009805,06073009805,0.6731739416538715,0.017109015134898004,0.04913358192586093,0.1555165606492652,0.04430796227242816,06,073,009805,-117.03898875313807,32.81317858158996,coastal
3948.0,101591.0,41.2,1957.0,169.0,693.0,2691.0,220.0,Census Tract 100.01; San Diego County; California,06,073,010001,06073010001,0.49569402228976694,0.042806484295846,0.17553191489361702,0.6816109422492401,0.05572441742654509,06,073,010001,-117.0551622513089,32.587166785340315,coastal
4972.0,98913.0,45.0,1281.0,146.0,884.0,3095.0,494.0,Census Tract 100.03; San Diego County; California,06,073,010003,06073010003,0.2576427996781979,0.029364440868865648,0.17779565567176187,0.6224859211584876,0.09935639581657281,06,073,010003,-117.04583379,32.57885965,coastal
5229.0,105074.0,37.4,2231.0,15.0,497.0,4267.0,417.0,Census Tract 100.04; San Diego County; California,06,073,010004,06073010004,0.4266590170204628,0.002868617326448652,0.09504685408299866,0.8160260087970931,0.07974756167527251,06,073,010004,-117.0555755838926,32.57176945637584,coastal
6443.0,35503.0,41.7,1690.0,71.0,266.0,5768.0,1419.0,Census Tract 100.05; San Diego County; California,06,073,010005,06073010005,0.2623001707279218,0.011019711314604998,0.0412851156293652,0.8952351389104455,0.2202390190904858,06,073,010005,-117.05227557142857,32.563890304761905,coastal
5436.0,74063.0,35.4,1517.0,92.0,131.0,4939.0,559.0,Census Tract 100.09; San Diego County; California,06,073,010009,06073010009,0.27906548933039,0.01692420897718911,0.02409860191317145,0.9085724797645327,0.10283296541574687,06,073,010009,-117.0566198653846,32.54665116025641,coastal
4807.0,65000.0,42.7,1435.0,109.0,577.0,3641.0,594.0,Census Tract 100.10; San Diego County; California,06,073,010010,06073010010,0.2985229873101727,0.0226752652381943,0.12003328479301019,0.7574370709382151,0.12356979405034325,06,073,010010,-117.06217927127659,32.57813748404255,coastal
4472.0,111429.0,40.6,980.0,464.0,445.0,3388.0,262.0,Census Tract 100.11; San Diego County; California,06,073,010011,06073010011,0.21914132379248658,0.1037567084078712,0.09950805008944544,0.7576028622540251,0.05858676207513417,06,073,010011,-117.05566047647059,32.57903111176471,coastal
4605.0,86111.0,38.2,1197.0,52.0,72.0,4363.0,421.0,Census Tract 100.12; San Diego County; California,06,073,010012,06073010012,0.25993485342019546,0.011292073832790446,0.015635179153094463,0.9474484256243214,0.09142236699239957,06,073,010012,-117.05861377027027,32.561871364864864,coastal
4845.0,69459.0,33.1,1316.0,133.0,0.0,4651.0,528.0,Census Tract 100.13; San Diego County; California,06,073,010013,06073010013,0.27162022703818367,0.027450980392156862,0.0,0.9599587203302373,0.10897832817337462,06,073,010013,-117.04684181553398,32.55617953398058,coastal
4646.0,129107.0,35.1,1402.0,470.0,462.0,3545.0,213.0,Census Tract 100.15; San Diego County; California,06,073,010015,06073010015,0.3017649591046061,0.10116229014205769,0.09944037882049074,0.7630219543693499,0.04584588893671976,06,073,010015,-116.91603866970803,32.57016958029197,coastal
6581.0,108042.0,31.8,1661.0,619.0,1163.0,3799.0,501.0,Census Tract 100.17; San Diego County; California,06,073,010017,06073010017,0.25239325330496887,0.09405865370004558,0.1767208630907157,0.5772678924175657,0.07612824798662818,06,073,010017,-117.02538840714286,32.575245949999996,coastal
6695.0,139643.0,27.7,1493.0,539.0,1628.0,3799.0,157.0,Census Tract 100.18; San Diego County; California,06,073,010018,06073010018,0.22300224047796863,0.08050784167289021,0.2431665421956684,0.5674383868558626,0.023450336071695294,06,073,010018,-117.01373348253969,32.57907537460317,coastal
3568.0,131316.0,39.8,862.0,447.0,821.0,1548.0,171.0,Census Tract 100.19; San Diego County; California,06,073,010019,06073010019,0.24159192825112108,0.12528026905829595,0.23010089686098656,0.43385650224215244,0.047926008968609865,06,073,010019,-117.01672316157205,32.5856153580786,coastal
6592.0,57500.0,34.9,2662.0,377.0,388.0,5045.0,1616.0,Census Tract 101.03; San Diego County; California,06,073,010103,06073010103,0.4038228155339806,0.05719053398058253,0.058859223300970875,0.7653216019417476,0.24514563106796117,06,073,010103,-117.10121325547445,32.589520364963505,coastal
3203.0,103315.0,39.1,1399.0,153.0,321.0,1560.0,172.0,Census Tract 101.04; San Diego County; California,06,073,010104,06073010104,0.43677802060568216,0.047767717764595694,0.10021854511395567,0.4870433968154855,0.05369965657196379,06,073,010104,-117.09780774857143,32.568763697142856,coastal
4704.0,50833.0,35.2,1260.0,118.0,251.0,3789.0,1128.0,Census Tract 101.06; San Diego County; California,06,073,010106,06073010106,0.26785714285714285,0.025085034013605442,0.05335884353741496,0.8054846938775511,0.23979591836734693,06,073,010106,-117.07203376666666,32.572764183333334,coastal
5928.0,85875.0,36.9,2160.0,52.0,664.0,3990.0,275.0,Census Tract 101.07; San Diego County; California,06,073,010107,06073010107,0.3643724696356275,0.008771929824561403,0.11201079622132254,0.6730769230769231,0.046390013495276654,06,073,010107,-117.07859124444444,32.58485096444444,coastal
4824.0,104630.0,38.6,1427.0,188.0,410.0,3799.0,229.0,Census Tract 101.09; San Diego County; California,06,073,010109,06073010109,0.29581260364842454,0.03897180762852405,0.08499170812603649,0.7875207296849088,0.047470978441127694,06,073,010109,-117.0821966489796,32.553430326530616,coastal
7368.0,68333.0,34.3,2348.0,140.0,751.0,5379.0,1522.0,Census Tract 101.10; San Diego County; California,06,073,010110,06073010110,0.31867535287730725,0.019001085776330078,0.10192725298588491,0.7300488599348535,0.20656894679695983,06,073,010110,-117.08849581420765,32.572786081967216,coastal
3614.0,59561.0,32.8,1355.0,79.0,31.0,3333.0,598.0,Census Tract 101.11; San Diego County; California,06,073,010111,06073010111,0.3749308245711123,0.021859435528500278,0.00857775318206973,0.9222468179302712,0.16546762589928057,06,073,010111,-117.06609124691359,32.564699790123456,coastal
5241.0,57083.0,30.2,1800.0,311.0,267.0,4101.0,1195.0,Census Tract 101.12; San Diego County; California,06,073,010112,06073010112,0.34344590726960506,0.059339820644915095,0.05094447624499141,0.7824842587292501,0.22800992177065446,06,073,010112,-117.08125204950495,32.56907217821782,coastal
3562.0,108250.0,35.7,2297.0,297.0,243.0,913.0,1072.0,Census Tract 102.01; San Diego County; California,06,073,010201,06073010201,0.6448624368332397,0.08338012352610892,0.06822010106681639,0.2563166760247052,0.3009545199326221,06,073,010201,-117.11920788559323,32.56874763983051,coastal
3473.0,103247.0,38.1,2111.0,85.0,97.0,1654.0,319.0,Census Tract 102.02; San Diego County; California,06,073,010202,06073010202,0.6078318456665707,0.0244745177080334,0.027929743737402823,0.4762453210480852,0.09185142528073711,06,073,010202,-117.1243264890511,32.58020574452555,coastal
4240.0,77722.0,33.9,2253.0,122.0,416.0,1959.0,524.0,Census Tract 103; San Diego County; California,06,073,010300,06073010300,0.5313679245283018,0.028773584905660378,0.09811320754716982,0.46202830188679245,0.12358490566037736,06,073,010300,-117.11442677586207,32.576075594827586,coastal
2150.0,70609.0,37.5,1126.0,40.0,53.0,1246.0,100.0,Census Tract 104.01; San Diego County; California,06,073,010401,06073010401,0.5237209302325582,0.018604651162790697,0.024651162790697675,0.5795348837209302,0.046511627906976744,06,073,010401,-117.10721464130434,32.57869857608696,coastal
5442.0,59227.0,31.8,1910.0,328.0,596.0,3291.0,849.0,Census Tract 104.02; San Diego County; California,06,073,010402,06073010402,0.3509739066519662,0.06027195883866226,0.10951855935317897,0.6047409040793826,0.15600882028665933,06,073,010402,-117.10527839849624,32.57374372180451,coastal
1288.0,118634.0,46.6,792.0,0.0,49.0,370.0,70.0,Census Tract 105.01; San Diego County; California,06,073,010501,06073010501,0.6149068322981367,0.0,0.03804347826086957,0.28726708074534163,0.05434782608695652,06,073,010501,-117.12514302158273,32.585257697841726,coastal
5742.0,65351.0,34.8,2180.0,313.0,311.0,3712.0,1004.0,Census Tract 105.02; San Diego County; California,06,073,010502,06073010502,0.3796586555207245,0.05451062347614072,0.05416231278300244,0.6464646464646465,0.17485196795541624,06,073,010502,-117.11276279640718,32.585754281437126,coastal
1981.0,202692.0,52.2,1425.0,61.0,131.0,440.0,96.0,Census Tract 106.01; San Diego County; California,06,073,010601,06073010601,0.7193336698637052,0.030792529025744572,0.06612821807168097,0.2221100454316002,0.04846037354871277,06,073,010601,-117.12602837837838,32.60490931081081,coastal
2474.0,132000.0,45.9,2069.0,9.0,135.0,406.0,121.0,Census Tract 108; San Diego County; California,06,073,010800,06073010800,0.8362974939369442,0.003637833468067906,0.054567502021018593,0.16410670978173,0.04890864995957963,06,073,010800,-117.18292003030302,32.69042653535353,coastal
1581.0,179063.0,49.0,1379.0,1.0,0.0,175.0,16.0,Census Tract 109; San Diego County; California,06,073,010900,06073010900,0.8722327640733712,0.0006325110689437065,0.0,0.11068943706514864,0.010120177103099304,06,073,010900,-117.17208543209877,32.68599719135803,coastal
2787.0,97237.0,49.0,2218.0,31.0,52.0,502.0,81.0,Census Tract 110; San Diego County; California,06,073,011000,06073011000,0.79583781844277,0.011123071402942232,0.018658055256548258,0.18012199497667744,0.02906350914962325,06,073,011000,-117.17051686813187,32.69212602197802,coastal
3531.0,127050.0,42.4,2833.0,0.0,75.0,563.0,139.0,Census Tract 111; San Diego County; California,06,073,011100,06073011100,0.8023222883035968,0.0,0.021240441801189464,0.15944491645426226,0.03936561880487114,06,073,011100,-117.17952204347826,32.696976641304346,coastal
2386.0,155114.0,22.9,1451.0,230.0,170.0,715.0,18.0,Census Tract 113; San Diego County; California,06,073,011300,06073011300,0.6081307627829002,0.09639564124056998,0.07124895222129086,0.2996647108130763,0.0075440067057837385,06,073,011300,-117.20049453731343,32.695891567164175,coastal
5796.0,69542.0,32.0,2006.0,256.0,292.0,4829.0,1146.0,Census Tract 116.01; San Diego County; California,06,073,011601,06073011601,0.3461007591442374,0.04416839199447895,0.05037957211870255,0.833160800552105,0.19772256728778467,06,073,011601,-117.09560854621849,32.666381689075635,coastal
3671.0,57303.0,33.3,1983.0,181.0,326.0,2615.0,443.0,Census Tract 116.02; San Diego County; California,06,073,011602,06073011602,0.5401797875238354,0.04930536638518115,0.088804140561155,0.7123399618632525,0.12067556524107872,06,073,011602,-117.09431572189348,32.65758731360947,coastal
7376.0,56045.0,38.9,2400.0,289.0,1815.0,4386.0,1005.0,Census Tract 117; San Diego County; California,06,073,011700,06073011700,0.32537960954446854,0.03918112798264642,0.24606832971800432,0.5946312364425163,0.1362527114967462,06,073,011700,-117.09686117816092,32.67391658045977,coastal
3278.0,61146.0,41.9,1036.0,103.0,282.0,2647.0,736.0,Census Tract 118.01; San Diego County; California,06,073,011801,06073011801,0.3160463697376449,0.03142159853569249,0.0860280658938377,0.8075045759609518,0.22452715070164733,06,073,011801,-117.10473634306568,32.681095299270076,coastal
7161.0,57273.0,31.9,1877.0,217.0,994.0,5470.0,1167.0,Census Tract 118.02; San Diego County; California,06,073,011802,06073011802,0.26211422985616534,0.030303030303030304,0.13880742913000976,0.7638597961178606,0.16296606619187265,06,073,011802,-117.09669256790124,32.684766259259256,coastal
6135.0,76685.0,42.8,2156.0,646.0,1137.0,3304.0,538.0,Census Tract 119.02; San Diego County; California,06,073,011902,06073011902,0.35142624286878565,0.10529747351263244,0.18533007334963325,0.5385493072534637,0.08769356153219234,06,073,011902,-117.08020907954545,32.689007787878786,coastal
3319.0,38973.0,39.6,543.0,201.0,1255.0,1472.0,699.0,Census Tract 120.02; San Diego County; California,06,073,012002,06073012002,0.1636034950286231,0.0605604097619765,0.37812594154865925,0.44350708044591747,0.21060560409761978,06,073,012002,-117.07902733944954,32.6819266146789,coastal
2899.0,93438.0,40.6,506.0,25.0,903.0,1604.0,163.0,Census Tract 120.03; San Diego County; California,06,073,012003,06073012003,0.17454294584339428,0.008623663332183512,0.31148671955846846,0.5532942393928941,0.05622628492583649,06,073,012003,-117.0740343604651,32.68114989534884,coastal
2193.0,93824.0,39.0,922.0,85.0,123.0,1700.0,169.0,Census Tract 121.01; San Diego County; California,06,073,012101,06073012101,0.42042863657090745,0.03875968992248062,0.0560875512995896,0.7751937984496124,0.07706338349293206,06,073,012101,-117.0881785703125,32.6642325390625,coastal
2753.0,70125.0,36.2,1263.0,123.0,269.0,1823.0,462.0,Census Tract 121.02; San Diego County; California,06,073,012102,06073012102,0.45877224845622955,0.0446785325099891,0.09771158735924446,0.6621867054122775,0.16781692698873957,06,073,012102,-117.07929263592233,32.66822105339806,coastal
3355.0,60500.0,31.5,1140.0,79.0,237.0,2651.0,494.0,Census Tract 122; San Diego County; California,06,073,012200,06073012200,0.33979135618479883,0.02354694485842027,0.07064083457526081,0.7901639344262295,0.14724292101341283,06,073,012200,-117.07703286885247,32.66317619672131,coastal
1533.0,44750.0,45.5,543.0,49.0,261.0,932.0,282.0,Census Tract 123.02; San Diego County; California,06,073,012302,06073012302,0.3542074363992172,0.0319634703196347,0.17025440313111545,0.6079582517938682,0.18395303326810175,06,073,012302,-117.08038077215191,32.64086112658228,coastal
3847.0,75024.0,40.3,1730.0,88.0,294.0,2130.0,450.0,Census Tract 123.03; San Diego County; California,06,073,012303,06073012303,0.4497010657655316,0.022874967507148427,0.07642318689888225,0.5536781907980244,0.11697426566155446,06,073,012303,-117.07654170229007,32.651533683206104,coastal
4427.0,90300.0,40.7,1981.0,75.0,605.0,2137.0,437.0,Census Tract 123.04; San Diego County; California,06,073,012304,06073012304,0.4474813643550937,0.0169414953693246,0.13666139597921842,0.4827196747232889,0.09871244635193133,06,073,012304,-117.06828427272727,32.6445430959596,coastal
3151.0,81538.0,37.3,750.0,101.0,329.0,2374.0,214.0,Census Tract 124.01; San Diego County; California,06,073,012401,06073012401,0.23801967629324025,0.032053316407489686,0.10441129800063471,0.7534116153602031,0.06791494763567121,06,073,012401,-117.08854627243589,32.65302439423077,coastal
5448.0,64018.0,36.2,2192.0,286.0,261.0,4331.0,895.0,Census Tract 124.02; San Diego County; California,06,073,012402,06073012402,0.4023494860499266,0.05249632892804699,0.04790748898678414,0.794970631424376,0.16428046989720999,06,073,012402,-117.08819599137931,32.64308425862069,coastal
3980.0,43125.0,31.3,1383.0,58.0,52.0,3524.0,1128.0,Census Tract 125.01; San Diego County; California,06,073,012501,06073012501,0.34748743718592967,0.01457286432160804,0.01306532663316583,0.8854271356783919,0.2834170854271357,06,073,012501,-117.09270983333333,32.63324944791667,coastal
4830.0,65625.0,31.0,1364.0,300.0,223.0,3914.0,596.0,Census Tract 125.02; San Diego County; California,06,073,012502,06073012502,0.28240165631469977,0.062111801242236024,0.04616977225672878,0.810351966873706,0.12339544513457557,06,073,012502,-117.10144041269841,32.64308301587302,coastal
4700.0,78017.0,36.3,1676.0,119.0,142.0,3799.0,544.0,Census Tract 126; San Diego County; California,06,073,012600,06073012600,0.3565957446808511,0.025319148936170214,0.03021276595744681,0.8082978723404255,0.11574468085106383,06,073,012600,-117.0960121388889,32.62232428888889,coastal
4882.0,67961.0,35.6,1816.0,418.0,105.0,3547.0,662.0,Census Tract 127; San Diego County; California,06,073,012700,06073012700,0.37197869725522326,0.08562064727570667,0.021507578861122492,0.7265464973371569,0.1356001638672675,06,073,012700,-117.08590931818182,32.63458058441559,coastal
3797.0,84185.0,38.8,1621.0,20.0,179.0,2499.0,276.0,Census Tract 128; San Diego County; California,06,073,012800,06073012800,0.4269159863049776,0.005267316302343956,0.047142480905978404,0.6581511719778773,0.07268896497234659,06,073,012800,-117.07050348387098,32.63597532258065,coastal
3741.0,103438.0,36.3,1812.0,53.0,129.0,2249.0,203.0,Census Tract 129; San Diego County; California,06,073,012900,06073012900,0.4843624699278268,0.014167334937182571,0.034482758620689655,0.6011761561079925,0.05426356589147287,06,073,012900,-117.06617834210527,32.627117914473686,coastal
5526.0,72700.0,40.7,1675.0,435.0,366.0,3979.0,703.0,Census Tract 130; San Diego County; California,06,073,013000,06073013000,0.30311255881288457,0.07871878393051031,0.06623235613463627,0.7200506695620702,0.12721679334057184,06,073,013000,-117.08060477391305,32.62567288695652,coastal
6868.0,64619.0,31.5,1946.0,808.0,178.0,5090.0,682.0,Census Tract 131.02; San Diego County; California,06,073,013102,06073013102,0.2833430401863716,0.11764705882352941,0.025917297612114153,0.7411182294700058,0.09930110658124636,06,073,013102,-117.0663247383721,32.6163231744186,coastal
2485.0,73333.0,34.8,657.0,212.0,62.0,1868.0,338.0,Census Tract 131.03; San Diego County; California,06,073,013103,06073013103,0.26438631790744466,0.08531187122736418,0.024949698189134808,0.7517102615694164,0.13601609657947686,06,073,013103,-117.090065055,32.609426695,coastal
5718.0,54750.0,33.0,1891.0,184.0,143.0,4951.0,642.0,Census Tract 131.04; San Diego County; California,06,073,013104,06073013104,0.33071003847499125,0.03217908359566282,0.025008744316194473,0.8658621895767751,0.11227701993704092,06,073,013104,-117.07799599056604,32.61386316037736,coastal
6020.0,52014.0,40.7,1751.0,53.0,561.0,4774.0,743.0,Census Tract 132.03; San Diego County; California,06,073,013203,06073013203,0.2908637873754153,0.008803986710963455,0.09318936877076411,0.7930232558139535,0.123421926910299,06,073,013203,-117.06427271851851,32.60697767407407,coastal
4522.0,61852.0,40.3,1398.0,0.0,223.0,3847.0,425.0,Census Tract 132.04; San Diego County; California,06,073,013204,06073013204,0.30915524104378594,0.0,0.04931446262715613,0.8507297655904467,0.09398496240601503,06,073,013204,-117.06324655963303,32.59876071559633,coastal
2182.0,61786.0,36.4,876.0,63.0,35.0,1968.0,278.0,Census Tract 132.05; San Diego County; California,06,073,013205,06073013205,0.40146654445462876,0.028872593950504125,0.016040329972502293,0.9019248395967002,0.12740604949587533,06,073,013205,-117.08204566183575,32.59512516425121,coastal
5999.0,52622.0,40.9,2323.0,361.0,219.0,4499.0,1367.0,Census Tract 132.06; San Diego County; California,06,073,013206,06073013206,0.3872312052008668,0.060176696116019335,0.036506084347391235,0.7499583263877313,0.22787131188531423,06,073,013206,-117.07152306111111,32.598639322222226,coastal
4860.0,106645.0,41.0,2662.0,60.0,247.0,2929.0,355.0,Census Tract 133.01; San Diego County; California,06,073,013301,06073013301,0.5477366255144033,0.012345679012345678,0.050823045267489715,0.6026748971193415,0.07304526748971193,06,073,013301,-117.05206627272727,32.62502542045455,coastal
7029.0,100772.0,32.6,4035.0,210.0,151.0,5586.0,513.0,Census Tract 133.02; San Diego County; California,06,073,013302,06073013302,0.5740503627827571,0.02987622705932565,0.021482429933134158,0.7947076397780624,0.07298335467349552,06,073,013302,-117.0501574153846,32.61471884615385,coastal
4593.0,71750.0,41.6,1256.0,37.0,253.0,3707.0,309.0,Census Tract 133.03; San Diego County; California,06,073,013303,06073013303,0.27345961245373396,0.008055736991073372,0.05508382320923144,0.8070977574569997,0.06727629000653168,06,073,013303,-117.05054755263158,32.60817020394737,coastal
4066.0,86563.0,37.2,829.0,175.0,453.0,2953.0,568.0,Census Tract 133.06; San Diego County; California,06,073,013306,06073013306,0.20388588293162813,0.04303984259714708,0.11141170683718643,0.7262666010821446,0.1396950319724545,06,073,013306,-117.04201099270072,32.60164946715329,coastal
4538.0,80156.0,36.2,1652.0,88.0,338.0,3295.0,972.0,Census Tract 133.07; San Diego County; California,06,073,013307,06073013307,0.3640370207139709,0.019391802556192154,0.0744821507271926,0.7260907888937858,0.21419127368884971,06,073,013307,-117.04850024137932,32.59867001149426,coastal
3885.0,95725.0,33.6,1057.0,83.0,105.0,3567.0,380.0,Census Tract 133.08; San Diego County; California,06,073,013308,06073013308,0.27207207207207207,0.021364221364221364,0.02702702702702703,0.9181467181467181,0.0978120978120978,06,073,013308,-117.0521728598726,32.59194663694267,coastal
7211.0,140882.0,36.6,2000.0,641.0,901.0,4372.0,326.0,Census Tract 133.09; San Diego County; California,06,073,013309,06073013309,0.2773540424351685,0.0888919706004715,0.12494799611704341,0.6062959367632783,0.04520870891693247,06,073,013309,-117.03212399497487,32.618831919597994,coastal
2794.0,97188.0,40.6,870.0,4.0,270.0,2069.0,103.0,Census Tract 133.12; San Diego County; California,06,073,013312,06073013312,0.3113815318539728,0.0014316392269148174,0.09663564781675017,0.7405153901216893,0.03686471009305655,06,073,013312,-117.0312381574074,32.602831305555554,coastal
3893.0,139476.0,40.3,943.0,154.0,1127.0,1575.0,328.0,Census Tract 133.15; San Diego County; California,06,073,013315,06073013315,0.2422296429488826,0.03955818135114308,0.2894939635242743,0.4045723092730542,0.08425378885178525,06,073,013315,-116.95958483221476,32.64421506040268,coastal
7733.0,141364.0,34.1,2371.0,386.0,1977.0,3564.0,403.0,Census Tract 133.16; San Diego County; California,06,073,013316,06073013316,0.3066080434501487,0.04991594465278676,0.25565757144704515,0.46088193456614507,0.052114315272210006,06,073,013316,-116.96257426341462,32.63671302439025,coastal
16919.0,139464.0,34.1,4247.0,989.0,5653.0,7816.0,1022.0,Census Tract 133.17; San Diego County; California,06,073,013317,06073013317,0.2510195638040073,0.05845499142975353,0.33412140197411194,0.46196583722442225,0.06040546131568059,06,073,013317,-116.99880118075117,32.60318243661972,coastal
7687.0,151302.0,34.8,1888.0,563.0,2043.0,3553.0,160.0,Census Tract 133.18; San Diego County; California,06,073,013318,06073013318,0.24560947053466892,0.07324053596981918,0.2657733836347079,0.4622089241576688,0.020814361909717704,06,073,013318,-116.97820535833333,32.62474363333333,coastal
8534.0,145256.0,36.4,2488.0,874.0,1586.0,3587.0,356.0,Census Tract 133.19; San Diego County; California,06,073,013319,06073013319,0.2915397234591048,0.10241387391610031,0.1858448558706351,0.4203187250996016,0.0417154909772674,06,073,013319,-116.95286316017315,32.62018588311688,coastal
6850.0,123000.0,30.8,2328.0,673.0,1395.0,2927.0,242.0,Census Tract 133.20; San Diego County; California,06,073,013320,06073013320,0.33985401459854014,0.09824817518248175,0.20364963503649636,0.4272992700729927,0.03532846715328467,06,073,013320,-116.93968893765586,32.6174139276808,coastal
8375.0,148068.0,32.2,2596.0,766.0,2081.0,3752.0,782.0,Census Tract 133.21; San Diego County; California,06,073,013321,06073013321,0.30997014925373134,0.09146268656716418,0.24847761194029852,0.448,0.09337313432835821,06,073,013321,-116.955460825,32.624630825000004,coastal
4594.0,166563.0,34.8,1105.0,480.0,1067.0,1599.0,26.0,Census Tract 133.22; San Diego County; California,06,073,013322,06073013322,0.24053112755768394,0.10448410970831519,0.2322594688724423,0.348062690465825,0.0056595559425337396,06,073,013322,-116.99511036746989,32.62996284939759,coastal
7172.0,167715.0,37.9,1362.0,527.0,1828.0,4085.0,317.0,Census Tract 133.23; San Diego County; California,06,073,013323,06073013323,0.1899051868377022,0.07348020078081428,0.2548800892359175,0.5695761293920804,0.04419966536530954,06,073,013323,-116.97967921126761,32.63703581690141,coastal
2349.0,125244.0,38.5,511.0,370.0,372.0,997.0,3.0,Census Tract 133.24; San Diego County; California,06,073,013324,06073013324,0.2175393784589187,0.15751383567475521,0.1583652618135377,0.42443593018305664,0.001277139208173691,06,073,013324,-116.98460324561403,32.629073859649125,coastal
5764.0,82529.0,30.6,1050.0,1405.0,1141.0,2614.0,724.0,Census Tract 133.25; San Diego County; California,06,073,013325,06073013325,0.18216516308119363,0.24375433726578766,0.19795281054823038,0.4535045107564192,0.12560721721027066,06,073,013325,-116.99379448765433,32.62564225308642,coastal
3860.0,179425.0,43.5,1013.0,12.0,1206.0,2137.0,35.0,Census Tract 133.26; San Diego County; California,06,073,013326,06073013326,0.2624352331606218,0.0031088082901554403,0.3124352331606218,0.5536269430051813,0.009067357512953367,06,073,013326,-117.01679073825504,32.61383675838926,coastal
5851.0,144328.0,36.9,1269.0,209.0,2073.0,2640.0,494.0,Census Tract 133.27; San Diego County; California,06,073,013327,06073013327,0.21688600239275338,0.03572038967697829,0.35429841052811484,0.4512049222355153,0.08443001196376687,06,073,013327,-117.01945398709678,32.620377535483875,coastal
4670.0,134358.0,41.8,2274.0,0.0,135.0,3144.0,286.0,Census Tract 134.01; San Diego County; California,06,073,013401,06073013401,0.48693790149892935,0.0,0.028907922912205567,0.6732334047109207,0.061241970021413274,06,073,013401,-117.0569505154185,32.635940748898676,coastal
6105.0,108590.0,38.8,2421.0,387.0,794.0,2959.0,309.0,Census Tract 134.09; San Diego County; California,06,073,013409,06073013409,0.3965601965601966,0.06339066339066339,0.13005733005733006,0.4846846846846847,0.050614250614250615,06,073,013409,-117.03695194420601,32.63383260085837,coastal
4838.0,158802.0,45.8,2094.0,31.0,599.0,2391.0,207.0,Census Tract 134.11; San Diego County; California,06,073,013411,06073013411,0.43282348077718064,0.0064076064489458455,0.12381149235221166,0.4942124844977263,0.042786275320380325,06,073,013411,-117.01212381205674,32.660044287234044,coastal
5177.0,119348.0,39.9,1796.0,143.0,841.0,2654.0,194.0,Census Tract 134.12; San Diego County; California,06,073,013412,06073013412,0.3469190650956152,0.027622175004829053,0.16244929495847016,0.5126521151245895,0.03747344021634151,06,073,013412,-117.03832213131312,32.64947272222222,coastal
7570.0,143600.0,43.4,2385.0,330.0,1460.0,4503.0,533.0,Census Tract 134.14; San Diego County; California,06,073,013414,06073013414,0.31505944517833556,0.043593130779392336,0.1928665785997358,0.5948480845442536,0.07040951122853369,06,073,013414,-117.01103905645161,32.63262877016129,coastal
1497.0,160804.0,40.9,617.0,6.0,186.0,967.0,4.0,Census Tract 134.15; San Diego County; California,06,073,013415,06073013415,0.4121576486305945,0.004008016032064128,0.12424849699398798,0.6459585838343354,0.0026720106880427524,06,073,013415,-117.0002099197861,32.63726639572193,coastal
4411.0,122210.0,33.8,1512.0,271.0,627.0,2391.0,102.0,Census Tract 134.16; San Diego County; California,06,073,013416,06073013416,0.3427794150986171,0.06143731580140558,0.14214463840399003,0.5420539560190433,0.023124008161414644,06,073,013416,-116.99243005847953,32.64756114035088,coastal
2140.0,152700.0,42.7,859.0,29.0,418.0,1021.0,85.0,Census Tract 134.17; San Diego County; California,06,073,013417,06073013417,0.4014018691588785,0.013551401869158878,0.19532710280373833,0.47710280373831776,0.0397196261682243,06,073,013417,-116.98364710582011,32.659113359788364,coastal
5874.0,82440.0,46.2,2423.0,254.0,1039.0,3121.0,716.0,Census Tract 134.18; San Diego County; California,06,073,013418,06073013418,0.41249574395641814,0.04324140279196459,0.17688117126319375,0.531324480762683,0.12189308818522301,06,073,013418,-116.98066468531468,32.64863768531469,coastal
3202.0,127222.0,35.2,713.0,107.0,590.0,1892.0,292.0,Census Tract 134.20; San Diego County; California,06,073,013420,06073013420,0.2226733291692692,0.033416614615865085,0.18425983760149905,0.5908806995627732,0.09119300437226734,06,073,013420,-117.02159242081449,32.6409128280543,coastal
4133.0,145000.0,42.5,1298.0,84.0,1277.0,2064.0,286.0,Census Tract 134.21; San Diego County; California,06,073,013421,06073013421,0.31405758528913624,0.020324219695136706,0.30897653036535205,0.4993951125090733,0.06919912896201307,06,073,013421,-117.02253975661375,32.64497530687831,coastal
4213.0,149167.0,48.3,1468.0,30.0,671.0,2070.0,158.0,Census Tract 134.22; San Diego County; California,06,073,013422,06073013422,0.3484452883930691,0.007120816520294327,0.15926892950391644,0.49133633990030856,0.03750296700688346,06,073,013422,-117.00621215568863,32.673379868263474,coastal
3315.0,144375.0,38.2,1264.0,181.0,724.0,1631.0,47.0,Census Tract 134.23; San Diego County; California,06,073,013423,06073013423,0.3812971342383107,0.05460030165912519,0.21840120663650076,0.49200603318250374,0.014177978883861237,06,073,013423,-116.98485398839908,32.68464202320186,coastal
6647.0,160263.0,36.7,2401.0,132.0,750.0,4250.0,196.0,Census Tract 134.24; San Diego County; California,06,073,013424,06073013424,0.36121558597863695,0.019858582819316985,0.11283285692793742,0.639386189258312,0.02948698661050098,06,073,013424,-116.961054509901,32.65517873762376,coastal
1987.0,188339.0,46.7,747.0,46.0,276.0,977.0,51.0,Census Tract 134.25; San Diego County; California,06,073,013425,06073013425,0.3759436336185204,0.02315047810770005,0.1389028686462003,0.49169602415702063,0.025666834423754403,06,073,013425,-116.9434166651376,32.652309165137616,coastal
5992.0,99470.0,32.0,3225.0,651.0,238.0,1882.0,719.0,Census Tract 135.03; San Diego County; California,06,073,013503,06073013503,0.5382176234979973,0.10864485981308411,0.0397196261682243,0.31408544726301735,0.11999332443257676,06,073,013503,-116.98337384025558,32.73833723961661,coastal
3991.0,138304.0,40.8,1853.0,568.0,376.0,1086.0,101.0,Census Tract 135.04; San Diego County; California,06,073,013504,06073013504,0.4642946629917314,0.14232022049611626,0.0942119769481333,0.27211225256827865,0.025306940616386872,06,073,013504,-116.9812573258786,32.72489042811502,coastal
5948.0,122422.0,38.2,2646.0,1078.0,315.0,1673.0,823.0,Census Tract 135.05; San Diego County; California,06,073,013505,06073013505,0.4448554135843981,0.1812373907195696,0.052958977807666445,0.281271015467384,0.1383658372562206,06,073,013505,-116.96542348648649,32.7371579945946,coastal
4330.0,102031.0,37.8,1989.0,130.0,313.0,2066.0,570.0,Census Tract 135.06; San Diego County; California,06,073,013506,06073013506,0.45935334872979217,0.03002309468822171,0.07228637413394919,0.4771362586605081,0.13163972286374134,06,073,013506,-116.95903179741379,32.7247829612069,coastal
5475.0,114656.0,41.4,3587.0,300.0,136.0,1933.0,395.0,Census Tract 136.01; San Diego County; California,06,073,013601,06073013601,0.6551598173515982,0.0547945205479452,0.024840182648401828,0.35305936073059363,0.07214611872146119,06,073,013601,-116.9752446858006,32.756226667673715,coastal
6097.0,103606.0,38.5,4441.0,122.0,479.0,784.0,319.0,Census Tract 136.04; San Diego County; California,06,073,013604,06073013604,0.7283910119731015,0.020009840905363292,0.07856322781695917,0.1285878300803674,0.05232081351484336,06,073,013604,-116.91936648058253,32.75342076699029,coastal
6286.0,157344.0,46.7,5092.0,1.0,200.0,712.0,225.0,Census Tract 136.05; San Diego County; California,06,073,013605,06073013605,0.810054088450525,0.0001590836780146357,0.03181673560292714,0.11326757874642061,0.03579382755329303,06,073,013605,-116.95140638840071,32.75880800527241,coastal
2301.0,80885.0,43.8,1737.0,154.0,52.0,310.0,106.0,Census Tract 136.07; San Diego County; California,06,073,013607,06073013607,0.7548891786179922,0.06692742285962625,0.022598870056497175,0.13472403302911778,0.04606692742285962,06,073,013607,-116.95116927853881,32.74687098630137,coastal
3881.0,84926.0,44.5,2893.0,4.0,172.0,667.0,732.0,Census Tract 136.08; San Diego County; California,06,073,013608,06073013608,0.7454264364854419,0.001030662200463798,0.044318474619943315,0.17186292192733832,0.18861118268487503,06,073,013608,-116.93260412258066,32.75074483870968,coastal
2393.0,120464.0,47.9,1805.0,27.0,146.0,687.0,197.0,Census Tract 137.01; San Diego County; California,06,073,013701,06073013701,0.754283326368575,0.011282908483075638,0.061011282908483074,0.287087338069369,0.08232344337651483,06,073,013701,-116.9897371325,32.758679282500005,coastal
5417.0,92566.0,33.3,2802.0,497.0,377.0,2830.0,517.0,Census Tract 137.02; San Diego County; California,06,073,013702,06073013702,0.5172604762783829,0.09174820011076242,0.06959571718663467,0.5224293889606794,0.09544028059811704,06,073,013702,-116.99710412466844,32.73804234217507,coastal
5522.0,82404.0,38.6,2862.0,687.0,386.0,2667.0,1005.0,Census Tract 138.01; San Diego County; California,06,073,013801,06073013801,0.5182904744657733,0.1244114451285766,0.06990220934444041,0.48297718218036945,0.18199927562477364,06,073,013801,-117.00756956569343,32.74926997445255,coastal
3261.0,79583.0,34.1,905.0,572.0,83.0,1918.0,359.0,Census Tract 138.02; San Diego County; California,06,073,013802,06073013802,0.27752223244403557,0.1754063170806501,0.025452315240723705,0.588163140141061,0.11008892977614229,06,073,013802,-117.0091951076923,32.734501123076925,coastal
3928.0,128289.0,34.6,1244.0,216.0,393.0,2082.0,209.0,Census Tract 139.03; San Diego County; California,06,073,013903,06073013903,0.3167006109979633,0.054989816700611,0.10005091649694502,0.530040733197556,0.05320773930753564,06,073,013903,-116.99800642599277,32.704431927797835,coastal
4748.0,127019.0,36.1,1805.0,553.0,517.0,1935.0,155.0,Census Tract 139.05; San Diego County; California,06,073,013905,06073013905,0.38016006739679864,0.11647009267059814,0.10888795282224094,0.40754001684919966,0.03264532434709351,06,073,013905,-116.98994072072072,32.72268776126126,coastal
5022.0,70833.0,35.3,1972.0,624.0,645.0,1930.0,936.0,Census Tract 139.06; San Diego County; California,06,073,013906,06073013906,0.3926722421346077,0.12425328554360812,0.12843488649940263,0.3843090402230187,0.1863799283154122,06,073,013906,-117.00543949560118,32.72783724340176,coastal
3718.0,59621.0,30.2,946.0,611.0,142.0,2532.0,636.0,Census Tract 139.07; San Diego County; California,06,073,013907,06073013907,0.25443786982248523,0.16433566433566432,0.038192576654115115,0.6810112963959117,0.171059709521248,06,073,013907,-117.00382443646407,32.72151156906077,coastal
4133.0,87188.0,33.8,1373.0,677.0,307.0,2108.0,379.0,Census Tract 139.08; San Diego County; California,06,073,013908,06073013908,0.33220421001693684,0.16380353254294702,0.07428018388579724,0.510041132349383,0.09170094362448585,06,073,013908,-117.00490051181102,32.71114103937008,coastal
4872.0,96767.0,45.2,2107.0,269.0,425.0,2308.0,399.0,Census Tract 139.09; San Diego County; California,06,073,013909,06073013909,0.4324712643678161,0.05521346469622332,0.08723316912972086,0.47372742200328405,0.08189655172413793,06,073,013909,-116.98853705235602,32.71209116753926,coastal
5064.0,78529.0,37.3,1943.0,466.0,532.0,2268.0,603.0,Census Tract 140.01; San Diego County; California,06,073,014001,06073014001,0.3836887835703002,0.09202211690363349,0.10505529225908374,0.44786729857819907,0.11907582938388625,06,073,014001,-117.02350300518135,32.73667084455958,coastal
4132.0,77500.0,37.2,1571.0,799.0,328.0,1680.0,475.0,Census Tract 140.02; San Diego County; California,06,073,014002,06073014002,0.3802032913843175,0.19336882865440463,0.07938044530493708,0.40658276863504356,0.11495643756050339,06,073,014002,-117.01938284946237,32.72465244623656,coastal
4050.0,98750.0,41.3,1687.0,280.0,261.0,1628.0,167.0,Census Tract 141.01; San Diego County; California,06,073,014101,06073014101,0.4165432098765432,0.0691358024691358,0.06444444444444444,0.4019753086419753,0.041234567901234566,06,073,014101,-117.03276605319148,32.722853723404256,coastal
3368.0,103617.0,40.5,602.0,910.0,580.0,1528.0,378.0,Census Tract 141.02; San Diego County; California,06,073,014102,06073014102,0.17874109263657958,0.27019002375296913,0.17220902612826602,0.45368171021377673,0.11223277909738717,06,073,014102,-117.03657609424084,32.71671854450262,coastal
7177.0,104693.0,39.3,1919.0,1177.0,1189.0,3208.0,716.0,Census Tract 142; San Diego County; California,06,073,014200,06073014200,0.2673819144489341,0.16399609864846035,0.16566810645116345,0.4469834192559565,0.0997631322279504,06,073,014200,-117.0433103539326,32.72694234269663,coastal
4510.0,87547.0,32.3,1793.0,551.0,287.0,2289.0,494.0,Census Tract 143; San Diego County; California,06,073,014300,06073014300,0.3975609756097561,0.1221729490022173,0.06363636363636363,0.5075388026607539,0.10953436807095343,06,073,014300,-117.04373618181819,32.736831875598085,coastal
4439.0,46250.0,38.9,1581.0,1082.0,54.0,2228.0,644.0,Census Tract 144; San Diego County; California,06,073,014400,06073014400,0.3561612975895472,0.24374859202523091,0.012164902004956072,0.5019148456859653,0.14507772020725387,06,073,014400,-117.0317365830721,32.744339272727274,coastal
4019.0,81058.0,32.5,1703.0,639.0,207.0,1748.0,498.0,Census Tract 145; San Diego County; California,06,073,014500,06073014500,0.42373724807165963,0.15899477481960686,0.05150534958945011,0.43493406319980094,0.1239114207514307,06,073,014500,-117.043326045,32.748078815,coastal
4899.0,71667.0,40.8,2785.0,334.0,153.0,1567.0,852.0,Census Tract 146.01; San Diego County; California,06,073,014601,06073014601,0.5684833639518269,0.06817717901612574,0.031230863441518677,0.31986119616248215,0.17391304347826086,06,073,014601,-117.02969335144927,32.760727347826084,coastal
5300.0,126628.0,35.4,3085.0,626.0,421.0,1333.0,139.0,Census Tract 146.02; San Diego County; California,06,073,014602,06073014602,0.5820754716981132,0.11811320754716981,0.07943396226415095,0.25150943396226416,0.026226415094339622,06,073,014602,-117.0254879673913,32.754203347826085,coastal
3698.0,97788.0,36.4,2202.0,225.0,288.0,926.0,367.0,Census Tract 147.01; San Diego County; California,06,073,014701,06073014701,0.5954570037858302,0.060843699296917256,0.07787993510005409,0.25040562466197946,0.09924283396430503,06,073,014701,-117.03675922162162,32.76445845405405,coastal
4251.0,115790.0,36.6,2702.0,119.0,660.0,850.0,87.0,Census Tract 147.02; San Diego County; California,06,073,014702,06073014702,0.6356151493766172,0.027993413314514232,0.155257586450247,0.19995295224653023,0.020465772759350742,06,073,014702,-117.044487092,32.760196412,coastal
4464.0,72500.0,39.4,3272.0,256.0,136.0,821.0,487.0,Census Tract 148.03; San Diego County; California,06,073,014803,06073014803,0.7329749103942652,0.05734767025089606,0.03046594982078853,0.183915770609319,0.10909498207885304,06,073,014803,-117.02304828673834,32.77913169892473,coastal
4281.0,82625.0,41.3,2763.0,178.0,427.0,593.0,309.0,Census Tract 148.04; San Diego County; California,06,073,014804,06073014804,0.6454099509460406,0.04157907031067508,0.09974305068909134,0.1385190376080355,0.07217939733707078,06,073,014804,-117.03228558333335,32.78487025520833,coastal
5170.0,94479.0,36.2,3305.0,436.0,344.0,1242.0,651.0,Census Tract 148.05; San Diego County; California,06,073,014805,06073014805,0.6392649903288201,0.08433268858800774,0.06653771760154739,0.2402321083172147,0.12591876208897484,06,073,014805,-117.03806767460318,32.77727551190476,coastal
3166.0,64075.0,38.6,1112.0,809.0,390.0,1131.0,843.0,Census Tract 148.06; San Diego County; California,06,073,014806,06073014806,0.35123183828174354,0.255527479469362,0.1231838281743525,0.3572331017056222,0.26626658243840806,06,073,014806,-117.0368435825688,32.77143194954128,coastal
4854.0,82240.0,33.4,2705.0,501.0,251.0,1026.0,506.0,Census Tract 149.01; San Diego County; California,06,073,014901,06073014901,0.5572723526988052,0.10321384425216316,0.051709929954676555,0.21137206427688504,0.10424392253811289,06,073,014901,-117.01143675287356,32.76235564942529,coastal
3004.0,72500.0,46.3,2207.0,127.0,75.0,624.0,148.0,Census Tract 149.02; San Diego County; California,06,073,014902,06073014902,0.7346870838881492,0.042276964047936086,0.024966711051930757,0.20772303595206393,0.0492676431424767,06,073,014902,-117.01314210243902,32.77015443414634,coastal
4466.0,79883.0,31.9,2690.0,141.0,107.0,2095.0,1209.0,Census Tract 150.01; San Diego County; California,06,073,015001,06073015001,0.6023287057769816,0.03157187639946261,0.023958799820868786,0.4690998656515898,0.2707120465741155,06,073,015001,-117.0104141851852,32.78786980952381,coastal
2876.0,59313.0,28.2,1336.0,518.0,79.0,1334.0,510.0,Census Tract 150.02; San Diego County; California,06,073,015002,06073015002,0.46453407510431155,0.18011126564673158,0.027468706536856746,0.46383866481223923,0.17732962447844228,06,073,015002,-117.00690490303029,32.78012607878788,coastal
4937.0,99000.0,36.0,3232.0,175.0,367.0,1193.0,262.0,Census Tract 151; San Diego County; California,06,073,015100,06073015100,0.6546485720072919,0.035446627506582944,0.07433664168523395,0.24164472351630545,0.05306866518128418,06,073,015100,-116.99293239647577,32.78796605286344,coastal
3955.0,154196.0,51.1,3195.0,47.0,131.0,748.0,77.0,Census Tract 152; San Diego County; California,06,073,015200,06073015200,0.8078381795195955,0.01188369152970923,0.033122629582806574,0.18912768647281922,0.019469026548672566,06,073,015200,-116.99046774455445,32.76763123960396,coastal
3591.0,61282.0,41.0,2478.0,312.0,73.0,661.0,911.0,Census Tract 153.01; San Diego County; California,06,073,015301,06073015301,0.6900584795321637,0.08688387635756056,0.020328599275967696,0.18407128933444722,0.25368978000556947,06,073,015301,-116.95829089855073,32.7843621884058,coastal
4448.0,115575.0,46.5,3113.0,197.0,311.0,925.0,203.0,Census Tract 153.02; San Diego County; California,06,073,015302,06073015302,0.6998651079136691,0.04428956834532374,0.06991906474820143,0.2079586330935252,0.045638489208633094,06,073,015302,-116.97399459472422,32.77471238129496,coastal
2700.0,156635.0,45.2,2198.0,46.0,52.0,446.0,64.0,Census Tract 154.03; San Diego County; California,06,073,015403,06073015403,0.8140740740740741,0.017037037037037038,0.01925925925925926,0.16518518518518518,0.023703703703703703,06,073,015403,-116.95065897173144,32.769482215547704,coastal
5653.0,137048.0,42.4,4287.0,0.0,56.0,1315.0,185.0,Census Tract 154.05; San Diego County; California,06,073,015405,06073015405,0.7583583937732178,0.0,0.00990624447196179,0.23261984786838846,0.03272598620201663,06,073,015405,-116.91778884057972,32.77559880289855,coastal
2628.0,153583.0,46.3,1945.0,23.0,25.0,450.0,156.0,Census Tract 154.06; San Diego County; California,06,073,015406,06073015406,0.7401065449010654,0.008751902587519025,0.009512937595129375,0.17123287671232876,0.0593607305936073,06,073,015406,-116.89799649164678,32.77401361575179,coastal
3627.0,46267.0,32.2,2764.0,303.0,32.0,772.0,1108.0,Census Tract 154.07; San Diego County; California,06,073,015407,06073015407,0.7620623104494072,0.08354011579818031,0.008822718500137855,0.21284808381582576,0.3054866280672732,06,073,015407,-116.94604253164556,32.7826911835443,coastal
4107.0,99673.0,48.8,2888.0,116.0,249.0,699.0,293.0,Census Tract 154.08; San Diego County; California,06,073,015408,06073015408,0.7031896761626492,0.02824446067689311,0.0606281957633309,0.1701972242512783,0.07134161188215242,06,073,015408,-116.9378728401254,32.77901982445141,coastal
5591.0,111364.0,45.0,3897.0,119.0,26.0,1249.0,211.0,Census Tract 155.01; San Diego County; California,06,073,015501,06073015501,0.6970130566982651,0.021284206760865676,0.004650330888928635,0.2233947415489179,0.03773922375245931,06,073,015501,-116.85492799475891,32.82020415408805,coastal
3033.0,127120.0,36.0,2290.0,8.0,27.0,781.0,180.0,Census Tract 155.02; San Diego County; California,06,073,015502,06073015502,0.7550280250576986,0.002637652489284537,0.008902077151335312,0.2575008242664029,0.05934718100890208,06,073,015502,-116.83622800490195,32.81193361960785,coastal
5912.0,63974.0,38.9,4453.0,91.0,176.0,1446.0,987.0,Census Tract 156.01; San Diego County; California,06,073,015601,06073015601,0.753213802435724,0.015392422192151556,0.029769959404600813,0.2445872801082544,0.16694857916102843,06,073,015601,-116.92551388317756,32.79202344859813,coastal
2756.0,152917.0,41.7,1968.0,30.0,26.0,689.0,381.0,Census Tract 156.02; San Diego County; California,06,073,015602,06073015602,0.714078374455733,0.01088534107402032,0.009433962264150943,0.25,0.13824383164005805,06,073,015602,-116.90841829106627,32.79525715850144,coastal
6362.0,42750.0,32.9,3365.0,756.0,597.0,1343.0,2149.0,Census Tract 157.01; San Diego County; California,06,073,015701,06073015701,0.5289217227287016,0.11883055642879597,0.09383841559258095,0.21109713926438228,0.3377868594781515,06,073,015701,-116.94171192517007,32.79777636054422,coastal
4730.0,47750.0,36.0,2463.0,341.0,38.0,1855.0,1068.0,Census Tract 157.04; San Diego County; California,06,073,015704,06073015704,0.5207188160676532,0.07209302325581396,0.008033826638477801,0.39217758985200846,0.22579281183932345,06,073,015704,-116.93752819379844,32.79084648837209,coastal
4270.0,60256.0,38.2,2714.0,617.0,308.0,909.0,831.0,Census Tract 157.05; San Diego County; California,06,073,015705,06073015705,0.6355971896955503,0.14449648711943794,0.07213114754098361,0.21288056206088993,0.1946135831381733,06,073,015705,-116.9503832878788,32.79199236363636,coastal
2551.0,33640.0,32.6,1621.0,132.0,0.0,1096.0,758.0,Census Tract 157.06; San Diego County; California,06,073,015706,06073015706,0.6354370834966679,0.051744413955311645,0.0,0.42963543708349666,0.29713837710701685,06,073,015706,-116.94646574626866,32.79094901492537,coastal
3657.0,52212.0,31.3,1778.0,210.0,120.0,1778.0,601.0,Census Tract 158.01; San Diego County; California,06,073,015801,06073015801,0.4861908668307356,0.05742411812961444,0.03281378178835111,0.4861908668307356,0.16434235712332512,06,073,015801,-116.95913989855073,32.797102333333335,coastal
4276.0,62292.0,40.0,2579.0,232.0,213.0,1410.0,855.0,Census Tract 158.02; San Diego County; California,06,073,015802,06073015802,0.6031337698783911,0.05425631431244153,0.04981290926099158,0.32974742750233865,0.1999532273152479,06,073,015802,-116.96036502777778,32.7911600462963,coastal
3751.0,45690.0,27.2,1241.0,219.0,281.0,1958.0,894.0,Census Tract 159.01; San Diego County; California,06,073,015901,06073015901,0.3308451079712077,0.058384430818448414,0.07491335643828312,0.5219941348973607,0.238336443615036,06,073,015901,-116.9695126547619,32.79095723809524,coastal
5435.0,45921.0,33.0,3256.0,214.0,302.0,2060.0,1178.0,Census Tract 159.02; San Diego County; California,06,073,015902,06073015902,0.5990800367985281,0.03937442502299908,0.05556577736890524,0.37902483900643974,0.21674333026678932,06,073,015902,-116.97132469117646,32.783878161764704,coastal
2365.0,100547.0,47.4,1701.0,10.0,59.0,676.0,451.0,Census Tract 160; San Diego County; California,06,073,016000,06073016000,0.7192389006342494,0.004228329809725159,0.024947145877378434,0.2858350951374207,0.19069767441860466,06,073,016000,-116.98155489189189,32.788811320945946,coastal
6412.0,108175.0,37.5,4647.0,55.0,220.0,1401.0,479.0,Census Tract 161; San Diego County; California,06,073,016100,06073016100,0.7247348721147848,0.008577666874610106,0.034310667498440424,0.21849656893325015,0.07470368059887711,06,073,016100,-116.99232796911197,32.79773038610039,coastal
5444.0,142697.0,40.5,4465.0,3.0,94.0,609.0,412.0,Census Tract 162.01; San Diego County; California,06,073,016201,06073016201,0.8201689933872153,0.0005510653930933138,0.017266715650257163,0.11186627479794269,0.07567964731814843,06,073,016201,-116.99259449433963,32.8162167509434,coastal
3923.0,68813.0,30.2,1292.0,1063.0,482.0,1212.0,574.0,Census Tract 162.02; San Diego County; California,06,073,016202,06073016202,0.3293397909762937,0.2709660973744583,0.12286515421871017,0.3089472342594953,0.1463165944430283,06,073,016202,-116.97162352762432,32.8148371077348,coastal
4886.0,64446.0,35.1,2723.0,369.0,292.0,1678.0,1119.0,Census Tract 163.01; San Diego County; California,06,073,016301,06073016301,0.5573065902578797,0.07552189930413426,0.059762586983217354,0.34343020875972163,0.22902169463774047,06,073,016301,-116.95666059541985,32.80200290839694,coastal
5784.0,56154.0,29.8,3249.0,232.0,282.0,1882.0,1590.0,Census Tract 163.02; San Diego County; California,06,073,016302,06073016302,0.5617219917012448,0.040110650069156296,0.0487551867219917,0.32538035961272477,0.274896265560166,06,073,016302,-116.94343171074381,32.802981595041324,coastal
5410.0,110076.0,39.7,4036.0,124.0,190.0,1376.0,413.0,Census Tract 164.01; San Diego County; California,06,073,016401,06073016401,0.7460258780036969,0.022920517560073937,0.03512014787430684,0.2543438077634011,0.07634011090573013,06,073,016401,-116.92716160109289,32.81631067759563,coastal
5428.0,81083.0,35.0,3328.0,723.0,51.0,976.0,591.0,Census Tract 164.03; San Diego County; California,06,073,016403,06073016403,0.6131171702284451,0.1331982313927782,0.00939572586588062,0.1798084008843036,0.10887988209285188,06,073,016403,-116.91044669121813,32.80721028895184,coastal
4092.0,46737.0,38.9,2018.0,409.0,24.0,1559.0,1438.0,Census Tract 164.04; San Diego County; California,06,073,016404,06073016404,0.49315738025415445,0.09995112414467253,0.005865102639296188,0.38098729227761485,0.3514173998044966,06,073,016404,-116.92822125882353,32.80538021176471,coastal
8034.0,66701.0,33.5,4863.0,246.0,479.0,2441.0,1805.0,Census Tract 165.02; San Diego County; California,06,073,016502,06073016502,0.6053024645257655,0.030619865571321882,0.059621608165297484,0.3038337067463281,0.22467015185461786,06,073,016502,-116.94334236216217,32.816970735135136,coastal
2934.0,97955.0,36.2,2031.0,91.0,90.0,938.0,214.0,Census Tract 165.03; San Diego County; California,06,073,016503,06073016503,0.6922290388548057,0.03101567825494206,0.03067484662576687,0.31970006816632585,0.07293796864349011,06,073,016503,-116.95505597500001,32.8222633625,coastal
6734.0,59129.0,32.5,3314.0,1449.0,354.0,2099.0,1235.0,Census Tract 165.04; San Diego County; California,06,073,016504,06073016504,0.49212949212949214,0.2151767151767152,0.05256905256905257,0.3117018117018117,0.1833976833976834,06,073,016504,-116.95552407333334,32.8151898,coastal
3634.0,126731.0,39.9,3029.0,1.0,95.0,782.0,47.0,Census Tract 166.06; San Diego County; California,06,073,016606,06073016606,0.833516785910842,0.000275178866263071,0.026141992294991746,0.21518987341772153,0.012933406714364337,06,073,016606,-117.01137828903654,32.84144826245847,coastal
7054.0,141229.0,41.1,5373.0,0.0,268.0,1382.0,551.0,Census Tract 166.07; San Diego County; California,06,073,016607,06073016607,0.7616954919194783,0.0,0.037992628296002265,0.19591721009356394,0.07811170966827333,06,073,016607,-116.9615824676806,32.854795520912546,coastal
2646.0,133092.0,41.4,2085.0,143.0,101.0,206.0,220.0,Census Tract 166.08; San Diego County; California,06,073,016608,06073016608,0.7879818594104309,0.054043839758125475,0.038170823885109596,0.07785336356764928,0.08314436885865457,06,073,016608,-116.96171379069767,32.86611518023256,coastal
5935.0,122873.0,40.4,4027.0,72.0,116.0,1663.0,422.0,Census Tract 166.09; San Diego County; California,06,073,016609,06073016609,0.6785172704296546,0.012131423757371525,0.019545071609098567,0.2802021903959562,0.07110362257792754,06,073,016609,-116.97576041666667,32.87669996354167,coastal
4560.0,84407.0,37.5,2661.0,134.0,140.0,1460.0,545.0,Census Tract 166.10; San Diego County; California,06,073,016610,06073016610,0.5835526315789473,0.029385964912280703,0.03070175438596491,0.3201754385964912,0.11951754385964912,06,073,016610,-116.97912209395972,32.85811059060403,coastal
1939.0,116667.0,38.4,1466.0,21.0,145.0,270.0,40.0,Census Tract 166.13; San Diego County; California,06,073,016613,06073016613,0.7560598246518824,0.010830324909747292,0.07478081485301702,0.13924703455389376,0.020629190304280558,06,073,016613,-117.00511755319148,32.8470849574468,coastal
3874.0,116658.0,40.9,2799.0,29.0,257.0,495.0,581.0,Census Tract 166.14; San Diego County; California,06,073,016614,06073016614,0.7225090345895715,0.0074858027878162104,0.06633970056788849,0.1277749096541043,0.14997418688693856,06,073,016614,-116.99100674172185,32.84748060927152,coastal
4151.0,131500.0,36.7,2667.0,194.0,223.0,764.0,202.0,Census Tract 166.15; San Diego County; California,06,073,016615,06073016615,0.642495784148398,0.046735726331004576,0.05372199470007227,0.18405203565405925,0.04866297277764394,06,073,016615,-116.97525906024097,32.84663946385542,coastal
3669.0,75469.0,40.2,2209.0,102.0,209.0,1270.0,146.0,Census Tract 166.16; San Diego County; California,06,073,016616,06073016616,0.6020714091032979,0.027800490596892886,0.05696375034069229,0.34614336331425455,0.03979285908967021,06,073,016616,-116.99461110915495,32.82924291197183,coastal
3705.0,46667.0,42.5,2583.0,285.0,74.0,993.0,826.0,Census Tract 166.17; San Diego County; California,06,073,016617,06073016617,0.697165991902834,0.07692307692307693,0.019973009446693658,0.2680161943319838,0.22294197031039137,06,073,016617,-116.97186702325581,32.83514420930233,coastal
3592.0,100000.0,43.6,2811.0,152.0,176.0,629.0,119.0,Census Tract 166.18; San Diego County; California,06,073,016618,06073016618,0.7825723830734966,0.042316258351893093,0.04899777282850779,0.17511135857461024,0.033129175946547886,06,073,016618,-117.02732573655915,32.833349150537636,coastal
4508.0,83976.0,43.5,3100.0,145.0,466.0,662.0,428.0,Census Tract 166.19; San Diego County; California,06,073,016619,06073016619,0.6876663708961845,0.032165039929015087,0.1033717834960071,0.1468500443655723,0.09494232475598935,06,073,016619,-117.0109856686217,32.829202891495605,coastal
2441.0,100000.0,36.0,1791.0,84.0,134.0,449.0,128.0,Census Tract 166.20; San Diego County; California,06,073,016620,06073016620,0.7337156902908644,0.03441212617779599,0.05489553461696026,0.1839410077836952,0.05243752560426055,06,073,016620,-117.00007689361702,32.85805734042553,coastal
4064.0,140250.0,38.5,2715.0,0.0,483.0,514.0,428.0,Census Tract 166.21; San Diego County; California,06,073,016621,06073016621,0.6680610236220472,0.0,0.11884842519685039,0.1264763779527559,0.10531496062992125,06,073,016621,-117.00487849230768,32.86120152564103,coastal
2986.0,107202.0,38.1,2169.0,0.0,175.0,940.0,175.0,Census Tract 167.03; San Diego County; California,06,073,016703,06073016703,0.7263898191560616,0.0,0.058606831882116545,0.31480241125251174,0.058606831882116545,06,073,016703,-116.94689990243901,32.84710969512195,coastal
7549.0,116711.0,35.2,5595.0,79.0,356.0,1773.0,512.0,Census Tract 167.04; San Diego County; California,06,073,016704,06073016704,0.7411577692409591,0.010464962246655185,0.047158564048218304,0.23486554510531196,0.0678235527884488,06,073,016704,-116.94644182442748,32.832044643765904,coastal
4893.0,63523.0,35.7,3450.0,65.0,62.0,1453.0,399.0,Census Tract 167.05; San Diego County; California,06,073,016705,06073016705,0.7050889025137952,0.013284283670549764,0.01267116288575516,0.29695483343552015,0.0815450643776824,06,073,016705,-116.93407938492064,32.849562539682545,coastal
2870.0,82200.0,40.0,2133.0,30.0,66.0,833.0,519.0,Census Tract 167.06; San Diego County; California,06,073,016706,06073016706,0.743205574912892,0.010452961672473868,0.022996515679442508,0.29024390243902437,0.1808362369337979,06,073,016706,-116.93870196534652,32.8405445,coastal
8903.0,85321.0,30.0,6375.0,287.0,96.0,2803.0,1086.0,Census Tract 168.04; San Diego County; California,06,073,016804,06073016804,0.7160507694035718,0.03223632483432551,0.010782882174547904,0.31483769515893517,0.12198135459957318,06,073,016804,-116.91117163483146,32.86163815168539,coastal
4172.0,83060.0,38.1,2592.0,22.0,126.0,1532.0,510.0,Census Tract 168.06; San Diego County; California,06,073,016806,06073016806,0.6212847555129435,0.0052732502396931925,0.030201342281879196,0.36720997123681687,0.12224352828379674,06,073,016806,-116.92818695804196,32.828402968531464,coastal
8221.0,116955.0,42.8,6175.0,32.0,346.0,1717.0,719.0,Census Tract 168.07; San Diego County; California,06,073,016807,06073016807,0.7511251672545919,0.003892470502371974,0.04208733730689697,0.20885537039289623,0.0874589466001703,06,073,016807,-116.92104420842571,32.83481472727273,coastal
5539.0,82206.0,38.1,3184.0,125.0,923.0,1608.0,857.0,Census Tract 168.09; San Diego County; California,06,073,016809,06073016809,0.5748330023469941,0.022567250406210507,0.16663657699945839,0.29030510922549196,0.15472106878497924,06,073,016809,-116.89689873350923,32.82991191029024,coastal
2980.0,145268.0,40.6,2183.0,0.0,50.0,567.0,201.0,Census Tract 168.10; San Diego County; California,06,073,016810,06073016810,0.7325503355704698,0.0,0.016778523489932886,0.19026845637583892,0.0674496644295302,06,073,016810,-116.91026915492958,32.84804281220657,coastal
4770.0,120107.0,43.6,3787.0,159.0,143.0,748.0,362.0,Census Tract 168.11; San Diego County; California,06,073,016811,06073016811,0.7939203354297694,0.03333333333333333,0.029979035639413,0.15681341719077568,0.07589098532494759,06,073,016811,-116.8970442182891,32.846677666666665,coastal
2793.0,79861.0,60.6,2203.0,48.0,153.0,184.0,221.0,Census Tract 168.12; San Diego County; California,06,073,016812,06073016812,0.7887576083064805,0.017185821697099892,0.05477980665950591,0.06587898317221626,0.07912638739706408,06,073,016812,-116.84922045,32.867516255434786,coastal
3287.0,102813.0,50.0,2720.0,0.0,0.0,417.0,315.0,Census Tract 168.13; San Diego County; California,06,073,016813,06073016813,0.8275022817158503,0.0,0.0,0.12686340127776088,0.09583206571341649,06,073,016813,-116.86720327854671,32.86124930968858,coastal
7227.0,119669.0,41.0,6000.0,291.0,50.0,1563.0,297.0,Census Tract 169.01; San Diego County; California,06,073,016901,06073016901,0.8302200083022001,0.0402656704026567,0.006918500069185001,0.21627231216272313,0.0410958904109589,06,073,016901,-116.95496056103896,32.90956825714286,coastal
2395.0,116250.0,50.0,1624.0,81.0,27.0,628.0,229.0,Census Tract 169.02; San Diego County; California,06,073,016902,06073016902,0.6780793319415449,0.03382045929018789,0.01127348643006263,0.26221294363256786,0.09561586638830898,06,073,016902,-116.84623355460218,32.94075208892356,coastal
3214.0,170500.0,50.3,2413.0,201.0,141.0,468.0,216.0,Census Tract 170.06; San Diego County; California,06,073,017006,06073017006,0.7507778469197262,0.06253889234598631,0.04387056627255756,0.14561294337274425,0.0672059738643435,06,073,017006,-117.05016927004219,33.01157550210971,coastal
4071.0,98403.0,39.8,2416.0,103.0,446.0,780.0,64.0,Census Tract 170.09; San Diego County; California,06,073,017009,06073017009,0.5934659788749693,0.0253009088676001,0.10955539179562761,0.1915991156963891,0.015720953082780643,06,073,017009,-117.02854653149606,32.96707853543307,coastal
3057.0,201875.0,40.3,2066.0,10.0,255.0,359.0,87.0,Census Tract 170.10; San Diego County; California,06,073,017010,06073017010,0.6758259731763167,0.0032711808963035655,0.08341511285574092,0.11743539417729801,0.02845927379784102,06,073,017010,-116.98988355866899,32.955434633975486,coastal
2612.0,82549.0,73.1,2141.0,18.0,306.0,159.0,221.0,Census Tract 170.14; San Diego County; California,06,073,017014,06073017014,0.8196784073506891,0.006891271056661562,0.11715160796324656,0.0608728943338438,0.08460949464012252,06,073,017014,-117.0687752838983,33.015669300847456,coastal
4273.0,99048.0,35.2,1600.0,82.0,1803.0,534.0,287.0,Census Tract 170.18; San Diego County; California,06,073,017018,06073017018,0.3744441844137608,0.019190264451205242,0.42195179031125674,0.12497074654809268,0.06716592557921834,06,073,017018,-117.10151750190114,32.963560904942966,coastal
4097.0,175114.0,44.8,3047.0,95.0,529.0,371.0,216.0,Census Tract 170.20; San Diego County; California,06,073,017020,06073017020,0.7437149133512326,0.02318769831584086,0.12911886746399806,0.09055406394923114,0.052721503539175006,06,073,017020,-117.00380735271013,33.041288165750196,coastal
3228.0,201450.0,54.5,2137.0,56.0,105.0,741.0,233.0,Census Tract 170.21; San Diego County; California,06,073,017021,06073017021,0.6620198265179678,0.01734820322180917,0.032527881040892194,0.2295539033457249,0.07218091697645601,06,073,017021,-116.99229955102041,33.01140003153989,coastal
5545.0,129265.0,41.4,3804.0,105.0,809.0,515.0,127.0,Census Tract 170.22; San Diego County; California,06,073,017022,06073017022,0.6860234445446348,0.018935978358881875,0.14589720468890893,0.09287646528403967,0.02290351668169522,06,073,017022,-117.10193463385826,32.905975712598426,coastal
3451.0,151125.0,38.1,1975.0,24.0,743.0,647.0,110.0,Census Tract 170.31; San Diego County; California,06,073,017031,06073017031,0.5722978846711099,0.006954505940307157,0.21529991306867574,0.1874818893074471,0.03187481889307447,06,073,017031,-117.08583931012659,33.02933293670886,coastal
5723.0,170805.0,39.3,2881.0,60.0,1933.0,822.0,163.0,Census Tract 170.33; San Diego County; California,06,073,017033,06073017033,0.503407303861611,0.010484011881880133,0.33775991612790496,0.14363096278175783,0.02848156561244103,06,073,017033,-117.1204967712177,32.97470291143912,coastal
5775.0,117382.0,37.2,3329.0,110.0,1426.0,809.0,136.0,Census Tract 170.34; San Diego County; California,06,073,017034,06073017034,0.5764502164502164,0.01904761904761905,0.24692640692640694,0.1400865800865801,0.02354978354978355,06,073,017034,-117.09082261009175,32.98968310550459,coastal
3406.0,129861.0,34.7,1602.0,340.0,945.0,376.0,564.0,Census Tract 170.35; San Diego County; California,06,073,017035,06073017035,0.4703464474456841,0.09982384028185555,0.27745155607751026,0.1103934233705226,0.1655901350557839,06,073,017035,-117.09534375,32.97584540116279,coastal
2993.0,129979.0,40.3,1619.0,45.0,985.0,300.0,96.0,Census Tract 170.36; San Diego County; California,06,073,017036,06073017036,0.5409288339458737,0.015035081857667892,0.32910123621784165,0.10023387905111927,0.03207484129635817,06,073,017036,-117.12309916058393,32.96095174452555,coastal
5400.0,125909.0,37.9,2974.0,52.0,1427.0,864.0,401.0,Census Tract 170.37; San Diego County; California,06,073,017037,06073017037,0.5507407407407408,0.00962962962962963,0.26425925925925925,0.16,0.07425925925925926,06,073,017037,-117.11751252307693,32.948676117948715,coastal
6693.0,123836.0,38.9,3794.0,113.0,2156.0,430.0,400.0,Census Tract 170.39; San Diego County; California,06,073,017039,06073017039,0.5668608994471837,0.016883310921858657,0.32212759599581653,0.06424622740176304,0.05976393246675631,06,073,017039,-117.0868370557769,32.958896585657364,coastal
4391.0,150208.0,41.0,2101.0,175.0,1310.0,317.0,263.0,Census Tract 170.40; San Diego County; California,06,073,017040,06073017040,0.4784787064450011,0.039854247324071966,0.29833750854019586,0.07219312229560465,0.059895240264176725,06,073,017040,-117.05590028294574,32.968585209302326,coastal
5697.0,141361.0,39.5,3505.0,198.0,866.0,911.0,107.0,Census Tract 170.41; San Diego County; California,06,073,017041,06073017041,0.6152360891697385,0.03475513428120063,0.15200982973494823,0.15990872388976654,0.018781814990345796,06,073,017041,-117.0444719771987,32.96833723452769,coastal
5963.0,192895.0,38.1,2041.0,185.0,2265.0,1077.0,289.0,Census Tract 170.43; San Diego County; California,06,073,017043,06073017043,0.3422773771591481,0.0310246520207949,0.37984236122757004,0.18061378500754655,0.04846553748113366,06,073,017043,-117.10444277310926,32.92674842857143,coastal
5584.0,197917.0,39.8,2355.0,0.0,2429.0,594.0,157.0,Census Tract 170.44; San Diego County; California,06,073,017044,06073017044,0.42174068767908307,0.0,0.43499283667621774,0.10637535816618911,0.028116045845272206,06,073,017044,-117.07655593586006,32.927331603498544,coastal
2276.0,228250.0,49.0,1077.0,24.0,977.0,110.0,45.0,Census Tract 170.45; San Diego County; California,06,073,017045,06073017045,0.47319859402460457,0.01054481546572935,0.42926186291739893,0.048330404217926184,0.01977152899824253,06,073,017045,-117.06760762068964,32.92853945517241,coastal
3858.0,174526.0,45.7,1911.0,24.0,1395.0,271.0,134.0,Census Tract 170.46; San Diego County; California,06,073,017046,06073017046,0.4953343701399689,0.006220839813374806,0.36158631415241055,0.07024364955935718,0.03473302229134267,06,073,017046,-117.09285165406978,32.9180642383721,coastal
4500.0,180729.0,45.1,3501.0,0.0,689.0,331.0,30.0,Census Tract 170.47; San Diego County; California,06,073,017047,06073017047,0.778,0.0,0.15311111111111111,0.07355555555555555,0.006666666666666667,06,073,017047,-117.07729918243243,32.91542994256757,coastal
6281.0,98036.0,37.7,3210.0,37.0,974.0,1952.0,487.0,Census Tract 170.48; San Diego County; California,06,073,017048,06073017048,0.5110651170195829,0.005890781722655628,0.15507084859098869,0.31077853844929154,0.07753542429549434,06,073,017048,-117.05461343165467,32.94663565827338,coastal
2793.0,107917.0,38.6,1566.0,72.0,268.0,711.0,255.0,Census Tract 170.49; San Diego County; California,06,073,017049,06073017049,0.560687432867884,0.02577873254564984,0.09595417114214107,0.2545649838882922,0.09129967776584318,06,073,017049,-117.03057008478804,32.945750431421445,coastal
2958.0,108424.0,38.9,1421.0,212.0,662.0,742.0,343.0,Census Tract 170.50; San Diego County; California,06,073,017050,06073017050,0.4803921568627451,0.07167004732927654,0.22379986477349562,0.2508451656524679,0.11595672751859365,06,073,017050,-117.06463482995952,32.97351598380567,coastal
4813.0,129468.0,47.1,2980.0,213.0,1016.0,408.0,201.0,Census Tract 170.51; San Diego County; California,06,073,017051,06073017051,0.6191564512777893,0.04425514232287554,0.211094951173904,0.08477041346353625,0.041761894868065655,06,073,017051,-117.06894474906368,33.005343737827715,coastal
4921.0,126588.0,42.2,2319.0,285.0,1854.0,491.0,24.0,Census Tract 170.52; San Diego County; California,06,073,017052,06073017052,0.47124568177199755,0.05791505791505792,0.3767526925421662,0.09977646819752083,0.004877057508636456,06,073,017052,-117.07433670588236,33.00465685067873,coastal
3687.0,210104.0,46.0,2993.0,10.0,281.0,307.0,58.0,Census Tract 170.53; San Diego County; California,06,073,017053,06073017053,0.811771087605099,0.0027122321670735015,0.0762137238947654,0.0832655275291565,0.015730946569026308,06,073,017053,-117.0320889308943,32.99843434349594,coastal
5839.0,159044.0,44.0,4024.0,193.0,645.0,704.0,159.0,Census Tract 170.54; San Diego County; California,06,073,017054,06073017054,0.6891591025860593,0.03305360506936119,0.11046412056859051,0.12056859051207398,0.0272306901866758,06,073,017054,-117.04287276296297,32.99204818333334,coastal
5037.0,159434.0,40.4,2219.0,54.0,2071.0,374.0,88.0,Census Tract 170.55; San Diego County; California,06,073,017055,06073017055,0.44054000397061743,0.01072066706372841,0.41115743498113955,0.07425054595989676,0.017470716696446297,06,073,017055,-117.07558643617021,32.977779659574466,coastal
4321.0,111167.0,38.7,2035.0,155.0,1413.0,701.0,316.0,Census Tract 170.56; San Diego County; California,06,073,017056,06073017056,0.47095579726915066,0.03587132608192548,0.3270076371210368,0.16223096505438556,0.07313121962508679,06,073,017056,-117.08278839148936,32.9781926212766,coastal
3831.0,173750.0,47.7,2366.0,62.0,761.0,229.0,161.0,Census Tract 170.57; San Diego County; California,06,073,017057,06073017057,0.6175933176716262,0.0161837640302793,0.19864265204907336,0.0597755155311929,0.04202558078830593,06,073,017057,-117.06861659740261,33.031824171428575,coastal
4284.0,139076.0,38.7,2401.0,89.0,584.0,968.0,233.0,Census Tract 170.58; San Diego County; California,06,073,017058,06073017058,0.5604575163398693,0.020774976657329598,0.13632119514472454,0.22595704948646125,0.05438842203548086,06,073,017058,-117.07239598391422,33.03726430294906,coastal
3498.0,89516.0,66.0,2689.0,66.0,403.0,205.0,338.0,Census Tract 170.59; San Diego County; California,06,073,017059,06073017059,0.7687249857061178,0.018867924528301886,0.11520869068038879,0.058604917095483135,0.09662664379645512,06,073,017059,-117.05582024215246,33.03052667713004,coastal
3222.0,121205.0,60.6,2402.0,55.0,451.0,308.0,303.0,Census Tract 170.60; San Diego County; California,06,073,017060,06073017060,0.7454996896337679,0.01707014276846679,0.13997517070142768,0.09559279950341402,0.09404096834264432,06,073,017060,-117.04631920292887,33.04882643096234,coastal
3335.0,160126.0,55.0,2208.0,0.0,597.0,71.0,300.0,Census Tract 170.61; San Diego County; California,06,073,017061,06073017061,0.6620689655172414,0.0,0.17901049475262368,0.021289355322338832,0.08995502248875563,06,073,017061,-117.17259877913044,32.994793505217395,coastal
4976.0,246078.0,43.8,2928.0,141.0,953.0,463.0,129.0,Census Tract 170.62; San Diego County; California,06,073,017062,06073017062,0.5884244372990354,0.028336012861736336,0.1915192926045016,0.09304662379421222,0.02592443729903537,06,073,017062,-117.17662781724846,32.9871400862423,coastal
4346.0,121015.0,48.9,2636.0,202.0,794.0,361.0,106.0,Census Tract 170.63; San Diego County; California,06,073,017063,06073017063,0.6065347445927289,0.046479521398987575,0.18269673262770364,0.08306488725264612,0.024390243902439025,06,073,017063,-117.08262644783716,33.0406764783715,coastal
8518.0,208167.0,38.7,3948.0,0.0,3994.0,221.0,63.0,Census Tract 170.64; San Diego County; California,06,073,017064,06073017064,0.46348908194411836,0.0,0.4688894106597793,0.025945057525240667,0.007396102371448697,06,073,017064,-117.11217919680851,33.027711819148934,coastal
10060.0,192317.0,36.3,5085.0,0.0,3363.0,1100.0,356.0,Census Tract 170.65; San Diego County; California,06,073,017065,06073017065,0.5054671968190855,0.0,0.33429423459244534,0.10934393638170974,0.035387673956262425,06,073,017065,-117.13197246381579,33.00911997697368,coastal
5405.0,197794.0,38.1,3767.0,90.0,948.0,120.0,547.0,Census Tract 170.66; San Diego County; California,06,073,017066,06073017066,0.6969472710453284,0.016651248843663275,0.1753931544865865,0.022201665124884366,0.10120259019426457,06,073,017066,-117.12237486902656,33.03164632300885,coastal
2894.0,223977.0,42.8,1142.0,19.0,1303.0,389.0,220.0,Census Tract 170.67; San Diego County; California,06,073,017067,06073017067,0.3946095369730477,0.0065653075328265375,0.4502418797512094,0.13441603317208017,0.07601935038009675,06,073,017067,-117.07228911935483,32.94255173225807,coastal
4736.0,145313.0,39.2,1896.0,88.0,1746.0,606.0,215.0,Census Tract 170.68; San Diego County; California,06,073,017068,06073017068,0.40033783783783783,0.018581081081081082,0.3686655405405405,0.12795608108108109,0.04539695945945946,06,073,017068,-117.09090035714286,32.940046372180454,coastal
2337.0,186625.0,35.1,1421.0,173.0,558.0,181.0,46.0,Census Tract 170.69; San Diego County; California,06,073,017069,06073017069,0.6080445014976466,0.0740265297389816,0.23876765083440307,0.07744972186563971,0.019683354728284124,06,073,017069,-117.08579494444444,33.00624222222222,coastal
5322.0,195865.0,36.0,1901.0,143.0,2425.0,634.0,254.0,Census Tract 170.70; San Diego County; California,06,073,017070,06073017070,0.35719654265313794,0.026869597895527998,0.45565576850807965,0.11912814731304021,0.04772641863960917,06,073,017070,-117.11677850854701,33.010204987179485,coastal
5485.0,194196.0,41.7,1940.0,212.0,1669.0,313.0,61.0,Census Tract 170.71; San Diego County; California,06,073,017071,06073017071,0.3536918869644485,0.038650865998176846,0.30428441203281675,0.05706472196900638,0.011121239744758432,06,073,017071,-117.09619095705521,33.01123301226994,coastal
3748.0,136468.0,46.4,3020.0,0.0,58.0,595.0,214.0,Census Tract 171.04; San Diego County; California,06,073,017104,06073017104,0.8057630736392742,0.0,0.015474919957310566,0.15875133404482392,0.057097118463180364,06,073,017104,-117.24036841525424,33.04897054661017,coastal
4331.0,242625.0,50.3,3278.0,56.0,209.0,471.0,144.0,Census Tract 171.06; San Diego County; California,06,073,017106,06073017106,0.7568690833525744,0.012930039251904871,0.048256753636573536,0.10875086585084276,0.0332486723620411,06,073,017106,-117.2048501967655,33.02127131895777,coastal
3146.0,199063.0,41.2,2259.0,0.0,434.0,332.0,157.0,Census Tract 171.07; San Diego County; California,06,073,017107,06073017107,0.7180546726001271,0.0,0.13795295613477432,0.10553083280356007,0.04990464081373172,06,073,017107,-117.25077781707317,33.06249059349594,inland
4336.0,165893.0,44.8,3701.0,30.0,199.0,226.0,237.0,Census Tract 171.08; San Diego County; California,06,073,017108,06073017108,0.8535516605166051,0.006918819188191882,0.045894833948339486,0.05212177121771218,0.05465867158671587,06,073,017108,-117.25147659999999,33.053778413043474,inland
6400.0,237402.0,41.5,4800.0,69.0,525.0,918.0,88.0,Census Tract 171.09; San Diego County; California,06,073,017109,06073017109,0.75,0.01078125,0.08203125,0.1434375,0.01375,06,073,017109,-117.23075924157303,33.075895283707865,coastal
4321.0,195667.0,53.0,3098.0,21.0,122.0,986.0,82.0,Census Tract 171.11; San Diego County; California,06,073,017111,06073017111,0.7169636658180977,0.004859986114325388,0.02823420504512844,0.22818791946308725,0.01897708863688961,06,073,017111,-117.1848603280881,33.05245702911093,coastal
2268.0,201667.0,43.7,1606.0,18.0,322.0,360.0,55.0,Census Tract 171.12; San Diego County; California,06,073,017112,06073017112,0.7081128747795414,0.007936507936507936,0.1419753086419753,0.15873015873015872,0.024250440917107582,06,073,017112,-117.18718254084799,33.07647730299897,coastal
5544.0,125595.0,34.8,3165.0,51.0,624.0,1626.0,64.0,Census Tract 171.13; San Diego County; California,06,073,017113,06073017113,0.5708874458874459,0.0091991341991342,0.11255411255411256,0.29329004329004327,0.011544011544011544,06,073,017113,-117.21148097222223,33.07987470416666,coastal
2266.0,193348.0,55.3,1876.0,82.0,25.0,114.0,65.0,Census Tract 172.01; San Diego County; California,06,073,017201,06073017201,0.8278905560458959,0.03618711385701677,0.011032656663724626,0.05030891438658429,0.028684907325684024,06,073,017201,-117.26517464528303,32.95998469056604,inland
1655.0,179018.0,58.1,1466.0,0.0,54.0,75.0,31.0,Census Tract 172.02; San Diego County; California,06,073,017202,06073017202,0.8858006042296073,0.0,0.03262839879154079,0.045317220543806644,0.018731117824773415,06,073,017202,-117.26308690969901,32.96457984949833,inland
3582.0,119558.0,47.2,2430.0,41.0,313.0,182.0,193.0,Census Tract 173.03; San Diego County; California,06,073,017303,06073017303,0.678391959798995,0.011446119486320492,0.08738135120044668,0.05080960357342267,0.053880513679508656,06,073,017303,-117.27021028282829,33.00180210606061,inland
3344.0,168889.0,47.7,2880.0,12.0,205.0,249.0,180.0,Census Tract 173.05; San Diego County; California,06,073,017305,06073017305,0.861244019138756,0.0035885167464114833,0.06130382775119617,0.07446172248803828,0.05382775119617225,06,073,017305,-117.24114557370517,33.002030573705184,coastal
2564.0,224514.0,52.4,2221.0,24.0,170.0,158.0,17.0,Census Tract 173.06; San Diego County; California,06,073,017306,06073017306,0.8662246489859594,0.0093603744149766,0.06630265210608424,0.06162246489859594,0.006630265210608425,06,073,017306,-117.23472028260869,32.991396467391304,coastal
2158.0,143417.0,53.2,1953.0,16.0,28.0,377.0,121.0,Census Tract 173.07; San Diego County; California,06,073,017307,06073017307,0.9050046339202966,0.0074142724745134385,0.012974976830398516,0.1746987951807229,0.056070435588507876,06,073,017307,-117.26616952916667,32.9868602625,inland
2288.0,113239.0,46.1,1879.0,0.0,53.0,603.0,211.0,Census Tract 173.08; San Diego County; California,06,073,017308,06073017308,0.8212412587412588,0.0,0.023164335664335664,0.26354895104895104,0.09222027972027973,06,073,017308,-117.26167561057693,32.98521312019231,inland
4339.0,151518.0,54.3,3374.0,0.0,374.0,509.0,90.0,Census Tract 174.03; San Diego County; California,06,073,017403,06073017403,0.7775985250057617,0.0,0.08619497580087578,0.11730813551509564,0.020742106476146577,06,073,017403,-117.253627105919,33.034943161993766,inland
4446.0,138403.0,33.5,2732.0,0.0,151.0,1924.0,1370.0,Census Tract 174.05; San Diego County; California,06,073,017405,06073017405,0.614484930274404,0.0,0.03396311291048133,0.4327485380116959,0.3081421502474134,06,073,017405,-117.27163275187971,33.03090584210526,inland
2929.0,161331.0,47.3,2573.0,78.0,118.0,367.0,129.0,Census Tract 174.06; San Diego County; California,06,073,017406,06073017406,0.8784568111983612,0.026630249231819735,0.0402867872994196,0.12529873677022874,0.04404233526800956,06,073,017406,-117.263738772,33.026169872,inland
3282.0,192468.0,44.1,2747.0,0.0,108.0,224.0,78.0,Census Tract 174.07; San Diego County; California,06,073,017407,06073017407,0.8369896404631323,0.0,0.03290676416819013,0.06825106642291286,0.02376599634369287,06,073,017407,-117.28250606586826,33.02665692215569,inland
2530.0,119028.0,35.6,2084.0,0.0,96.0,222.0,132.0,Census Tract 174.08; San Diego County; California,06,073,017408,06073017408,0.8237154150197629,0.0,0.037944664031620556,0.08774703557312254,0.05217391304347826,06,073,017408,-117.27479739759036,33.01696742168675,inland
2750.0,145357.0,44.6,2325.0,56.0,27.0,155.0,232.0,Census Tract 175.01; San Diego County; California,06,073,017501,06073017501,0.8454545454545455,0.020363636363636365,0.009818181818181818,0.056363636363636366,0.08436363636363636,06,073,017501,-117.29084633793103,33.041468,inland
3371.0,118611.0,42.2,2209.0,45.0,172.0,1091.0,321.0,Census Tract 175.02; San Diego County; California,06,073,017502,06073017502,0.6552951646395728,0.013349154553544943,0.051023435182438445,0.32364283595372295,0.0952239691486206,06,073,017502,-117.27630152023121,33.0436892716763,inland
5221.0,171310.0,56.8,4209.0,45.0,255.0,624.0,200.0,Census Tract 176.01; San Diego County; California,06,073,017601,06073017601,0.8061674008810573,0.008619038498371959,0.0488412181574411,0.11951733384409118,0.03830683777054204,06,073,017601,-117.28531891773778,33.07376784832905,inland
2941.0,182361.0,45.7,2497.0,11.0,52.0,351.0,84.0,Census Tract 176.03; San Diego County; California,06,073,017603,06073017603,0.8490309418565114,0.003740224413464808,0.01768106086365182,0.11934716082964977,0.02856171370282217,06,073,017603,-117.29135805633803,33.058237704225355,inland
3745.0,135797.0,40.5,2768.0,18.0,228.0,911.0,258.0,Census Tract 176.05; San Diego County; California,06,073,017605,06073017605,0.7391188251001335,0.004806408544726302,0.06088117489986649,0.24325767690253672,0.06889185580774365,06,073,017605,-117.27578024528302,33.05759548742139,inland
3600.0,97412.0,44.3,3161.0,74.0,27.0,459.0,216.0,Census Tract 176.06; San Diego County; California,06,073,017606,06073017606,0.8780555555555556,0.020555555555555556,0.0075,0.1275,0.06,06,073,017606,-117.26904186842106,33.054267190789474,inland
5706.0,124833.0,38.2,4548.0,16.0,196.0,1015.0,562.0,Census Tract 177.01; San Diego County; California,06,073,017701,06073017701,0.7970557308096741,0.0028040658955485456,0.03434980722046968,0.17788293024886084,0.09849281458114266,06,073,017701,-117.30255560093896,33.07624835211268,inland
3264.0,144559.0,41.2,2821.0,0.0,97.0,470.0,146.0,Census Tract 177.02; San Diego County; California,06,073,017702,06073017702,0.8642769607843137,0.0,0.02971813725490196,0.14399509803921567,0.044730392156862746,06,073,017702,-117.29766143558281,33.05743816564417,inland
7195.0,115711.0,41.2,5441.0,174.0,320.0,1211.0,561.0,Census Tract 178.01; San Diego County; California,06,073,017801,06073017801,0.7562195969423211,0.024183460736622656,0.04447533009034051,0.1683113273106324,0.07797081306462822,06,073,017801,-117.33233915283843,33.16958283406114,inland
5802.0,158922.0,54.0,3919.0,0.0,969.0,758.0,172.0,Census Tract 178.08; San Diego County; California,06,073,017808,06073017808,0.6754567390554981,0.0,0.1670113753877973,0.1306446053085143,0.029644950017235435,06,073,017808,-117.2859386969697,33.10060943560606,inland
2479.0,114500.0,44.2,1896.0,1.0,197.0,335.0,111.0,Census Tract 178.09; San Diego County; California,06,073,017809,06073017809,0.7648245260185559,0.0004033884630899556,0.07946752722872126,0.13513513513513514,0.04477611940298507,06,073,017809,-117.32423242145593,33.156815241379306,inland
4983.0,145188.0,48.5,3677.0,4.0,691.0,271.0,202.0,Census Tract 178.10; San Diego County; California,06,073,017810,06073017810,0.737908890226771,0.0008027292795504716,0.13867148304234397,0.05438490868954445,0.040537828617298814,06,073,017810,-117.31545614617939,33.15056423255814,inland
6590.0,167287.0,39.4,5164.0,41.0,645.0,793.0,342.0,Census Tract 178.11; San Diego County; California,06,073,017811,06073017811,0.7836115326251897,0.0062215477996965095,0.09787556904400607,0.12033383915022762,0.05189681335356601,06,073,017811,-117.30635129885057,33.11492677586207,inland
4551.0,132299.0,47.5,3350.0,14.0,252.0,760.0,458.0,Census Tract 178.13; San Diego County; California,06,073,017813,06073017813,0.7361019556141507,0.0030762469786860033,0.055372445616348055,0.16699626455724018,0.1006372225884421,06,073,017813,-117.32312341428572,33.11693146428571,inland
3956.0,72901.0,33.4,2588.0,20.0,252.0,1185.0,391.0,Census Tract 179.01; San Diego County; California,06,073,017901,06073017901,0.654196157735086,0.005055611729019211,0.06370070778564206,0.2995449949443883,0.09883720930232558,06,073,017901,-117.3486008802817,33.16461938028169,inland
2869.0,72863.0,44.2,1588.0,0.0,301.0,1353.0,649.0,Census Tract 179.02; San Diego County; California,06,073,017902,06073017902,0.5535029627047752,0.0,0.10491460439177414,0.47159288950853956,0.2262112234227954,06,073,017902,-117.34000734693878,33.15136467346939,inland
3451.0,96103.0,41.8,2473.0,64.0,127.0,734.0,239.0,Census Tract 180; San Diego County; California,06,073,018000,06073018000,0.7166038829324833,0.01854534917415242,0.036800927267458705,0.21269197334106058,0.06925528832222544,06,073,018000,-117.34997271232876,33.157771116438354,inland
3416.0,116215.0,40.8,2568.0,7.0,64.0,874.0,231.0,Census Tract 181.01; San Diego County; California,06,073,018101,06073018101,0.7517564402810304,0.0020491803278688526,0.01873536299765808,0.25585480093676816,0.06762295081967214,06,073,018101,-117.36160818181818,33.18061328787879,inland
2525.0,87976.0,41.4,1870.0,0.0,53.0,528.0,211.0,Census Tract 181.02; San Diego County; California,06,073,018102,06073018102,0.7405940594059406,0.0,0.02099009900990099,0.2091089108910891,0.08356435643564357,06,073,018102,-117.36031989949748,33.175130185929646,inland
3024.0,75707.0,33.1,1884.0,112.0,5.0,1126.0,383.0,Census Tract 182.01; San Diego County; California,06,073,018201,06073018201,0.623015873015873,0.037037037037037035,0.0016534391534391533,0.3723544973544973,0.12665343915343916,06,073,018201,-117.36926591304348,33.18750791304348,inland
3520.0,82875.0,34.8,1595.0,105.0,14.0,2049.0,516.0,Census Tract 182.02; San Diego County; California,06,073,018202,06073018202,0.453125,0.029829545454545456,0.003977272727272727,0.5821022727272728,0.14659090909090908,06,073,018202,-117.37262587570622,33.193102581920904,inland
889.0,72230.0,51.4,717.0,0.0,51.0,110.0,33.0,Census Tract 183.01; San Diego County; California,06,073,018301,06073018301,0.8065241844769404,0.0,0.05736782902137233,0.12373453318335208,0.03712035995500562,06,073,018301,-117.38511896590909,33.196636017045456,inland
1263.0,67955.0,38.7,963.0,80.0,73.0,180.0,148.0,Census Tract 183.02; San Diego County; California,06,073,018302,06073018302,0.7624703087885986,0.06334125098970704,0.05779889152810768,0.14251781472684086,0.11718131433095803,06,073,018302,-117.37733863218389,33.18830638505747,inland
3497.0,80844.0,37.8,1742.0,192.0,499.0,1165.0,617.0,Census Tract 184; San Diego County; California,06,073,018400,06073018400,0.49814126394052044,0.05490420360308836,0.14269373748927652,0.3331426937374893,0.17643694595367457,06,073,018400,-117.37822827683615,33.19851633333334,inland
6775.0,82279.0,40.8,3618.0,51.0,111.0,2665.0,271.0,Census Tract 185.04; San Diego County; California,06,073,018504,06073018504,0.5340221402214023,0.007527675276752768,0.016383763837638378,0.3933579335793358,0.04,06,073,018504,-117.34146572016462,33.18899953497942,inland
5242.0,61343.0,39.8,1751.0,370.0,446.0,3091.0,1187.0,Census Tract 185.09; San Diego County; California,06,073,018509,06073018509,0.3340328119038535,0.07058374666157954,0.08508202975963373,0.589660434948493,0.22644028996566196,06,073,018509,-117.36056587878788,33.20042467171717,inland
2733.0,56071.0,39.8,1320.0,8.0,178.0,1426.0,538.0,Census Tract 185.10; San Diego County; California,06,073,018510,06073018510,0.4829857299670692,0.0029271862422246614,0.06512989388949872,0.521770947676546,0.19685327478960848,06,073,018510,-117.34277528173375,33.212456241486066,inland
4394.0,75356.0,33.6,2182.0,296.0,100.0,2026.0,851.0,Census Tract 185.11; San Diego County; California,06,073,018511,06073018511,0.4965862539827037,0.06736458807464725,0.02275830678197542,0.46108329540282206,0.19367319071461084,06,073,018511,-117.34448750179212,33.204983870967745,inland
3585.0,54954.0,62.4,2407.0,71.0,162.0,854.0,417.0,Census Tract 185.12; San Diego County; California,06,073,018512,06073018512,0.6714086471408647,0.0198047419804742,0.045188284518828455,0.23821478382147837,0.11631799163179916,06,073,018512,-117.3248257012987,33.218453108225106,inland
5146.0,116042.0,39.3,3695.0,300.0,120.0,1225.0,127.0,Census Tract 185.15; San Diego County; California,06,073,018515,06073018515,0.7180334240186552,0.05829770695685969,0.023319082782743878,0.23804897007384376,0.024679362611737272,06,073,018515,-117.31734984883721,33.191284705426355,inland
3957.0,107440.0,35.3,1934.0,26.0,449.0,1511.0,251.0,Census Tract 185.16; San Diego County; California,06,073,018516,06073018516,0.4887541066464493,0.006570634318928481,0.11346980035380339,0.38185494061157443,0.06343189284811726,06,073,018516,-117.29892658951965,33.19953713537118,inland
4014.0,90478.0,45.2,2444.0,135.0,418.0,881.0,224.0,Census Tract 185.17; San Diego County; California,06,073,018517,06073018517,0.6088689586447434,0.033632286995515695,0.10413552566018934,0.21948181365221725,0.05580468360737419,06,073,018517,-117.30271624074074,33.18842076851852,inland
3315.0,103317.0,39.0,1402.0,56.0,176.0,1928.0,131.0,Census Tract 185.18; San Diego County; California,06,073,018518,06073018518,0.4229260935143288,0.01689291101055807,0.0530920060331825,0.5815987933634993,0.03951734539969834,06,073,018518,-117.29122660958905,33.19060133561644,inland
6001.0,79851.0,31.2,1907.0,172.0,167.0,4113.0,341.0,Census Tract 185.19; San Diego County; California,06,073,018519,06073018519,0.31778036993834363,0.02866188968505249,0.027828695217463756,0.6853857690384936,0.05682386268955174,06,073,018519,-117.28400673333334,33.19575364285714,inland
5394.0,93087.0,32.7,2322.0,161.0,264.0,3025.0,255.0,Census Tract 185.20; San Diego County; California,06,073,018520,06073018520,0.43047830923248054,0.029847979236188357,0.048943270300333706,0.560808305524657,0.047274749721913235,06,073,018520,-117.2996158069498,33.240197185328185,inland
5427.0,110156.0,37.7,2679.0,388.0,783.0,2059.0,285.0,Census Tract 185.21; San Diego County; California,06,073,018521,06073018521,0.49364289662797123,0.07149437995209139,0.14427860696517414,0.37939929979730974,0.05251520176893311,06,073,018521,-117.30911166447368,33.23994404605263,inland
5036.0,124119.0,32.2,2315.0,173.0,674.0,1552.0,153.0,Census Tract 185.22; San Diego County; California,06,073,018522,06073018522,0.4596902303415409,0.03435266084193805,0.13383637807783955,0.30818109610802225,0.030381254964257347,06,073,018522,-117.3101608230563,33.21329365415549,inland
4871.0,102065.0,38.8,2603.0,323.0,845.0,1218.0,202.0,Census Tract 185.23; San Diego County; California,06,073,018523,06073018523,0.5343871894888114,0.06631081913364813,0.17347567234654074,0.25005132416341613,0.041469924040238144,06,073,018523,-117.3107550625,33.22383259765625,inland
3660.0,89779.0,37.3,1954.0,179.0,383.0,1184.0,704.0,Census Tract 185.24; San Diego County; California,06,073,018524,06073018524,0.533879781420765,0.04890710382513661,0.10464480874316939,0.32349726775956283,0.1923497267759563,06,073,018524,-117.29757006276151,33.231953824267784,inland
4003.0,159688.0,47.4,2586.0,96.0,378.0,954.0,139.0,Census Tract 185.25; San Diego County; California,06,073,018525,06073018525,0.6460154883837123,0.02398201348988259,0.09442917811641269,0.23832125905570822,0.03472395703222583,06,073,018525,-117.28593207692307,33.235138923076924,inland
4648.0,116842.0,40.2,2174.0,186.0,526.0,1516.0,153.0,Census Tract 186.01; San Diego County; California,06,073,018601,06073018601,0.4677280550774527,0.040017211703958694,0.11316695352839931,0.3261617900172117,0.03291738382099828,06,073,018601,-117.36715078313253,33.21703070481928,inland
3327.0,127315.0,42.0,1958.0,56.0,114.0,1367.0,80.0,Census Tract 186.08; San Diego County; California,06,073,018608,06073018608,0.5885181845506462,0.016831980763450556,0.034265103697024346,0.41088067327923056,0.024045686804929366,06,073,018608,-117.31659420121952,33.25801258841464,inland
6374.0,83807.0,38.0,2108.0,596.0,378.0,3767.0,901.0,Census Tract 186.09; San Diego County; California,06,073,018609,06073018609,0.33071854408534673,0.09350486350800126,0.059303420144336365,0.5909946658299341,0.14135550674615627,06,073,018609,-117.31379398477158,33.25099380203046,inland
5047.0,143333.0,33.7,2343.0,203.0,608.0,1676.0,516.0,Census Tract 186.12; San Diego County; California,06,073,018612,06073018612,0.46423617990885674,0.04022191400832178,0.12046760451753517,0.33207846245294237,0.10223895383396077,06,073,018612,-117.26797491857508,33.25616595419847,inland
3801.0,88450.0,31.4,1618.0,135.0,224.0,1531.0,188.0,Census Tract 186.13; San Diego County; California,06,073,018613,06073018613,0.4256774533017627,0.035516969218626675,0.058931860036832415,0.4027887398053144,0.04946066824519863,06,073,018613,-117.33286297816593,33.23717485152839,inland
3191.0,66580.0,28.6,1337.0,58.0,46.0,2550.0,262.0,Census Tract 186.15; San Diego County; California,06,073,018615,06073018615,0.4189909119398308,0.018176120338451895,0.014415543716703227,0.799122532121592,0.08210592290817925,06,073,018615,-117.37571397041421,33.20684879289941,inland
3333.0,66733.0,36.5,1392.0,137.0,161.0,2169.0,372.0,Census Tract 186.16; San Diego County; California,06,073,018616,06073018616,0.41764176417641763,0.0411041104110411,0.0483048304830483,0.6507650765076508,0.1116111611161116,06,073,018616,-117.35872091304347,33.214284398550724,inland
3335.0,130500.0,38.3,1504.0,103.0,509.0,1401.0,225.0,Census Tract 186.17; San Diego County; California,06,073,018617,06073018617,0.4509745127436282,0.03088455772113943,0.15262368815592203,0.42008995502248875,0.06746626686656672,06,073,018617,-117.30437596774193,33.26218321505376,inland
3982.0,76573.0,27.9,1160.0,88.0,174.0,3138.0,547.0,Census Tract 186.18; San Diego County; California,06,073,018618,06073018618,0.2913108990457057,0.022099447513812154,0.04369663485685585,0.7880462079357107,0.13736815670517327,06,073,018618,-117.30543993918918,33.25194648648649,inland
4941.0,173072.0,41.4,3303.0,478.0,264.0,670.0,68.0,Census Tract 186.19; San Diego County; California,06,073,018619,06073018619,0.668488160291439,0.09674155029346286,0.05343047965998786,0.1356000809552722,0.013762396276057479,06,073,018619,-117.25801437175326,33.28518234902597,inland
2095.0,83333.0,40.2,721.0,88.0,128.0,1440.0,124.0,Census Tract 186.20; San Diego County; California,06,073,018620,06073018620,0.3441527446300716,0.04200477326968974,0.06109785202863962,0.6873508353221957,0.05918854415274463,06,073,018620,-117.2933214909091,33.25759160909091,inland
1979.0,115250.0,35.9,652.0,163.0,226.0,1129.0,111.0,Census Tract 186.21; San Diego County; California,06,073,018621,06073018621,0.3294593228903487,0.08236483072258717,0.11419909044972208,0.5704901465386559,0.056088933804951994,06,073,018621,-117.33229445522389,33.22775001492537,inland
5008.0,75085.0,30.8,2514.0,553.0,286.0,2012.0,1021.0,Census Tract 186.22; San Diego County; California,06,073,018622,06073018622,0.5019968051118211,0.11042332268370607,0.057108626198083066,0.40175718849840253,0.2038738019169329,06,073,018622,-117.33214787939698,33.23254352763819,inland
40481.0,62998.0,21.6,22239.0,3760.0,1828.0,13887.0,2021.0,Census Tract 187; San Diego County; California,06,073,018700,06073018700,0.5493688397025766,0.09288308095155752,0.04515698722857637,0.3430498258442232,0.04992465601146217,06,073,018700,-117.38964487848932,33.358805077175695,inland
3454.0,101625.0,46.4,2432.0,0.0,238.0,904.0,349.0,Census Tract 188.01; San Diego County; California,06,073,018801,06073018801,0.704111175448755,0.0,0.06890561667631731,0.2617255356108859,0.10104226983207874,06,073,018801,-117.22521322601985,33.34750913781698,coastal
4697.0,101161.0,46.0,3580.0,0.0,87.0,980.0,718.0,Census Tract 188.03; San Diego County; California,06,073,018803,06073018803,0.76218863104109,0.0,0.018522461145411964,0.20864381520119224,0.15286352991271024,06,073,018803,-117.20520080155642,33.281246057393,coastal
4928.0,126161.0,57.6,3806.0,0.0,140.0,719.0,62.0,Census Tract 188.04; San Diego County; California,06,073,018804,06073018804,0.7723214285714286,0.0,0.028409090909090908,0.14590097402597402,0.012581168831168832,06,073,018804,-117.22054446850828,33.3272268839779,coastal
3977.0,135717.0,42.7,2786.0,40.0,176.0,1054.0,182.0,Census Tract 188.05; San Diego County; California,06,073,018805,06073018805,0.7005280362081971,0.010057832537088257,0.04425446316318833,0.2650238873522756,0.045763138043751574,06,073,018805,-117.1851555772812,33.343119972067036,coastal
5819.0,73750.0,30.0,2561.0,67.0,69.0,3360.0,1807.0,Census Tract 189.03; San Diego County; California,06,073,018903,06073018903,0.440109984533425,0.011514005842928339,0.011857707509881422,0.5774188004811823,0.31053445609211205,06,073,018903,-117.2396778627451,33.39702591596638,coastal
6535.0,71307.0,29.7,2960.0,130.0,93.0,4315.0,1094.0,Census Tract 189.04; San Diego County; California,06,073,018904,06073018904,0.45294567712318284,0.019892884468247895,0.01423106350420811,0.6602907421576129,0.1674062739097169,06,073,018904,-117.24220151459855,33.38111322992701,coastal
6095.0,78975.0,31.8,2696.0,347.0,108.0,4217.0,603.0,Census Tract 189.05; San Diego County; California,06,073,018905,06073018905,0.4423297785069729,0.05693191140278917,0.017719442165709597,0.6918785890073831,0.09893355209187858,06,073,018905,-117.24426999261992,33.372154793357936,coastal
6363.0,76410.0,34.0,2861.0,213.0,451.0,3835.0,650.0,Census Tract 189.06; San Diego County; California,06,073,018906,06073018906,0.44963067735344964,0.033474776049033476,0.07087851642307087,0.6027031274556027,0.10215307245010215,06,073,018906,-117.24181207878787,33.360937378787874,coastal
6497.0,128244.0,53.3,4251.0,114.0,268.0,1529.0,513.0,Census Tract 190.01; San Diego County; California,06,073,019001,06073019001,0.6543019855317839,0.0175465599507465,0.04124980760350931,0.23533938740957364,0.07895951977835924,06,073,019001,-117.25299032045241,33.41208195852969,inland
3818.0,130987.0,34.1,2252.0,13.0,373.0,1105.0,290.0,Census Tract 190.02; San Diego County; California,06,073,019002,06073019002,0.5898376113148245,0.0034049240440020955,0.09769512833944474,0.2894185437401781,0.07595599790466212,06,073,019002,-117.13093333513513,33.39128078288288,coastal
5929.0,115254.0,44.6,3969.0,300.0,150.0,1879.0,546.0,Census Tract 191.03; San Diego County; California,06,073,019103,06073019103,0.6694214876033058,0.0505987518974532,0.0252993759487266,0.31691684938438186,0.09208972845336481,06,073,019103,-117.08373725563173,33.27335270617042,coastal
6577.0,118636.0,51.5,4580.0,224.0,344.0,1532.0,559.0,Census Tract 191.05; San Diego County; California,06,073,019105,06073019105,0.6963661243728143,0.034058081192032845,0.05230348183062186,0.2329329481526532,0.08499315797476054,06,073,019105,-117.08678401085271,33.227504278294575,coastal
3018.0,159375.0,39.5,1915.0,24.0,189.0,921.0,220.0,Census Tract 191.07; San Diego County; California,06,073,019107,06073019107,0.6345261762756793,0.007952286282306162,0.06262425447316103,0.305168986083499,0.0728959575878065,06,073,019107,-116.94020917891375,33.18899568370607,coastal
2344.0,96621.0,42.9,1084.0,9.0,78.0,654.0,263.0,Census Tract 191.08; San Diego County; California,06,073,019108,06073019108,0.46245733788395904,0.0038395904436860067,0.033276450511945395,0.2790102389078498,0.11220136518771331,06,073,019108,-117.06780987239868,33.36516458543264,coastal
4300.0,122083.0,44.6,2404.0,65.0,228.0,1559.0,418.0,Census Tract 191.09; San Diego County; California,06,073,019109,06073019109,0.5590697674418604,0.015116279069767442,0.053023255813953486,0.3625581395348837,0.09720930232558139,06,073,019109,-117.07792588107037,33.310118592666,coastal
5108.0,130402.0,37.9,3275.0,61.0,159.0,1809.0,338.0,Census Tract 191.10; San Diego County; California,06,073,019110,06073019110,0.6411511354737667,0.011942051683633517,0.031127642913077524,0.35415035238841036,0.06617071260767424,06,073,019110,-116.99997514238952,33.28036942389525,coastal
4504.0,125366.0,33.4,2494.0,21.0,140.0,2227.0,486.0,Census Tract 191.11; San Diego County; California,06,073,019111,06073019111,0.5537300177619894,0.004662522202486678,0.03108348134991119,0.494449378330373,0.10790408525754884,06,073,019111,-116.99723542419602,33.220199367534455,coastal
2793.0,138000.0,40.5,1510.0,63.0,116.0,1053.0,154.0,Census Tract 192.03; San Diego County; California,06,073,019203,06073019203,0.5406373075546008,0.022556390977443608,0.041532402434658076,0.3770139634801289,0.05513784461152882,06,073,019203,-117.23846671544716,33.23669908943089,coastal
6072.0,62459.0,40.0,2549.0,238.0,494.0,3089.0,399.0,Census Tract 192.05; San Diego County; California,06,073,019205,06073019205,0.4197957839262187,0.03919631093544137,0.0813570487483531,0.5087285902503293,0.06571146245059288,06,073,019205,-117.23629026755853,33.224101441471575,coastal
5865.0,97939.0,31.2,2044.0,119.0,214.0,4208.0,403.0,Census Tract 192.06; San Diego County; California,06,073,019206,06073019206,0.3485080988917306,0.020289855072463767,0.03648763853367434,0.7174765558397272,0.06871270247229326,06,073,019206,-117.23590626104418,33.215656269076305,coastal
3682.0,132891.0,42.6,2442.0,20.0,74.0,1041.0,300.0,Census Tract 192.08; San Diego County; California,06,073,019208,06073019208,0.6632265073329712,0.005431830526887561,0.020097772949483977,0.28272677892449755,0.08147745790331341,06,073,019208,-117.17808160616438,33.211774232876714,coastal
2899.0,141136.0,35.9,1848.0,165.0,124.0,968.0,394.0,Census Tract 192.09; San Diego County; California,06,073,019209,06073019209,0.6374611935150052,0.05691617799241118,0.04277337012763022,0.33390824422214554,0.13590893411521215,06,073,019209,-117.19960021070519,33.23204344944775,coastal
6318.0,74038.0,27.2,2862.0,131.0,163.0,3736.0,878.0,Census Tract 192.10; San Diego County; California,06,073,019210,06073019210,0.452991452991453,0.020734409623298512,0.025799303577081354,0.5913263691041469,0.13896802785691675,06,073,019210,-117.21852366557377,33.22246605245901,coastal
6359.0,112750.0,39.0,4280.0,22.0,513.0,1495.0,372.0,Census Tract 193.01; San Diego County; California,06,073,019301,06073019301,0.6730618021701525,0.003459663469098915,0.08067306180217015,0.23509985846831263,0.05849976411385438,06,073,019301,-117.27603807754011,33.22811215240642,inland
8511.0,124338.0,34.1,5594.0,343.0,621.0,3481.0,276.0,Census Tract 193.03; San Diego County; California,06,073,019303,06073019303,0.6572670661496887,0.040300787216543295,0.07296439901304194,0.4090001174950065,0.032428621783574196,06,073,019303,-117.25110323908918,33.23890418216319,inland
3328.0,103207.0,33.6,2251.0,71.0,196.0,862.0,160.0,Census Tract 193.04; San Diego County; California,06,073,019304,06073019304,0.6763822115384616,0.021334134615384616,0.05889423076923077,0.2590144230769231,0.04807692307692308,06,073,019304,-117.2805759724138,33.218041296551725,inland
4010.0,76768.0,41.0,1934.0,395.0,509.0,1242.0,205.0,Census Tract 193.05; San Diego County; California,06,073,019305,06073019305,0.4822942643391521,0.09850374064837905,0.12693266832917705,0.30972568578553616,0.05112219451371571,06,073,019305,-117.27272181781377,33.22009299190283,inland
5487.0,100227.0,38.5,3056.0,242.0,237.0,2170.0,324.0,Census Tract 194.03; San Diego County; California,06,073,019403,06073019403,0.5569527975214142,0.0441042464005832,0.04319300164024057,0.3954802259887006,0.0590486604702023,06,073,019403,-117.26779779044118,33.20873586397059,inland
3232.0,79896.0,33.4,1264.0,2.0,64.0,2603.0,611.0,Census Tract 194.04; San Diego County; California,06,073,019404,06073019404,0.3910891089108911,0.0006188118811881188,0.019801980198019802,0.8053836633663366,0.1890470297029703,06,073,019404,-117.25229218932039,33.215591747572816,inland
3969.0,76382.0,35.1,1588.0,49.0,370.0,2147.0,220.0,Census Tract 194.05; San Diego County; California,06,073,019405,06073019405,0.400100781053162,0.012345679012345678,0.09322247417485513,0.5409423028470648,0.05542957923910305,06,073,019405,-117.27574620588234,33.197266652941174,inland
4760.0,83590.0,41.4,2274.0,162.0,258.0,2292.0,379.0,Census Tract 194.06; San Diego County; California,06,073,019406,06073019406,0.4777310924369748,0.03403361344537815,0.05420168067226891,0.4815126050420168,0.07962184873949579,06,073,019406,-117.2646750661157,33.19969038842975,inland
3447.0,82750.0,29.7,1075.0,183.0,41.0,2571.0,521.0,Census Tract 195.01; San Diego County; California,06,073,019501,06073019501,0.3118653901943719,0.05308964316797215,0.011894400928343487,0.7458659704090513,0.15114592399187698,06,073,019501,-117.25049466853932,33.20885934831461,inland
5732.0,60078.0,27.8,2025.0,88.0,70.0,4802.0,1078.0,Census Tract 195.02; San Diego County; California,06,073,019502,06073019502,0.3532798325191905,0.015352407536636426,0.012212142358688068,0.8377529658060014,0.18806699232379623,06,073,019502,-117.24046237671233,33.20756394520548,coastal
5163.0,82123.0,33.7,2523.0,27.0,270.0,3236.0,556.0,Census Tract 195.03; San Diego County; California,06,073,019503,06073019503,0.4886693782684486,0.005229517722254503,0.05229517722254503,0.6267673833042805,0.10768932791012976,06,073,019503,-117.24366263859648,33.19892452280701,coastal
6887.0,112981.0,35.2,4401.0,39.0,68.0,2286.0,571.0,Census Tract 196.01; San Diego County; California,06,073,019601,06073019601,0.6390300566284304,0.005662843037607086,0.009873675039930304,0.33192972266589227,0.08290983011470887,06,073,019601,-117.22286845414847,33.205514152838425,coastal
5882.0,110625.0,36.3,3277.0,36.0,262.0,2671.0,791.0,Census Tract 196.02; San Diego County; California,06,073,019602,06073019602,0.5571234274056444,0.006120367222033322,0.04454267256035362,0.4540972458347501,0.13447806868412104,06,073,019602,-117.21826613428121,33.1950906793049,coastal
7374.0,90234.0,39.1,4291.0,592.0,448.0,2667.0,609.0,Census Tract 197.01; San Diego County; California,06,073,019701,06073019701,0.5819094114456197,0.08028207214537564,0.06075400054244643,0.3616761594792514,0.08258746948738813,06,073,019701,-117.26465489913544,33.184978700288184,inland
4915.0,101607.0,40.9,3312.0,50.0,271.0,1863.0,432.0,Census Tract 197.02; San Diego County; California,06,073,019702,06073019702,0.6738555442522889,0.01017293997965412,0.05513733468972533,0.3790437436419125,0.0878942014242116,06,073,019702,-117.24161856840077,33.18536299807322,coastal
5668.0,107813.0,34.7,4018.0,17.0,725.0,949.0,680.0,Census Tract 198.03; San Diego County; California,06,073,019803,06073019803,0.7088920254057869,0.0029992942836979536,0.12791107974594212,0.16743119266055045,0.11997177134791814,06,073,019803,-117.3092282878788,33.17513440909091,inland
4433.0,148618.0,43.6,3556.0,19.0,339.0,553.0,170.0,Census Tract 198.04; San Diego County; California,06,073,019804,06073019804,0.8021655763591248,0.00428603654410106,0.0764719151815926,0.12474622152041506,0.03834874802616738,06,073,019804,-117.31097771428571,33.16500025974026,inland
4111.0,87266.0,37.3,2272.0,128.0,352.0,1241.0,263.0,Census Tract 198.05; San Diego County; California,06,073,019805,06073019805,0.5526635855023109,0.031135976648017514,0.08562393578204816,0.3018730235952323,0.06397470201897348,06,073,019805,-117.28508401244814,33.17967540248963,inland
4667.0,98521.0,61.9,3475.0,84.0,426.0,448.0,82.0,Census Tract 198.08; San Diego County; California,06,073,019808,06073019808,0.7445896721662738,0.01799871437754446,0.09127919434326119,0.09599314334690379,0.017570173559031496,06,073,019808,-117.26098340449438,33.166585786516855,inland
4289.0,132650.0,50.8,2941.0,79.0,356.0,1220.0,112.0,Census Tract 198.09; San Diego County; California,06,073,019809,06073019809,0.6857076241548147,0.01841921193751457,0.08300303100955934,0.284448589414782,0.02611331312660294,06,073,019809,-117.26955870666667,33.177764232,inland
6625.0,116750.0,36.5,4918.0,121.0,644.0,1263.0,1173.0,Census Tract 198.10; San Diego County; California,06,073,019810,06073019810,0.7423396226415094,0.018264150943396226,0.09720754716981132,0.19064150943396227,0.1770566037735849,06,073,019810,-117.2677760293501,33.15772099790357,inland
5977.0,125000.0,44.0,3265.0,74.0,1171.0,1265.0,368.0,Census Tract 198.11; San Diego County; California,06,073,019811,06073019811,0.546260665885896,0.012380793039986616,0.1959176844570855,0.21164463777814957,0.06156934917182533,06,073,019811,-117.27191467699114,33.147147438053096,inland
4234.0,82206.0,34.7,2027.0,168.0,74.0,2137.0,426.0,Census Tract 199.02; San Diego County; California,06,073,019902,06073019902,0.47874350495984885,0.0396787907416155,0.01747756258856873,0.504723665564478,0.10061407652338214,06,073,019902,-117.21737325889968,33.174201333333336,coastal
4779.0,105089.0,37.1,2409.0,167.0,289.0,1945.0,255.0,Census Tract 199.03; San Diego County; California,06,073,019903,06073019903,0.5040803515379787,0.03494454906884285,0.06047290228081188,0.40698890981376856,0.053358443188951665,06,073,019903,-117.19915568468468,33.17926639639639,coastal
5868.0,104458.0,40.6,3977.0,57.0,412.0,1460.0,375.0,Census Tract 199.04; San Diego County; California,06,073,019904,06073019904,0.6777436946148603,0.009713701431492843,0.07021131561008861,0.24880708929788684,0.06390593047034765,06,073,019904,-117.23704433677686,33.17262454752066,coastal
5502.0,107944.0,37.6,2810.0,396.0,605.0,1418.0,173.0,Census Tract 199.05; San Diego County; California,06,073,019905,06073019905,0.5107233733187931,0.07197382769901854,0.10996001454016721,0.25772446383133407,0.03144311159578335,06,073,019905,-117.23204353973509,33.15817655960265,coastal
5818.0,185121.0,45.1,4771.0,10.0,354.0,504.0,260.0,Census Tract 200.15; San Diego County; California,06,073,020015,06073020015,0.8200412512891028,0.0017188037126160192,0.060845651426607084,0.08662770711584737,0.0446888965280165,06,073,020015,-117.24329009803921,33.091281710239656,coastal
3171.0,62702.0,31.9,1378.0,161.0,113.0,2021.0,324.0,Census Tract 200.17; San Diego County; California,06,073,020017,06073020017,0.434563229265216,0.05077262693156733,0.035635446231472724,0.6373383790602334,0.1021759697256386,06,073,020017,-117.22056807079647,33.14979169026548,coastal
7296.0,74026.0,56.4,4215.0,104.0,394.0,2716.0,1219.0,Census Tract 200.19; San Diego County; California,06,073,020019,06073020019,0.5777138157894737,0.01425438596491228,0.05400219298245614,0.37225877192982454,0.16707785087719298,06,073,020019,-117.21764645220588,33.134807018382354,coastal
5287.0,83706.0,37.9,2137.0,49.0,485.0,3266.0,551.0,Census Tract 200.21; San Diego County; California,06,073,020021,06073020021,0.4041989786268205,0.009268015888027236,0.09173444297333082,0.6177416304142236,0.10421789294495934,06,073,020021,-117.17693558685446,33.151976544600934,coastal
4055.0,102574.0,39.3,2867.0,193.0,219.0,1403.0,206.0,Census Tract 200.23; San Diego County; California,06,073,020023,06073020023,0.7070283600493218,0.04759556103575832,0.05400739827373613,0.3459926017262639,0.050801479654747225,06,073,020023,-117.145461940625,33.14695780625,coastal
4203.0,85714.0,44.4,2929.0,51.0,272.0,1575.0,262.0,Census Tract 200.24; San Diego County; California,06,073,020024,06073020024,0.6968831786818939,0.012134189864382585,0.06471567927670711,0.3747323340471092,0.06233642636212229,06,073,020024,-117.12363832170543,33.14660997674419,coastal
5357.0,86080.0,34.4,2951.0,57.0,526.0,1897.0,706.0,Census Tract 200.25; San Diego County; California,06,073,020025,06073020025,0.5508680231472839,0.010640283740899757,0.09818928504760127,0.354116109762927,0.13179018107149523,06,073,020025,-117.128798,33.139849076142134,coastal
4234.0,122750.0,45.7,3149.0,16.0,447.0,661.0,127.0,Census Tract 200.26; San Diego County; California,06,073,020026,06073020026,0.7437411431270666,0.003778932451582428,0.10557392536608408,0.15611714690599907,0.029995276334435522,06,073,020026,-117.19184997735192,33.12623305749129,coastal
3681.0,58147.0,27.3,796.0,89.0,42.0,3365.0,793.0,Census Tract 200.28; San Diego County; California,06,073,020028,06073020028,0.21624558543873948,0.024178212442271124,0.011409942950285249,0.9141537625645205,0.2154305895137191,06,073,020028,-117.16997651948051,33.141787922077924,coastal
6897.0,71301.0,32.3,2647.0,150.0,674.0,4047.0,1405.0,Census Tract 200.29; San Diego County; California,06,073,020029,06073020029,0.383790053646513,0.02174858634188778,0.09772364796288241,0.5867768595041323,0.20371175873568217,06,073,020029,-117.18727646686747,33.13897353313253,coastal
8502.0,180625.0,41.1,5396.0,154.0,1669.0,1938.0,1081.0,Census Tract 200.30; San Diego County; California,06,073,020030,06073020030,0.6346741943072218,0.01811338508586215,0.1963067513526229,0.22794636556104447,0.12714655375205833,06,073,020030,-117.25669050903615,33.114443605421684,inland
6575.0,119681.0,39.5,4339.0,13.0,516.0,2064.0,620.0,Census Tract 200.31; San Diego County; California,06,073,020031,06073020031,0.6599239543726235,0.0019771863117870724,0.07847908745247148,0.3139163498098859,0.09429657794676806,06,073,020031,-117.2384804180602,33.11938845150502,coastal
3313.0,163000.0,49.3,2550.0,141.0,205.0,226.0,68.0,Census Tract 200.32; San Diego County; California,06,073,020032,06073020032,0.7696951403561727,0.042559613643223665,0.06187745246000604,0.06821611832176275,0.02052520374283127,06,073,020032,-117.24701483716474,33.09719780842912,coastal
4259.0,115682.0,39.0,3022.0,117.0,206.0,822.0,397.0,Census Tract 200.33; San Diego County; California,06,073,020033,06073020033,0.709556233857713,0.02747123737966659,0.04836816154026767,0.19300305235970885,0.09321436957032167,06,073,020033,-117.25007769230768,33.09965114027149,inland
2560.0,240587.0,41.6,2062.0,0.0,67.0,144.0,47.0,Census Tract 200.34; San Diego County; California,06,073,020034,06073020034,0.80546875,0.0,0.026171875,0.05625,0.018359375,06,073,020034,-117.25405381632653,33.07040776870748,inland
6246.0,172092.0,45.5,5090.0,65.0,418.0,398.0,150.0,Census Tract 200.35; San Diego County; California,06,073,020035,06073020035,0.8149215497918668,0.010406660262568044,0.06692283061159142,0.06372078130003202,0.024015369836695485,06,073,020035,-117.25239513636365,33.08167602892562,inland
3649.0,71555.0,29.1,1212.0,0.0,267.0,2638.0,788.0,Census Tract 200.36; San Diego County; California,06,073,020036,06073020036,0.33214579336804606,0.0,0.07317073170731707,0.7229377911756646,0.21594957522608935,06,073,020036,-117.20125415517242,33.157396577586205,coastal
4342.0,94222.0,34.3,2296.0,58.0,208.0,2710.0,330.0,Census Tract 200.37; San Diego County; California,06,073,020037,06073020037,0.5287885766927684,0.013357899585444496,0.04790419161676647,0.6241363426992169,0.07600184246890834,06,073,020037,-117.21107608212562,33.14475352173913,coastal
5232.0,157069.0,41.3,2213.0,112.0,2005.0,909.0,393.0,Census Tract 200.38; San Diego County; California,06,073,020038,06073020038,0.42297400611620795,0.021406727828746176,0.38321865443425074,0.17373853211009174,0.07511467889908256,06,073,020038,-117.18064883760682,33.16544721196581,coastal
2038.0,152083.0,38.5,1176.0,9.0,381.0,418.0,105.0,Census Tract 200.39; San Diego County; California,06,073,020039,06073020039,0.577036310107949,0.004416094210009814,0.18694798822374878,0.20510304219823355,0.051521099116781155,06,073,020039,-117.18733391629955,33.1603824185022,coastal
4095.0,140746.0,47.3,2830.0,28.0,412.0,803.0,411.0,Census Tract 200.40; San Diego County; California,06,073,020040,06073020040,0.6910866910866911,0.006837606837606838,0.10061050061050061,0.1960927960927961,0.10036630036630037,06,073,020040,-117.15216588888889,33.15967085333333,coastal
2713.0,79693.0,37.8,986.0,62.0,113.0,1519.0,192.0,Census Tract 200.41; San Diego County; California,06,073,020041,06073020041,0.36343531146332475,0.02285293033542204,0.041651308514559525,0.55989679321784,0.07077036490969407,06,073,020041,-117.15431822167487,33.15368251231527,coastal
4452.0,110199.0,41.9,2422.0,11.0,206.0,1802.0,146.0,Census Tract 200.42; San Diego County; California,06,073,020042,06073020042,0.5440251572327044,0.0024707996406109615,0.046271338724168914,0.40476190476190477,0.032794249775381853,06,073,020042,-117.21599295454544,33.113148518181816,coastal
5468.0,189265.0,37.3,3848.0,42.0,535.0,599.0,449.0,Census Tract 200.43; San Diego County; California,06,073,020043,06073020043,0.703730797366496,0.007681053401609363,0.09784198975859547,0.10954645208485735,0.08211411850768105,06,073,020043,-117.1853686312336,33.10475648031496,coastal
9367.0,207500.0,38.8,6403.0,117.0,1551.0,1525.0,662.0,Census Tract 200.44; San Diego County; California,06,073,020044,06073020044,0.6835699797160243,0.012490658695420091,0.16558129603928687,0.1628055941069713,0.07067364150741967,06,073,020044,-117.19380264048338,33.11266975931521,coastal
4382.0,113875.0,36.3,2831.0,51.0,87.0,1995.0,294.0,Census Tract 201.05; San Diego County; California,06,073,020105,06073020105,0.6460520310360566,0.01163852122318576,0.019853947968963944,0.45527156549520764,0.0670926517571885,06,073,020105,-117.09784358029198,33.15928972992701,coastal
3730.0,93509.0,37.5,1995.0,27.0,169.0,2018.0,619.0,Census Tract 201.06; San Diego County; California,06,073,020106,06073020106,0.5348525469168901,0.007238605898123324,0.045308310991957104,0.5410187667560322,0.16595174262734586,06,073,020106,-117.08693245641027,33.151541415384614,coastal
4772.0,104273.0,31.4,2542.0,36.0,378.0,2529.0,885.0,Census Tract 201.07; San Diego County; California,06,073,020107,06073020107,0.5326906957250629,0.0075440067057837385,0.07921207041072925,0.5299664710813077,0.18545683151718356,06,073,020107,-117.07583138194445,33.15470511458333,coastal
4705.0,66250.0,32.8,1205.0,132.0,386.0,3035.0,673.0,Census Tract 201.08; San Diego County; California,06,073,020108,06073020108,0.2561105207226355,0.02805526036131775,0.0820403825717322,0.6450584484590861,0.1430393198724761,06,073,020108,-117.0864742330827,33.13749264661654,coastal
5004.0,102381.0,38.6,2406.0,2.0,540.0,3141.0,444.0,Census Tract 201.09; San Diego County; California,06,073,020109,06073020109,0.48081534772182255,0.0003996802557953637,0.1079136690647482,0.6276978417266187,0.08872901678657075,06,073,020109,-117.06843134703196,33.14541683105023,coastal
8900.0,136468.0,40.3,5200.0,139.0,1113.0,2946.0,977.0,Census Tract 201.10; San Diego County; California,06,073,020110,06073020110,0.5842696629213483,0.015617977528089888,0.1250561797752809,0.33101123595505616,0.1097752808988764,06,073,020110,-117.05510340798746,33.184837599843384,coastal
3858.0,167534.0,48.3,2381.0,0.0,422.0,1031.0,45.0,Census Tract 201.11; San Diego County; California,06,073,020111,06073020111,0.6171591498185588,0.0,0.10938310005184033,0.26723691031622604,0.01166407465007776,06,073,020111,-117.09555027607362,33.193387559509205,coastal
6792.0,47669.0,33.3,2084.0,241.0,353.0,5458.0,1435.0,Census Tract 202.02; San Diego County; California,06,073,020202,06073020202,0.30683156654888105,0.0354829210836278,0.051972909305064784,0.8035924617196702,0.21127797408716137,06,073,020202,-117.0730222654321,33.13033475308642,coastal
5138.0,71071.0,30.8,1818.0,82.0,115.0,3992.0,596.0,Census Tract 202.06; San Diego County; California,06,073,020206,06073020206,0.3538341767224601,0.015959517321915143,0.02238224990268587,0.7769560140132348,0.11599844297391981,06,073,020206,-117.05934996875,33.142103078125,coastal
4940.0,61950.0,28.2,1097.0,67.0,234.0,4301.0,863.0,Census Tract 202.07; San Diego County; California,06,073,020207,06073020207,0.22206477732793523,0.013562753036437248,0.04736842105263158,0.8706477732793523,0.17469635627530364,06,073,020207,-117.05432848076923,33.13344313461538,coastal
3567.0,104911.0,31.8,1243.0,108.0,232.0,2161.0,302.0,Census Tract 202.08; San Diego County; California,06,073,020208,06073020208,0.3484721054107093,0.030277544154751892,0.06504065040650407,0.6058312307261003,0.08466498458088029,06,073,020208,-117.05292559633027,33.14596384403669,coastal
4715.0,52881.0,36.0,1833.0,163.0,239.0,3153.0,846.0,Census Tract 202.09; San Diego County; California,06,073,020209,06073020209,0.3887592788971368,0.03457051961823966,0.05068928950159067,0.6687168610816543,0.1794273594909862,06,073,020209,-117.04673571666667,33.138461525,coastal
4413.0,64069.0,35.4,2058.0,78.0,219.0,2737.0,598.0,Census Tract 202.10; San Diego County; California,06,073,020210,06073020210,0.4663494221617947,0.017675050985723997,0.04962610469068661,0.6202130070246997,0.135508724223884,06,073,020210,-117.04155966666667,33.14601140860215,coastal
5821.0,61327.0,35.8,3001.0,324.0,192.0,3725.0,814.0,Census Tract 202.11; San Diego County; California,06,073,020211,06073020211,0.5155471568459028,0.055660539426215426,0.03298402336368322,0.6399244116131249,0.13983851571894865,06,073,020211,-117.0634943622449,33.13232264285714,coastal
3962.0,53333.0,30.7,1226.0,23.0,78.0,3249.0,1066.0,Census Tract 202.13; San Diego County; California,06,073,020213,06073020213,0.309439676930843,0.005805148914689551,0.019687026754164564,0.820040383644624,0.2690560323069157,06,073,020213,-117.07764422689075,33.13054994957983,coastal
4855.0,32194.0,33.7,2052.0,112.0,245.0,2896.0,1443.0,Census Tract 202.14; San Diego County; California,06,073,020214,06073020214,0.4226570545829042,0.02306900102986612,0.05046343975283213,0.5964984552008239,0.2972193614830072,06,073,020214,-117.08345751265823,33.12700173417721,coastal
6480.0,140586.0,43.8,4221.0,4.0,619.0,1932.0,190.0,Census Tract 203.04; San Diego County; California,06,073,020304,06073020304,0.6513888888888889,0.0006172839506172839,0.09552469135802469,0.29814814814814816,0.029320987654320986,06,073,020304,-117.13410681818182,33.171249015810275,coastal
5812.0,108814.0,45.3,3613.0,20.0,811.0,1163.0,670.0,Census Tract 203.05; San Diego County; California,06,073,020305,06073020305,0.6216448726772196,0.0034411562284927736,0.13953888506538198,0.2001032346868548,0.11527873365450791,06,073,020305,-117.11125756971154,33.150051485576924,coastal
6512.0,51736.0,42.6,3485.0,389.0,275.0,2463.0,968.0,Census Tract 203.08; San Diego County; California,06,073,020308,06073020308,0.5351658476658476,0.059735872235872234,0.04222972972972973,0.3782248157248157,0.14864864864864866,06,073,020308,-117.09802190643275,33.1371588128655,coastal
4428.0,107313.0,34.1,2092.0,62.0,644.0,1904.0,358.0,Census Tract 203.09; San Diego County; California,06,073,020309,06073020309,0.47244805781391147,0.014001806684733513,0.14543812104787715,0.42999096657633246,0.08084914182475159,06,073,020309,-117.1089105749129,33.13716947735192,coastal
9136.0,119141.0,27.6,5357.0,202.0,998.0,2419.0,640.0,Census Tract 203.10; San Diego County; California,06,073,020310,06073020310,0.586361646234676,0.022110332749562173,0.10923817863397549,0.26477670753064797,0.07005253940455342,06,073,020310,-117.15337411678831,33.11985339781022,coastal
3841.0,108821.0,44.5,2280.0,75.0,465.0,579.0,493.0,Census Tract 203.11; San Diego County; California,06,073,020311,06073020311,0.5935954178599323,0.019526165061181985,0.1210622233793283,0.1507419942723249,0.12835199166883624,06,073,020311,-117.1510801191047,33.10535281055156,coastal
4180.0,111906.0,39.9,2690.0,72.0,570.0,1401.0,149.0,Census Tract 203.12; San Diego County; California,06,073,020312,06073020312,0.6435406698564593,0.01722488038277512,0.13636363636363635,0.33516746411483256,0.035645933014354064,06,073,020312,-117.13589937500001,33.08104855927835,coastal
2575.0,54900.0,57.7,1841.0,143.0,133.0,552.0,407.0,Census Tract 203.13; San Diego County; California,06,073,020313,06073020313,0.7149514563106796,0.05553398058252427,0.051650485436893205,0.21436893203883495,0.15805825242718446,06,073,020313,-117.1144930982143,33.11615223928572,coastal
2336.0,156806.0,56.3,2027.0,0.0,79.0,183.0,87.0,Census Tract 204.01; San Diego County; California,06,073,020401,06073020401,0.867722602739726,0.0,0.033818493150684935,0.0783390410958904,0.03724315068493151,06,073,020401,-117.101428561674,33.0733138722467,coastal
3728.0,117417.0,48.2,1967.0,105.0,316.0,1389.0,265.0,Census Tract 204.03; San Diego County; California,06,073,020403,06073020403,0.5276287553648069,0.028165236051502146,0.08476394849785408,0.37258583690987124,0.07108369098712447,06,073,020403,-117.08053654198473,33.09717829389313,coastal
5512.0,95543.0,38.1,3238.0,245.0,404.0,2148.0,321.0,Census Tract 204.04; San Diego County; California,06,073,020404,06073020404,0.5874455732946299,0.044448476052249636,0.07329462989840348,0.38969521044992744,0.058236574746008705,06,073,020404,-117.10271587784091,33.09512480397728,coastal
3422.0,154018.0,51.3,2764.0,17.0,275.0,272.0,153.0,Census Tract 204.05; San Diego County; California,06,073,020405,06073020405,0.8077147866744594,0.004967855055523086,0.08036236119228521,0.07948568088836938,0.04471069549970777,06,073,020405,-117.08964075574713,33.08183803735632,coastal
4457.0,76989.0,37.5,1615.0,55.0,106.0,2932.0,615.0,Census Tract 205; San Diego County; California,06,073,020500,06073020500,0.3623513574153018,0.012340139107022662,0.0237828135517164,0.6578415974870989,0.13798519183307156,06,073,020500,-117.09054366312057,33.11108218794327,coastal
6000.0,58569.0,33.1,1654.0,92.0,108.0,4300.0,918.0,Census Tract 206.01; San Diego County; California,06,073,020601,06073020601,0.27566666666666667,0.015333333333333332,0.018,0.7166666666666667,0.153,06,073,020601,-117.07769666216215,33.11397246621622,coastal
6372.0,69756.0,36.3,2885.0,223.0,179.0,3620.0,1351.0,Census Tract 206.02; San Diego County; California,06,073,020602,06073020602,0.45276208411801633,0.034996861268047706,0.028091650973006907,0.5681104833647207,0.21202134337727557,06,073,020602,-117.06795269777778,33.11910793333333,coastal
4868.0,126538.0,34.6,2404.0,22.0,482.0,1959.0,378.0,Census Tract 207.05; San Diego County; California,06,073,020705,06073020705,0.4938373048479869,0.0045193097781429745,0.09901396877567789,0.4024239934264585,0.07764995891536565,06,073,020705,-117.05538880362538,33.116104607250755,coastal
6085.0,181521.0,49.2,4621.0,83.0,502.0,928.0,388.0,Census Tract 207.06; San Diego County; California,06,073,020706,06073020706,0.7594083812654068,0.013640098603122432,0.08249794576828266,0.15250616269515202,0.06376335250616269,06,073,020706,-117.03979318637992,33.099059100358424,coastal
5188.0,78281.0,31.2,1635.0,275.0,227.0,3194.0,1000.0,Census Tract 207.07; San Diego County; California,06,073,020707,06073020707,0.3151503469545104,0.05300693909020817,0.043754818812644564,0.6156515034695451,0.19275250578257516,06,073,020707,-117.06919118579235,33.10514747540984,coastal
3755.0,162688.0,43.5,2124.0,30.0,511.0,990.0,209.0,Census Tract 207.08; San Diego County; California,06,073,020708,06073020708,0.5656458055925433,0.007989347536617843,0.13608521970705725,0.2636484687083888,0.05565912117177097,06,073,020708,-117.06452270186335,33.08758319254658,coastal
1763.0,152656.0,52.2,929.0,42.0,284.0,402.0,301.0,Census Tract 207.10; San Diego County; California,06,073,020710,06073020710,0.526942711287578,0.0238230289279637,0.16108905275099264,0.2280204197390811,0.17073170731707318,06,073,020710,-117.01165666081872,33.07113303174603,coastal
3626.0,146250.0,42.7,2393.0,106.0,249.0,1066.0,279.0,Census Tract 207.11; San Diego County; California,06,073,020711,06073020711,0.6599558742415885,0.02923331494760066,0.06867071152785438,0.29398786541643684,0.07694429123000551,06,073,020711,-116.96472155235762,33.131575251071645,coastal
4177.0,135163.0,45.8,2757.0,37.0,127.0,1319.0,278.0,Census Tract 207.12; San Diego County; California,06,073,020712,06073020712,0.66004309312904,0.008858032080440507,0.03040459660043093,0.3157768733540819,0.06655494373952597,06,073,020712,-117.02674580327869,33.13523901873536,coastal
5258.0,155556.0,43.8,4042.0,12.0,172.0,1068.0,357.0,Census Tract 208.01; San Diego County; California,06,073,020801,06073020801,0.7687333586915177,0.002282236591860023,0.032712057816660325,0.20311905667554203,0.06789653860783568,06,073,020801,-116.92400810482087,33.02153543299425,coastal
3358.0,111029.0,43.1,2432.0,0.0,48.0,1134.0,252.0,Census Tract 208.05; San Diego County; California,06,073,020805,06073020805,0.7242406194163192,0.0,0.01429422275163788,0.3377010125074449,0.07504466944609887,06,073,020805,-116.89581768032788,33.02987388797814,coastal
5636.0,74464.0,36.8,4071.0,167.0,115.0,1588.0,601.0,Census Tract 208.06; San Diego County; California,06,073,020806,06073020806,0.7223207948899929,0.029630943931866573,0.020404542228530873,0.2817601135557133,0.10663591199432221,06,073,020806,-116.87684455271565,33.03835103194888,coastal
3234.0,126486.0,50.3,2473.0,45.0,54.0,849.0,309.0,Census Tract 208.07; San Diego County; California,06,073,020807,06073020807,0.7646876932591218,0.013914656771799629,0.016697588126159554,0.2625231910946197,0.09554730983302412,06,073,020807,-116.81829796978131,33.08764306083499,coastal
5030.0,134781.0,44.4,4031.0,5.0,77.0,841.0,86.0,Census Tract 208.10; San Diego County; California,06,073,020810,06073020810,0.8013916500994036,0.0009940357852882703,0.015308151093439365,0.1671968190854871,0.01709741550695825,06,073,020810,-116.78178514753246,33.03315073038961,coastal
5934.0,134261.0,41.3,4246.0,83.0,125.0,1467.0,103.0,Census Tract 208.11; San Diego County; California,06,073,020811,06073020811,0.7155375800471857,0.013987192450286484,0.02106504887091338,0.24721941354903942,0.017357600269632626,06,073,020811,-116.77007137352942,33.00696501529412,coastal
2217.0,51121.0,37.5,1445.0,15.0,0.0,1304.0,84.0,Census Tract 208.12; San Diego County; California,06,073,020812,06073020812,0.6517816869643662,0.006765899864682003,0.0,0.5881822282363555,0.037889039242219216,06,073,020812,-116.86024493362832,33.05729673451327,coastal
6109.0,115163.0,32.4,3694.0,49.0,28.0,3104.0,254.0,Census Tract 208.13; San Diego County; California,06,073,020813,06073020813,0.6046816172859715,0.008020952692748403,0.004583401538713373,0.5081027991487969,0.04157799967261418,06,073,020813,-116.84293735285286,33.03094624324324,coastal
2282.0,111304.0,44.0,1877.0,62.0,0.0,394.0,76.0,Census Tract 209.02; San Diego County; California,06,073,020902,06073020902,0.822524101665206,0.02716914986853637,0.0,0.1726555652936021,0.033304119193689745,06,073,020902,-116.59654767559164,32.94037334323718,coastal
3066.0,69831.0,59.7,2181.0,18.0,145.0,471.0,517.0,Census Tract 209.03; San Diego County; California,06,073,020903,06073020903,0.7113502935420744,0.005870841487279843,0.04729288975864318,0.15362035225048923,0.16862361382909327,06,073,020903,-116.66366313989887,33.14389176547075,coastal
2562.0,82990.0,54.0,2092.0,0.0,0.0,523.0,155.0,Census Tract 209.04; San Diego County; California,06,073,020904,06073020904,0.8165495706479313,0.0,0.0,0.20413739266198283,0.06049960967993755,06,073,020904,-116.62996204078895,33.039402651091535,coastal
1872.0,59885.0,64.1,1350.0,0.0,0.0,481.0,113.0,Census Tract 210.01; San Diego County; California,06,073,021001,06073021001,0.7211538461538461,0.0,0.0,0.2569444444444444,0.060363247863247864,06,073,021001,-116.42631676171465,33.054506089304475,coastal
1649.0,104274.0,54.2,1020.0,1.0,1.0,627.0,59.0,Census Tract 210.02; San Diego County; California,06,073,021002,06073021002,0.6185567010309279,0.0006064281382656155,0.0006064281382656155,0.3802304426925409,0.035779260157671314,06,073,021002,-116.38110616813638,33.248337,coastal
4652.0,59684.0,46.5,2988.0,204.0,17.0,1735.0,865.0,Census Tract 211.01; San Diego County; California,06,073,021101,06073021101,0.6423043852106621,0.043852106620808254,0.003654342218400688,0.3729578675838349,0.1859415305245056,06,073,021101,-116.58088839320388,32.71027628446602,coastal
2966.0,52212.0,44.7,1703.0,9.0,10.0,854.0,959.0,Census Tract 211.02; San Diego County; California,06,073,021102,06073021102,0.574173971679029,0.0030343897505057315,0.0033715441672285905,0.28792987188132163,0.32333108563722185,06,073,021102,-116.38839538180885,32.77962078057554,coastal
3314.0,93370.0,42.3,2496.0,48.0,4.0,569.0,209.0,Census Tract 212.02; San Diego County; California,06,073,021202,06073021202,0.7531683765841883,0.01448400724200362,0.0012070006035003018,0.17169583584791792,0.06306578153289076,06,073,021202,-116.64686628830535,32.825952527612344,coastal
5941.0,138061.0,44.8,5128.0,16.0,108.0,640.0,506.0,Census Tract 212.04; San Diego County; California,06,073,021204,06073021204,0.8631543511193401,0.0026931493014644,0.0181787577848847,0.107725972058576,0.08517084665881165,06,073,021204,-116.75270523263654,32.81543264935941,coastal
7168.0,96402.0,37.1,5189.0,276.0,305.0,1904.0,1046.0,Census Tract 212.05; San Diego County; California,06,073,021205,06073021205,0.7239118303571429,0.03850446428571429,0.04255022321428571,0.265625,0.14592633928571427,06,073,021205,-116.7736907887597,32.830737525193804,coastal
3358.0,135000.0,49.1,2586.0,18.0,57.0,796.0,148.0,Census Tract 212.06; San Diego County; California,06,073,021206,06073021206,0.7701012507444908,0.005360333531864205,0.016974389517569983,0.23704586063132818,0.044073853484216795,06,073,021206,-116.75694216920152,32.85756753612168,coastal
6735.0,127074.0,37.9,4539.0,423.0,136.0,1812.0,425.0,Census Tract 213.02; San Diego County; California,06,073,021302,06073021302,0.6739420935412027,0.06280623608017817,0.020193021529324423,0.2690423162583519,0.06310319227913883,06,073,021302,-116.79293265241911,32.689431791332744,coastal
3215.0,167500.0,41.5,2559.0,18.0,66.0,731.0,81.0,Census Tract 213.04; San Diego County; California,06,073,021304,06073021304,0.7959564541213063,0.005598755832037325,0.02052877138413686,0.22737169517884914,0.025194401244167962,06,073,021304,-116.86174512661871,32.68653842589928,coastal
3936.0,132475.0,47.5,2758.0,18.0,138.0,949.0,53.0,Census Tract 213.05; San Diego County; California,06,073,021305,06073021305,0.7007113821138211,0.004573170731707317,0.0350609756097561,0.24110772357723578,0.013465447154471545,06,073,021305,-116.86737483835617,32.74957935,coastal
5069.0,157008.0,46.1,2706.0,172.0,676.0,2528.0,468.0,Census Tract 213.06; San Diego County; California,06,073,021306,06073021306,0.5338331031761688,0.03393174196093904,0.13335963700927206,0.49871769579798775,0.09232590254488064,06,073,021306,-116.92148023990774,32.69704011188004,coastal
4242.0,102350.0,29.9,3172.0,256.0,150.0,899.0,400.0,Census Tract 214.01; San Diego County; California,06,073,021401,06073021401,0.7477604903347478,0.06034889203206035,0.03536067892503536,0.21192833569071193,0.0942951438000943,06,073,021401,-117.21779967961166,32.73320279611651,coastal
3056.0,97470.0,38.1,1692.0,16.0,157.0,975.0,431.0,Census Tract 214.02; San Diego County; California,06,073,021402,06073021402,0.5536649214659686,0.005235602094240838,0.05137434554973822,0.31904450261780104,0.14103403141361257,06,073,021402,-117.22892197345134,32.7277457079646,coastal
3892.0,250001.0,45.4,2097.0,0.0,1385.0,440.0,35.0,Census Tract 215.01; San Diego County; California,06,073,021501,06073021501,0.53879753340185,0.0,0.35585817060637204,0.1130524152106886,0.008992805755395683,06,073,021501,-117.20835114027149,32.953588832579186,coastal
9042.0,176076.0,37.0,4467.0,44.0,3304.0,653.0,658.0,Census Tract 215.02; San Diego County; California,06,073,021502,06073021502,0.4940278699402787,0.004866180048661801,0.36540588365405885,0.07221853572218535,0.07277151072771511,06,073,021502,-117.18863073607749,32.94996075302664,coastal
2922.0,111023.0,27.8,2177.0,154.0,117.0,865.0,264.0,Census Tract 216; San Diego County; California,06,073,021600,06073021600,0.7450376454483231,0.05270362765229295,0.04004106776180698,0.29603011635865845,0.09034907597535935,06,073,021600,-117.17137429083665,32.67672755776892,coastal
1987.0,213125.0,53.5,1603.0,59.0,118.0,253.0,51.0,Census Tract 218; San Diego County; California,06,073,021800,06073021800,0.8067438349270256,0.029693004529441368,0.059386009058882736,0.12732762959235028,0.025666834423754403,06,073,021800,-117.1822023619403,32.684865093283584,coastal
3089.0,42976.0,32.1,866.0,149.0,207.0,2376.0,607.0,Census Tract 219; San Diego County; California,06,073,021900,06073021900,0.2803496277112334,0.048235674975720295,0.06701197798640336,0.7691809647134995,0.1965037228876659,06,073,021900,-117.10932161130742,32.66595410954064,coastal
4357.0,66801.0,38.2,1288.0,113.0,1347.0,2208.0,296.0,Census Tract 220; San Diego County; California,06,073,022000,06073022000,0.29561624971310535,0.0259352765664448,0.3091576773008951,0.5067707137938949,0.06793665366077577,06,073,022000,-117.08727551824818,32.679864350364966,coastal
2279.0,156678.0,47.0,1686.0,29.0,189.0,77.0,65.0,Census Tract 221.01; San Diego County; California,06,073,022101,06073022101,0.7397981570864415,0.012724879333040808,0.08293111013602457,0.03378674857393594,0.028521281263712155,06,073,022101,-117.29798402906977,33.13405776453488,inland
7322.0,143056.0,40.1,4334.0,147.0,885.0,1619.0,535.0,Census Tract 221.02; San Diego County; California,06,073,022102,06073022102,0.5919147773832286,0.020076481835564052,0.12086861513247746,0.22111444960393334,0.073067467904944,06,073,022102,-117.28181955145118,33.11298328496042,inland
